#
# A fatal error has been detected by the Java Runtime Environment:
#
#  EXCEPTION_ACCESS_VIOLATION (0xc0000005) at pc=0x00007ffa65e5f55d, pid=7056, tid=25336
#
# JRE version: OpenJDK Runtime Environment Temurin-17.0.14+7 (17.0.14+7) (build 17.0.14+7)
# Java VM: OpenJDK 64-Bit Server VM Temurin-17.0.14+7 (17.0.14+7, mixed mode, sharing, tiered, compressed oops, compressed class ptrs, g1 gc, windows-amd64)
# Problematic frame:
# C  0x00007ffa65e5f55d
#
# No core dump will be written. Minidumps are not enabled by default on client versions of Windows
#
# If you would like to submit a bug report, please visit:
#   https://github.com/adoptium/adoptium-support/issues
# The crash happened outside the Java Virtual Machine in native code.
# See problematic frame for where to report the bug.
#

---------------  S U M M A R Y ------------

Command Line: -XX:HeapDumpPath=MojangTricksIntelDriversForPerformance_javaw.exe_minecraft.exe.heapdump -Xss1M -Djava.library.path=. -Djna.tmpdir=. -Dorg.lwjgl.system.SharedLibraryExtractPath=. -Dio.netty.native.workdir=. -Dminecraft.launcher.brand=minecraft-launcher -Dminecraft.launcher.version=2.2.12145 -Djava.net.preferIPv6Addresses=system -DignoreList=bootstraplauncher,securejarhandler,asm-commons,asm-util,asm-analysis,asm-tree,asm,JarJarFileSystems,client-extra,fmlcore,javafmllanguage,lowcodelanguage,mclanguage,forge-,forge-47.4.20.jar,forge-47.4.20 -DmergeModules=jna-5.10.0.jar,jna-platform-5.10.0.jar -DlibraryDirectory=C:\Users\Antoine\curseforge\minecraft\Install\libraries --module-path=C:\Users\Antoine\curseforge\minecraft\Install\libraries/cpw/mods/bootstraplauncher/1.1.2/bootstraplauncher-1.1.2.jar;C:\Users\Antoine\curseforge\minecraft\Install\libraries/cpw/mods/securejarhandler/2.1.10/securejarhandler-2.1.10.jar;C:\Users\Antoine\curseforge\minecraft\Install\libraries/org/ow2/asm/asm-commons/9.9.1/asm-commons-9.9.1.jar;C:\Users\Antoine\curseforge\minecraft\Install\libraries/org/ow2/asm/asm-util/9.9.1/asm-util-9.9.1.jar;C:\Users\Antoine\curseforge\minecraft\Install\libraries/org/ow2/asm/asm-analysis/9.9.1/asm-analysis-9.9.1.jar;C:\Users\Antoine\curseforge\minecraft\Install\libraries/org/ow2/asm/asm-tree/9.9.1/asm-tree-9.9.1.jar;C:\Users\Antoine\curseforge\minecraft\Install\libraries/org/ow2/asm/asm/9.9.1/asm-9.9.1.jar;C:\Users\Antoine\curseforge\minecraft\Install\libraries/net/minecraftforge/JarJarFileSystems/0.3.19/JarJarFileSystems-0.3.19.jar --add-modules=ALL-MODULE-PATH --add-opens=java.base/java.util.jar=cpw.mods.securejarhandler --add-opens=java.base/java.lang.invoke=cpw.mods.securejarhandler --add-exports=java.base/sun.security.util=cpw.mods.securejarhandler --add-exports=jdk.naming.dns/com.sun.jndi.dns=java.naming -Xmx8576m -Xms256m -Dminecraft.applet.TargetDirectory=C:\Users\Antoine\curseforge\minecraft\Instances\Servidor de Aventuras - Season 2 -Dfml.ignorePatchDiscrepancies=true -Dfml.ignoreInvalidMinecraftCertificates=true -Duser.language=en -Duser.country=US -DCFInstanceId=cd666c4a-05bc-4e15-9355-7f5844d48c06 -DlibraryDirectory=C:\Users\Antoine\curseforge\minecraft\Install\libraries -Dlog4j.configurationFile=C:\Users\Antoine\curseforge\minecraft\Install\assets\log_configs\client-1.12.xml cpw.mods.bootstraplauncher.BootstrapLauncher --username AntoineCra --version forge-47.4.20 --gameDir C:\Users\Antoine\curseforge\minecraft\Instances\Servidor de Aventuras - Season 2 --assetsDir C:\Users\Antoine\curseforge\minecraft\Install\assets --assetIndex 5 --uuid c3a0fe159fc546d789bf7350618f5e4d --accessToken eyJraWQiOiIwNDkxODEiLCJhbGciOiJSUzI1NiJ9.eyJ4dWlkIjoiMjUzNTQ1NDExMjk3NzA5NSIsImFnZyI6IkFkdWx0Iiwic3ViIjoiYjg5OTVmMjMtNWJlZi00ZTFiLThkN2QtYWVjMWM0M2Q4ODM0IiwiYXV0aCI6IlhCT1giLCJucyI6ImRlZmF1bHQiLCJyb2xlcyI6W10sImlzcyI6ImF1dGhlbnRpY2F0aW9uIiwiZmxhZ3MiOlsibXVsdGlwbGF5ZXIiXSwicHJvZmlsZXMiOnsibWMiOiJjM2EwZmUxNS05ZmM1LTQ2ZDctODliZi03MzUwNjE4ZjVlNGQifSwicG1pZCI6IjZlYzJmNmE0LTVhNDktNTVjMC1iZjNjLTVlNTQ4NWQxYmJhZiIsInBsYXRmb3JtIjoiUENfTEFVTkNIRVIiLCJ0aWQiOiJFOTlCMCIsInBmZCI6W3sidHlwZSI6Im1jIiwiaWQiOiJjM2EwZmUxNS05ZmM1LTQ2ZDctODliZi03MzUwNjE4ZjVlNGQiLCJuYW1lIjoiQW50b2luZUNyYSJ9XSwieGlkIjoiMjUzNTQ1NDExMjk3NzA5NSIsIm5iZiI6MTc4MTI5MzYzNywiZXhwIjoxNzgxMzgwMDM3LCJpYXQiOjE3ODEyOTM2MzcsImFpZCI6IjAwMDAwMDAwLTAwMDAtMDAwMC0wMDAwLTAwMDA0MDJiNTMyOCJ9.Pt1Hje_vfUsmLemsLDIXRslt5NUMHxBRi808paN87NfnDXsYRsSLVi-WCQEV6tRxKWXFUi_rb6I2wfq91JOUsMgHPyyeazE5nsb4CIwXW88ndk3z77pv00c1Enqu2PUlKRqtMzLmEmoVwzrP5HL6HppIAMGS9m1LRoSlLn-Vc4QUvMkyeYx-_aXOknKVe_XSwu5SHzPXST5Ok_59Px5b8bvSBvUaFMx1QiI7ArhPW3son6_dnko7Dl8YOa1rnlpiHO3o7FWx8mvzRmcMS5i8BaSIzrH3xDvetUg1UpNmzBGzSc80lCMtssD3IpPoCVyeV9Jp2zolGw4-vMhcprT84w --clientId M2ZiOTYyMDUtZGY3Zi00YzQ4LTk3YTktY2UwMTNjYzRhNGY5 --xuid 2535454112977095 --userType msa --versionType release --width 1024 --height 768 --launchTarget forgeclient --fml.forgeVersion 47.4.20 --fml.mcVersion 1.20.1 --fml.forgeGroup net.minecraftforge --fml.mcpVersion 20230612.114412

Host: AMD Ryzen 9 5900HS with Radeon Graphics        , 16 cores, 15G,  Windows 11 , 64 bit Build 26100 (10.0.26100.8521)
Time: Fri Jun 12 23:20:47 2026 Central Europe Daylight Time elapsed time: 5547.188807 seconds (0d 1h 32m 27s)

---------------  T H R E A D  ---------------

Current thread (0x000002cc82643410):  JavaThread "Render thread" [_thread_in_native, id=25336, stack(0x000000fa5b600000,0x000000fa5b700000)]

Stack: [0x000000fa5b600000,0x000000fa5b700000],  sp=0x000000fa5b6fb3f0,  free space=1004k
Native frames: (J=compiled Java code, j=interpreted, Vv=VM code, C=native code)
C  0x00007ffa65e5f55d

Java frames: (J=compiled Java code, j=interpreted, Vv=VM code)
J 5594  org.lwjgl.system.JNI.invokePV(JJ)V org.lwjgl@3.3.1+7 (0 bytes) @ 0x000002cc936b56ec [0x000002cc936b56a0+0x000000000000004c]
J 50912 c2 com.mojang.blaze3d.platform.Window.m_85435_()V minecraft@1.20.1 (40 bytes) @ 0x000002cc95f74c88 [0x000002cc95f74900+0x0000000000000388]
J 77531 c2 net.minecraft.client.Minecraft.m_91383_(Z)V minecraft@1.20.1 (1210 bytes) @ 0x000002cc972e4284 [0x000002cc972e22a0+0x0000000000001fe4]
J 89912% c2 net.minecraft.client.Minecraft.m_91374_()V minecraft@1.20.1 (291 bytes) @ 0x000002cc99229cd8 [0x000002cc99229b00+0x00000000000001d8]
j  net.minecraft.client.main.Main.main([Ljava/lang/String;)V+1570 minecraft@1.20.1
v  ~StubRoutines::call_stub
J 9889  jdk.internal.reflect.NativeMethodAccessorImpl.invoke0(Ljava/lang/reflect/Method;Ljava/lang/Object;[Ljava/lang/Object;)Ljava/lang/Object; java.base@17.0.14 (0 bytes) @ 0x000002cc93853727 [0x000002cc938536a0+0x0000000000000087]
j  jdk.internal.reflect.NativeMethodAccessorImpl.invoke(Ljava/lang/Object;[Ljava/lang/Object;)Ljava/lang/Object;+133 java.base@17.0.14
J 13818 c1 jdk.internal.reflect.DelegatingMethodAccessorImpl.invoke(Ljava/lang/Object;[Ljava/lang/Object;)Ljava/lang/Object; java.base@17.0.14 (10 bytes) @ 0x000002cc8c7d2f4c [0x000002cc8c7d2e40+0x000000000000010c]
J 13817 c1 java.lang.reflect.Method.invoke(Ljava/lang/Object;[Ljava/lang/Object;)Ljava/lang/Object; java.base@17.0.14 (65 bytes) @ 0x000002cc8c7d3634 [0x000002cc8c7d3300+0x0000000000000334]
j  net.minecraftforge.fml.loading.targets.CommonLaunchHandler.runTarget(Ljava/lang/String;[Ljava/lang/String;Ljava/lang/ModuleLayer;)V+39 fmlloader@1.20.1-47.4.20
j  net.minecraftforge.fml.loading.targets.CommonLaunchHandler.clientService([Ljava/lang/String;Ljava/lang/ModuleLayer;)V+5 fmlloader@1.20.1-47.4.20
j  net.minecraftforge.fml.loading.targets.CommonClientLaunchHandler.lambda$makeService$0([Ljava/lang/String;Ljava/lang/ModuleLayer;)V+3 fmlloader@1.20.1-47.4.20
j  net.minecraftforge.fml.loading.targets.CommonClientLaunchHandler$$Lambda$1570+0x000002ccb46be538.run()V+12 fmlloader@1.20.1-47.4.20
j  cpw.mods.modlauncher.LaunchServiceHandlerDecorator.launch([Ljava/lang/String;Ljava/lang/ModuleLayer;)V+11 cpw.mods.modlauncher@10.0.9
j  cpw.mods.modlauncher.LaunchServiceHandler.launch(Ljava/lang/String;[Ljava/lang/String;Ljava/lang/ModuleLayer;Lcpw/mods/modlauncher/TransformingClassLoader;Lcpw/mods/modlauncher/LaunchPluginHandler;)V+58 cpw.mods.modlauncher@10.0.9
j  cpw.mods.modlauncher.LaunchServiceHandler.launch(Lcpw/mods/modlauncher/ArgumentHandler;Ljava/lang/ModuleLayer;Lcpw/mods/modlauncher/TransformingClassLoader;Lcpw/mods/modlauncher/LaunchPluginHandler;)V+21 cpw.mods.modlauncher@10.0.9
j  cpw.mods.modlauncher.Launcher.run([Ljava/lang/String;)V+307 cpw.mods.modlauncher@10.0.9
j  cpw.mods.modlauncher.Launcher.main([Ljava/lang/String;)V+78 cpw.mods.modlauncher@10.0.9
j  cpw.mods.modlauncher.BootstrapLaunchConsumer.accept([Ljava/lang/String;)V+1 cpw.mods.modlauncher@10.0.9
j  cpw.mods.modlauncher.BootstrapLaunchConsumer.accept(Ljava/lang/Object;)V+5 cpw.mods.modlauncher@10.0.9
j  cpw.mods.bootstraplauncher.BootstrapLauncher.main([Ljava/lang/String;)V+515 cpw.mods.bootstraplauncher@1.1.2
v  ~StubRoutines::call_stub

siginfo: EXCEPTION_ACCESS_VIOLATION (0xc0000005), reading address 0x0000000000000000


Registers:
RAX=0x000002cdd2b9a800, RBX=0x000002ccf9573030, RCX=0x0000000000000000, RDX=0x0000000000000000
RSP=0x000000fa5b6fb3f0, RBP=0x000000fa5b6fb4f0, RSI=0x0000000000000008, RDI=0x000002cd98da81c0
R8 =0x000002cd9b027e90, R9 =0x000002cc8200f780, R10=0x000002cc82000000, R11=0x0000000000000246
R12=0x000002cdd9c6ee80, R13=0x000000000000000f, R14=0x0000000000000008, R15=0x0000000000000000
RIP=0x00007ffa65e5f55d, EFLAGS=0x0000000000010246


Register to memory mapping:

RIP=0x00007ffa65e5f55d points into unknown readable memory: 48 8b 01
RAX=0x000002cdd2b9a800 points into unknown readable memory: 0x65f42149000a0000 | 00 00 0a 00 49 21 f4 65
RBX=0x000002ccf9573030 points into unknown readable memory: 0x0000000000000000 | 00 00 00 00 00 00 00 00
RCX=0x0 is NULL
RDX=0x0 is NULL
RSP=0x000000fa5b6fb3f0 is pointing into the stack for thread: 0x000002cc82643410
RBP=0x000000fa5b6fb4f0 is pointing into the stack for thread: 0x000002cc82643410
RSI=0x0000000000000008 is an unknown value
RDI=0x000002cd98da81c0 points into unknown readable memory: 0x000002cdd9c6ee70 | 70 ee c6 d9 cd 02 00 00
R8 =0x000002cd9b027e90 points into unknown readable memory: 0x000002cd98da81c0 | c0 81 da 98 cd 02 00 00
R9 =0x000002cc8200f780 points into unknown readable memory: 0x000002cc82000db0 | b0 0d 00 82 cc 02 00 00
R10=0x000002cc82000000 points into unknown readable memory: 0x0000000000000000 | 00 00 00 00 00 00 00 00
R11=0x0000000000000246 is an unknown value
R12=0x000002cdd9c6ee80 points into unknown readable memory: 0x000002cd98da81c0 | c0 81 da 98 cd 02 00 00
R13=0x000000000000000f is an unknown value
R14=0x0000000000000008 is an unknown value
R15=0x0 is NULL


Top of Stack: (sp=0x000000fa5b6fb3f0)
0x000000fa5b6fb3f0:   000002cd9b45a8c8 000002cd00000000
0x000000fa5b6fb400:   000002ccf9573170 0000000000000000
0x000000fa5b6fb410:   0000000000000000 000002cddb5721a0
0x000000fa5b6fb420:   000002cdffffffff 00007ffa696dc3f1
0x000000fa5b6fb430:   000002cd9b45b380 000002cd3b791f68
0x000000fa5b6fb440:   000002cdd43ca970 000002cdd43ca990
0x000000fa5b6fb450:   0000000000000000 000002cd8665a650
0x000000fa5b6fb460:   000002cd9b45b380 000002ccfa4706a0
0x000000fa5b6fb470:   000002cdd43ca970 000002cdd43ca990
0x000000fa5b6fb480:   0000000000000000 000002cd8665a650
0x000000fa5b6fb490:   000002cd9b133e60 00007ffa66ca4740
0x000000fa5b6fb4a0:   000002cd9b45b380 000002ccfa4706a0
0x000000fa5b6fb4b0:   000002cdd43ca5b0 0000000000000000
0x000000fa5b6fb4c0:   000002cdd43ca970 000002cdd43ca990
0x000000fa5b6fb4d0:   000002ccf9cea301 0000000000000000
0x000000fa5b6fb4e0:   0000000000000000 0000000000000000
0x000000fa5b6fb4f0:   0000000000000000 0000000000000000
0x000000fa5b6fb500:   000002cd9b44e2d0 00007ffa66ca4740
0x000000fa5b6fb510:   000002ccf9cea301 0000000000000000
0x000000fa5b6fb520:   000002cd865ac92c 000002ccf9cea301
0x000000fa5b6fb530:   0000000000000000 000002ccf9f17db0
0x000000fa5b6fb540:   0000000000000000 000002cd99a80c98
0x000000fa5b6fb550:   0000000000000000 000002cd9b44e2d0
0x000000fa5b6fb560:   000002ccf8008aa8 00007ffa6637d484
0x000000fa5b6fb570:   000002cd9b44e2d0 000002cdd9c6ee70
0x000000fa5b6fb580:   000002cd00000000 000002cd00000000
0x000000fa5b6fb590:   000002cd9b4443c0 00007ffb2349a16b
0x000000fa5b6fb5a0:   000000009b444301 000002cd9b4443c0
0x000000fa5b6fb5b0:   0000000000000000 00007ffb262b366b
0x000000fa5b6fb5c0:   000002cd9b4443c0 0000000100000000
0x000000fa5b6fb5d0:   0000000000000000 00007ffb262b366b
0x000000fa5b6fb5e0:   0000000000000000 00007ffb2349dd66 

Instructions: (pc=0x00007ffa65e5f55d)
0x00007ffa65e5f45d:   00 00 00 48 85 c9 74 24 f7 07 00 00 00 40 74 05
0x00007ffa65e5f46d:   e8 c2 93 e1 00 81 27 00 00 00 e0 81 a3 b8 00 00
0x00007ffa65e5f47d:   00 00 00 00 e0 4c 89 a3 b0 00 00 00 48 8b 8b c0
0x00007ffa65e5f48d:   00 00 00 48 85 c9 74 2c f7 83 cc 00 00 00 00 00
0x00007ffa65e5f49d:   00 40 74 05 e8 8e 93 e1 00 81 a3 cc 00 00 00 00
0x00007ffa65e5f4ad:   00 00 e0 81 a3 c8 00 00 00 00 00 00 e0 4c 89 a3
0x00007ffa65e5f4bd:   c0 00 00 00 48 8b 8b b0 00 00 00 48 85 c9 74 24
0x00007ffa65e5f4cd:   f7 07 00 00 00 40 74 05 e8 5a 93 e1 00 81 27 00
0x00007ffa65e5f4dd:   00 00 e0 81 a3 b8 00 00 00 00 00 00 e0 4c 89 a3
0x00007ffa65e5f4ed:   b0 00 00 00 ba 60 01 00 00 48 8b cb e8 36 93 e1
0x00007ffa65e5f4fd:   00 4c 89 a6 88 e6 00 00 4c 8b be 80 e6 00 00 4c
0x00007ffa65e5f50d:   89 bd 88 00 00 00 4d 85 ff 0f 84 38 01 00 00 be
0x00007ffa65e5f51d:   08 00 00 00 4d 8d 67 08 44 8d 6e 08 0f 1f 80 00
0x00007ffa65e5f52d:   00 00 00 49 8b 3c 24 48 85 ff 0f 84 ec 00 00 00
0x00007ffa65e5f53d:   4c 8b 47 60 4d 85 c0 74 6b 45 33 ff 0f 1f 80 00
0x00007ffa65e5f54d:   00 00 00 49 39 38 75 4c 49 8b 40 10 48 8b 48 30
0x00007ffa65e5f55d:   48 8b 01 ff 48 2c 49 8b 48 18 49 3b c8 75 06 4c
0x00007ffa65e5f56d:   89 7f 60 eb 22 49 8b 40 20 48 89 48 18 49 8b 50
0x00007ffa65e5f57d:   18 49 8b 40 20 48 89 42 20 4c 39 47 60 75 08 49
0x00007ffa65e5f58d:   8b 40 20 48 89 47 60 ba 28 00 00 00 49 8b c8 e8
0x00007ffa65e5f59d:   93 92 e1 00 4c 8b 47 60 4d 85 c0 75 a6 4c 8b bd
0x00007ffa65e5f5ad:   88 00 00 00 48 8d 5f 30 4c 8b f6 33 c9 66 0f 1f
0x00007ffa65e5f5bd:   44 00 00 83 7b e0 00 74 21 49 8b 0f 48 8b 01 ff
0x00007ffa65e5f5cd:   90 a0 03 00 00 8b 53 e0 48 8b c8 4c 8b 00 41 ff
0x00007ffa65e5f5dd:   90 d8 00 00 00 33 c9 89 4b e0 83 3b 00 74 1f 49
0x00007ffa65e5f5ed:   8b 0f 48 8b 01 ff 90 a0 03 00 00 8b 13 48 8b c8
0x00007ffa65e5f5fd:   4c 8b 00 41 ff 90 d8 00 00 00 33 c9 89 0b 48 83
0x00007ffa65e5f60d:   c3 04 49 83 ee 01 75 ab 8b 47 08 41 8d 56 68 49
0x00007ffa65e5f61d:   89 4c c7 08 48 8b cf e8 0b 92 e1 00 4c 03 e6 49
0x00007ffa65e5f62d:   83 ed 01 0f 85 fa fe ff ff ba 88 00 00 00 49 8b
0x00007ffa65e5f63d:   cf e8 f1 91 e1 00 48 8b b5 80 00 00 00 45 33 e4
0x00007ffa65e5f64d:   4c 89 a6 80 e6 00 00 48 8b 8e e0 c5 00 00 48 85 


Stack slot to memory mapping:
stack at sp + 0 slots: 0x000002cd9b45a8c8 points into unknown readable memory: 0x0000000000000000 | 00 00 00 00 00 00 00 00
stack at sp + 1 slots: 0x000002cd00000000 points into unknown readable memory: 0x0000000000000000 | 00 00 00 00 00 00 00 00
stack at sp + 2 slots: 0x000002ccf9573170 points into unknown readable memory: 0xffffffff00000000 | 00 00 00 00 ff ff ff ff
stack at sp + 3 slots: 0x0 is NULL
stack at sp + 4 slots: 0x0 is NULL
stack at sp + 5 slots: 0x000002cddb5721a0 points into unknown readable memory: 0x00007ffb23629108 | 08 91 62 23 fb 7f 00 00
stack at sp + 6 slots: 0x000002cdffffffff points into unknown readable memory: 00
stack at sp + 7 slots: 0x00007ffa696dc3f1 points into unknown readable memory: c3 6d 69 fa 7f 00 00


Compiled method (n/a) 5547656 5594     n 0       org.lwjgl.system.JNI::invokePV (native)
 total in heap  [0x000002cc936b5510,0x000002cc936b58c8] = 952
 relocation     [0x000002cc936b5668,0x000002cc936b5698] = 48
 main code      [0x000002cc936b56a0,0x000002cc936b58c0] = 544
 oops           [0x000002cc936b58c0,0x000002cc936b58c8] = 8

[Constant Pool (empty)]

[MachCode]
[Entry Point]
  # {method} {0x000002ccf4e86f40} 'invokePV' '(JJ)V' in 'org/lwjgl/system/JNI'
  # parm0:    rdx:rdx   = long
  # parm1:    r8:r8     = long
  #           [sp+0x70]  (sp of caller)
  0x000002cc936b56a0: 448b 5208 | 49bb 0000 | 00b3 cc02 | 0000 4d03 | d349 3bc2 | 0f84 0600 

  0x000002cc936b56b8: ;   {runtime_call ic_miss_stub}
  0x000002cc936b56b8: 0000 e9c1 | b957 ff90 
[Verified Entry Point]
  0x000002cc936b56c0: 8984 2400 | 90ff ff55 | 488b ec48 | 83ec 604d | 8bc8 4c8b 

  0x000002cc936b56d4: ;   {oop(a 'java/lang/Class'{0x00000005f0981178} = 'org/lwjgl/system/JNI')}
  0x000002cc936b56d4: c249 be78 | 1198 f005 | 0000 004c | 8974 2450 | 4c8d 7424 | 5049 8bd6 

  0x000002cc936b56ec: ;   {internal_word}
  0x000002cc936b56ec: c5f8 7749 | baec 566b | 93cc 0200 | 004d 8997 | a002 0000 | 4989 a798 

  0x000002cc936b5704: ;   {external_word}
  0x000002cc936b5704: 0200 0049 | ba7e c6de | 97fa 7f00 | 0041 803a | 000f 8452 | 0000 0052 | 4150 4151 

  0x000002cc936b5720: ;   {metadata({method} {0x000002ccf4e86f40} 'invokePV' '(JJ)V' in 'org/lwjgl/system/JNI')}
  0x000002cc936b5720: 48ba 386f | e8f4 cc02 | 0000 498b | cf48 83ec | 20f7 c40f | 0000 000f | 841a 0000 | 0048 83ec 
  0x000002cc936b5740: ;   {runtime_call}
  0x000002cc936b5740: 0849 ba00 | 8b94 97fa | 7f00 0041 | ffd2 4883 | c408 e90d 

  0x000002cc936b5754: ;   {runtime_call}
  0x000002cc936b5754: 0000 0049 | ba00 8b94 | 97fa 7f00 | 0041 ffd2 | 4883 c420 | 4159 4158 | 5a49 8d8f | b802 0000 
  0x000002cc936b5774: 41c7 8748 | 0300 0004 

  0x000002cc936b577c: ;   {runtime_call}
  0x000002cc936b577c: 0000 0049 | ba80 1339 | ddfa 7f00 | 0041 ffd2 | c5f8 7741 | c787 4803 | 0000 0500 | 0000 f083 
  0x000002cc936b579c: 4424 c000 | 493b af50 | 0300 000f | 8711 0000 | 0041 81bf | 3803 0000 | 0000 0000 | 0f84 2400 
  0x000002cc936b57bc: 0000 c5f8 | 7749 8bcf | 4c8b e448 | 83ec 2048 

  0x000002cc936b57cc: ;   {runtime_call}
  0x000002cc936b57cc: 83e4 f049 | ba40 99a4 | 97fa 7f00 | 0041 ffd2 | 498b e44d | 33e4 41c7 | 8748 0300 | 0008 0000 
  0x000002cc936b57ec: 0041 81bf | b803 0000 | 0200 0000 | 0f84 9b00 

  0x000002cc936b57fc: ;   {external_word}
  0x000002cc936b57fc: 0000 49ba | 7ec6 de97 | fa7f 0000 | 4180 3a00 | 0f84 4800 

  0x000002cc936b5810: ;   {metadata({method} {0x000002ccf4e86f40} 'invokePV' '(JJ)V' in 'org/lwjgl/system/JNI')}
  0x000002cc936b5810: 0000 48ba | 386f e8f4 | cc02 0000 | 498b cf48 | 83ec 20f7 | c40f 0000 | 000f 841a | 0000 0048 
  0x000002cc936b5830: ;   {runtime_call}
  0x000002cc936b5830: 83ec 0849 | ba00 8b94 | 97fa 7f00 | 0041 ffd2 | 4883 c408 | e90d 0000 

  0x000002cc936b5848: ;   {runtime_call}
  0x000002cc936b5848: 0049 ba00 | 8b94 97fa | 7f00 0041 | ffd2 4883 | c420 49c7 | 8798 0200 | 0000 0000 | 0049 c787 
  0x000002cc936b5868: a002 0000 | 0000 0000 | c5f8 7749 | 8b8f d800 | 0000 c781 | 0001 0000 | 0000 0000 | c949 817f 
  0x000002cc936b5888: 0800 0000 | 000f 8501 | 0000 00c3 

  0x000002cc936b5894: ;   {runtime_call StubRoutines (1)}
  0x000002cc936b5894: e967 b652 | ffc5 f877 | 4c8b e448 | 83ec 2048 

  0x000002cc936b58a4: ;   {runtime_call}
  0x000002cc936b58a4: 83e4 f049 | ba20 bc94 | 97fa 7f00 | 0041 ffd2 | 498b e44d | 33e4 e93f | ffff fff4 
[/MachCode]


Compiled method (c2) 5547675 50912       4       com.mojang.blaze3d.platform.Window::m_85435_ (40 bytes)
 total in heap  [0x000002cc95f74690,0x000002cc95f75ac8] = 5176
 relocation     [0x000002cc95f747e8,0x000002cc95f748c8] = 224
 constants      [0x000002cc95f748e0,0x000002cc95f74900] = 32
 main code      [0x000002cc95f74900,0x000002cc95f75280] = 2432
 stub code      [0x000002cc95f75280,0x000002cc95f75300] = 128
 oops           [0x000002cc95f75300,0x000002cc95f75330] = 48
 metadata       [0x000002cc95f75330,0x000002cc95f75470] = 320
 scopes data    [0x000002cc95f75470,0x000002cc95f75770] = 768
 scopes pcs     [0x000002cc95f75770,0x000002cc95f75980] = 528
 dependencies   [0x000002cc95f75980,0x000002cc95f759b0] = 48
 handler table  [0x000002cc95f759b0,0x000002cc95f75a88] = 216
 nul chk table  [0x000002cc95f75a88,0x000002cc95f75ac8] = 64


[Constant Pool]
             Address          hex4                    hex8      
  0x000002cc95f748e0:   0x00000000      0x41cdcd6500000000      
  0x000002cc95f748e4:   0x41cdcd65                              
  0x000002cc95f748e8:   0xf4f4f4f4      0xf4f4f4f4f4f4f4f4      
  0x000002cc95f748ec:   0xf4f4f4f4                              
  0x000002cc95f748f0:   0xf4f4f4f4      0xf4f4f4f4f4f4f4f4      
  0x000002cc95f748f4:   0xf4f4f4f4                              
  0x000002cc95f748f8:   0xf4f4f4f4      0xf4f4f4f4f4f4f4f4      
  0x000002cc95f748fc:   0xf4f4f4f4                              

[MachCode]
[Entry Point]
  # {method} {0x000002cd18f4f0c8} 'm_85435_' '()V' in 'com/mojang/blaze3d/platform/Window'
  #           [sp+0x60]  (sp of caller)
  0x000002cc95f74900: ;   {no_reloc}
  0x000002cc95f74900: 448b 5208 | 49bb 0000 | 00b3 cc02 | 0000 4d03 | d349 3bc2 

  0x000002cc95f74914: ;   {runtime_call ic_miss_stub}
  0x000002cc95f74914: 0f85 66c7 | cbfc 6690 | 0f1f 4000 
[Verified Entry Point]
  0x000002cc95f74920: 8984 2400 | 90ff ff55 | 4883 ec50 | 4889 5424 | 284c 8b72 

  0x000002cc95f74934: ;   {oop(a 'java/lang/Class'{0x000000061dab3cc8} = 'com/mojang/blaze3d/systems/RenderSystem')}
  0x000002cc95f74934: 1049 bac8 | 3cab 1d06 | 0000 0041 | c682 0401 

  0x000002cc95f74944: ;   {oop(a 'java/util/concurrent/ConcurrentLinkedQueue'{0x000000061dab4578})}
  0x000002cc95f74944: 0000 0149 | ba78 45ab | 1d06 0000 

  0x000002cc95f74950: ;   {oop(a 'java/util/concurrent/ConcurrentLinkedQueue'{0x000000061dab4578})}
  0x000002cc95f74950: 0048 bd78 | 45ab 1d06 | 0000 0048 | 83c5 0c8b | 7d00 488b | cf48 c1e1 | 0348 8bd9 

  0x000002cc95f7496c: ; implicit exception: dispatches to 0x000002cc95f751e7
  0x000002cc95f7496c: 8b73 0c85 | f675 0d44 | 8b5b 1045 | 85db 0f85 | 6804 0000 | 483b cb0f | 84de 0000 | 0041 807f 
  0x000002cc95f7498c: 3800 0f85 | bd04 0000 | 4c8b d349 | c1ea 038b | c7f0 440f | b155 0041 | 0f94 c545 | 0fb6 ed45 
  0x000002cc95f749ac: 85ed 742c | 4c8b d34c | 8bdd 4d33 | d349 c1ea | 174d 85d2 | 741a 49c1 | eb09 48b9 | 0000 8c99 
  0x000002cc95f749cc: cc02 0000 | 4903 cb80 | 3904 0f85 | d704 0000 | 4585 ed0f | 8482 0000 | 0085 ff0f | 84bf 0600 
  0x000002cc95f749ec: 0049 8d1c | fc4d 8d6c | fc10 4180 | 7f38 000f | 857b 0400 | 0041 897d | 004c 8bd3 | 4d8b dd4d 
  0x000002cc95f74a0c: 33d3 49c1 | ea17 4d85 | d274 5049 | c1eb 0948 | b900 008c | 99cc 0200 | 0049 03cb | 8039 0474 
  0x000002cc95f74a2c: 3a4d 8b57 | 504d 8b5f | 40f0 8344 | 24c0 0080 | 3900 7427 | 4488 214d | 85db 7512 | 498b d749 
  0x000002cc95f74a4c: ba50 2753 | 97fa 7f00 | 0041 ffd2 | eb0d 4b89 | 4c1a f849 | 83c3 f84d | 895f 4085 | f675 0ae9 
  0x000002cc95f74a6c: a401 0000 | 4c8b 7424 | 2048 896c | 2430 4c89 

  0x000002cc95f74a7c: ;   {oop(a 'java/util/concurrent/ConcurrentLinkedQueue'{0x000000061dab4578})}
  0x000002cc95f74a7c: 7424 2048 | ba78 45ab | 1d06 0000 

  0x000002cc95f74a88: ;   {oop(a 'java/util/concurrent/ConcurrentLinkedQueue'{0x000000061dab4578})}
  0x000002cc95f74a88: 0048 bd78 | 45ab 1d06 

  0x000002cc95f74a90: ;   {optimized virtual_call}
  0x000002cc95f74a90: 0000 00e8 

  0x000002cc95f74a94: ; ImmutableOopMap {rbp=Oop [40]=Oop [48]=Derived_oop_rbp }
                      ;*invokevirtual poll {reexecute=0 rethrow=0 return_oop=1}
                      ; - com.mojang.blaze3d.systems.RenderSystem::replayQueue@16 (line 225)
                      ; - com.mojang.blaze3d.systems.RenderSystem::flipFrame@3 (line 213)
                      ; - com.mojang.blaze3d.platform.Window::m_85435_@4 (line 274)
  0x000002cc95f74a94: a847 cdfe | 4c8b d844 | 8b50 0848 | be00 0000 | b3cc 0200 | 0049 03f2 | 4c8b 5620 

  0x000002cc95f74ab0: ;   {metadata('com/mojang/blaze3d/pipeline/RenderCall')}
  0x000002cc95f74ab0: 49b8 c086 | e5b9 cc02 | 0000 4d3b | d00f 85ee | 0200 0049 | 8bd3 448b 

  0x000002cc95f74ac8: ;   {metadata('net/minecraft/client/renderer/texture/PreloadedTexture$$Lambda$46173+0x000002ccba641fa0')}
  0x000002cc95f74ac8: 5a08 4181 | fba0 1f64 | 070f 8563 

  0x000002cc95f74ad4: ;   {optimized virtual_call}
  0x000002cc95f74ad4: 0300 00e8 

  0x000002cc95f74ad8: ; ImmutableOopMap {rbp=Oop [40]=Oop [48]=Derived_oop_rbp }
                      ;*invokeinterface m_83909_ {reexecute=0 rethrow=0 return_oop=0}
                      ; - com.mojang.blaze3d.systems.RenderSystem::replayQueue@24 (line 226)
                      ; - com.mojang.blaze3d.systems.RenderSystem::flipFrame@3 (line 213)
                      ; - com.mojang.blaze3d.platform.Window::m_85435_@4 (line 274)
  0x000002cc95f74ad8: a4c8 cbfc | 488b 6c24 | 3044 8b75 | 004d 8b97 | 5803 0000 

  0x000002cc95f74aec: ;   {oop(a 'java/util/concurrent/ConcurrentLinkedQueue'{0x000000061dab4578})}
  0x000002cc95f74aec: 49bb 7845 | ab1d 0600 

  0x000002cc95f74af4: ;   {oop(a 'java/util/concurrent/ConcurrentLinkedQueue'{0x000000061dab4578})}
  0x000002cc95f74af4: 0000 49b8 | 7845 ab1d 

  0x000002cc95f74afc: ; ImmutableOopMap {r11=Oop r8=Oop rbp=Derived_oop_r11 r14=NarrowOop [40]=Oop }
                      ;*goto {reexecute=1 rethrow=0 return_oop=0}
                      ; - (reexecute) com.mojang.blaze3d.systems.RenderSystem::replayQueue@29 (line 227)
                      ; - com.mojang.blaze3d.systems.RenderSystem::flipFrame@3 (line 213)
                      ; - com.mojang.blaze3d.platform.Window::m_85435_@4 (line 274)
  0x000002cc95f74afc: 0600 0000 

  0x000002cc95f74b00: ;   {poll}
  0x000002cc95f74b00: 4185 0249 | 8bce 48c1 | e103 488b | d98b 730c | 85f6 750d | 448b 5310 | 4585 d20f | 85f0 0200 
  0x000002cc95f74b20: 0048 3bcb | 0f84 dd00 | 0000 4180 | 7f38 000f | 85c4 0300 | 004c 8bdb | 49c1 eb03 | 418b c6f0 
  0x000002cc95f74b40: 440f b15d | 0040 0f94 | c740 0fb6 | ff85 ff74 | 2c4c 8bd3 | 4c8b dd4d | 33d3 49c1 | ea17 4d85 
  0x000002cc95f74b60: d274 1a49 | c1eb 0948 | b900 008c | 99cc 0200 | 0049 03cb | 8039 040f | 85de 0300 | 0085 ff0f 
  0x000002cc95f74b80: 8482 0000 | 0045 85f6 | 0f84 a605 | 0000 4b8d | 1cf4 4b8d | 7cf4 1041 | 807f 3800 | 0f85 8303 
  0x000002cc95f74ba0: 0000 4489 | 374c 8bd3 | 4c8b df4d | 33d3 49c1 | ea17 4d85 | d274 5049 | c1eb 0948 | b900 008c 
  0x000002cc95f74bc0: 99cc 0200 | 0049 03cb | 8039 0474 | 3a4d 8b57 | 404d 8b5f | 50f0 8344 | 24c0 0080 | 3900 7427 
  0x000002cc95f74be0: 4488 214d | 85d2 7512 | 498b d749 | ba50 2753 | 97fa 7f00 | 0041 ffd2 | eb0d 4b89 | 4c13 f849 
  0x000002cc95f74c00: 83c2 f84d | 8957 4085 | f60f 8561 | feff ff4c | 8b74 2420 

  0x000002cc95f74c14: ;   {oop(a 'java/lang/Class'{0x000000061dab3cc8} = 'com/mojang/blaze3d/systems/RenderSystem')}
  0x000002cc95f74c14: 49ba c83c | ab1d 0600 | 0000 4588 | a204 0100 | 0041 0fb6 | aa05 0100 | 0085 ed0f | 8537 0400 
  0x000002cc95f74c34: ;   {oop(a 'com/mojang/blaze3d/vertex/Tesselator'{0x000000061dab3b58})}
  0x000002cc95f74c34: 0049 ba58 | 3bab 1d06 | 0000 0045 | 8b5a 0c43 | 8b6c dc20 | 85ed 0f8f | 8804 0000 | 4789 64dc 
  0x000002cc95f74c54: 2843 8bac | dc94 0000 | 0047 8964 | dc20 4789 | 64dc 2445 | 8964 ec28 | 4d85 f60f | 842c 0300 
  0x000002cc95f74c74: 0049 b820 | 1d58 eefa | 7f00 0049 

  0x000002cc95f74c80: ;   {static_call}
  0x000002cc95f74c80: 8bd6 90e8 

  0x000002cc95f74c84: ; ImmutableOopMap {[40]=Oop }
                      ;*invokestatic invokePV {reexecute=0 rethrow=0 return_oop=0}
                      ; - org.lwjgl.glfw.GLFW::glfwSwapBuffers@17 (line 4901)
                      ; - com.mojang.blaze3d.systems.RenderSystem::flipFrame@16 (line 218)
                      ; - com.mojang.blaze3d.platform.Window::m_85435_@4 (line 274)
  0x000002cc95f74c84: 380a 74fd 

  0x000002cc95f74c88: ;   {oop(a 'java/lang/Class'{0x000000067405f838} = 'net/minecraft/Util')}
  0x000002cc95f74c88: 49ba 38f8 | 0574 0600 | 0000 418b | aa88 0000 | 0045 8b54 

  0x000002cc95f74c9c: ;   {metadata('com/mojang/blaze3d/systems/RenderSystem$$Lambda$6915+0x000002ccb533e208')}
  0x000002cc95f74c9c: ec08 4181 | fa08 e233 | 020f 85a8 | 0300 004d | 8d14 ec41 | 8b6a 0c45 | 8b5c ec08 

  0x000002cc95f74cb8: ;   {metadata('com/mojang/blaze3d/platform/GLX$$Lambda$6914+0x000002ccb533dff0')}
  0x000002cc95f74cb8: 4181 fbf0 | df33 020f | 859b 0300 | 0048 ba50 | 4058 eefa 

  0x000002cc95f74ccc: ;   {static_call}
  0x000002cc95f74ccc: 7f00 00e8 

  0x000002cc95f74cd0: ; ImmutableOopMap {[40]=Oop }
                      ;*invokestatic invokeD {reexecute=0 rethrow=0 return_oop=0}
                      ; - org.lwjgl.glfw.GLFW::glfwGetTime@5 (line 4775)
                      ; - com.mojang.blaze3d.platform.GLX::lambda$_initGlfw$2@0 (line 69)
                      ; - com.mojang.blaze3d.platform.GLX$$Lambda$6914/0x000002ccb533dff0::getAsLong@0
                      ; - com.mojang.blaze3d.systems.RenderSystem$$Lambda$6915/0x000002ccb533e208::getAsLong@4
                      ; - net.minecraft.Util::m_137569_@3 (line 119)
                      ; - net.minecraft.Util::m_137550_@0 (line 115)
                      ; - com.mojang.blaze3d.systems.RenderSystem::pollEvents@3 (line 199)
                      ; - com.mojang.blaze3d.systems.RenderSystem::flipFrame@19 (line 219)
                      ; - com.mojang.blaze3d.platform.Window::m_85435_@4 (line 274)
  0x000002cc95f74cd0: ec9c 0ffe 

  0x000002cc95f74cd4: ;   {oop(a 'java/util/concurrent/atomic/AtomicBoolean'{0x000000061dab3dd0})}
  0x000002cc95f74cd4: 48bd d03d | ab1d 0600 

  0x000002cc95f74cdc: ;   {oop(a 'java/util/concurrent/atomic/AtomicLong'{0x000000061dab3de0})}
  0x000002cc95f74cdc: 0000 49ba | e03d ab1d | 0600 0000 | 48b8 db34 | b6d7 82de 

  0x000002cc95f74cf0: ;   {section_word}
  0x000002cc95f74cf0: 1b43 c5fb | 5905 e6fb | ffff c461 

  0x000002cc95f74cfc: ;   {external_word}
  0x000002cc95f74cfc: fb2c d84c | 3b1d 9ac5 | c6fc 7510 | 4883 ec08 | c5fb 1104 

  0x000002cc95f74d10: ;   {runtime_call StubRoutines (1)}
  0x000002cc95f74d10: 24e8 c5c4 | c6fc 415b | 49f7 eb49 | c1fb 3f48 | c1fa 1249 | 2bd3 4989 | 5210 c745 | 0c01 0000 
  0x000002cc95f74d30: 00f0 8344 | 24c0 0048 | ba70 7358 | eefa 7f00 

  0x000002cc95f74d40: ;   {static_call}
  0x000002cc95f74d40: 0066 90e8 

  0x000002cc95f74d44: ; ImmutableOopMap {rbp=Oop [40]=Oop }
                      ;*invokestatic invokeV {reexecute=0 rethrow=0 return_oop=0}
                      ; - org.lwjgl.glfw.GLFW::glfwPollEvents@5 (line 3403)
                      ; - com.mojang.blaze3d.systems.RenderSystem::pollEvents@16 (line 201)
                      ; - com.mojang.blaze3d.systems.RenderSystem::flipFrame@19 (line 219)
                      ; - com.mojang.blaze3d.platform.Window::m_85435_@4 (line 274)
  0x000002cc95f74d44: f8a7 fafd | 4489 650c | f083 4424 | c000 4c8b | 5424 284d | 8b52 204d | 85d2 0f84 | 9403 0000 
  0x000002cc95f74d64: 48ba f063 | 68ec fa7f 

  0x000002cc95f74d6c: ;   {static_call}
  0x000002cc95f74d6c: 0000 90e8 

  0x000002cc95f74d70: ; ImmutableOopMap {[40]=Oop }
                      ;*invokestatic nwglGetCurrentContext {reexecute=0 rethrow=0 return_oop=0}
                      ; - org.lwjgl.opengl.WGL::wglGetCurrentContext@5 (line 181)
                      ; - com.mojang.blaze3d.platform.Window::handler$zkc000$embeddium$preSwapBuffers@10 (line 3601)
                      ; - com.mojang.blaze3d.platform.Window::m_85435_@9 (line 274)
  0x000002cc95f74d70: cc92 7cfe | 4c8b 5424 | 284d 8b52 | 204c 3bd0 | 0f85 0203 | 0000 4c8b | 5424 2845 | 0fb6 5a59 
  0x000002cc95f74d90: 410f b66a | 5841 3beb | 0f85 7a03 | 0000 4883 

  0x000002cc95f74da0: ;   {poll_return}
  0x000002cc95f74da0: c450 5d49 | 3ba7 5003 | 0000 0f87 | ae04 0000 

  0x000002cc95f74db0: ;   {metadata('com/mojang/blaze3d/pipeline/RenderCall')}
  0x000002cc95f74db0: c348 b8c0 | 86e5 b9cc | 0200 0048 | 8b7e 288b | 0f48 83c7 | 0848 85c0 | f248 af0f | 8504 0000 
  0x000002cc95f74dd0: 0048 8946 | 200f 84e8 | fcff ffba | deff ffff 

  0x000002cc95f74de0: ;   {runtime_call UncommonTrapBlob}
  0x000002cc95f74de0: 498b ebe8 

  0x000002cc95f74de4: ; ImmutableOopMap {rbp=Oop }
                      ;*checkcast {reexecute=0 rethrow=0 return_oop=0}
                      ; - com.mojang.blaze3d.systems.RenderSystem::replayQueue@19 (line 225)
                      ; - com.mojang.blaze3d.systems.RenderSystem::flipFrame@3 (line 213)
                      ; - com.mojang.blaze3d.platform.Window::m_85435_@4 (line 274)
  0x000002cc95f74de4: 181b ccfc | 49c1 e303 | 493b db0f | 8425 0200 | 004d 8b87 | 5803 0000 

  0x000002cc95f74dfc: ;   {oop(a 'java/util/concurrent/ConcurrentLinkedQueue'{0x000000061dab4578})}
  0x000002cc95f74dfc: 49b9 7845 | ab1d 0600 

  0x000002cc95f74e04: ; ImmutableOopMap {r11=Oop r9=Oop rcx=Oop rdi=NarrowOop rbp=Derived_oop_r9 [40]=Oop }
                      ;*goto {reexecute=1 rethrow=0 return_oop=0}
                      ; - (reexecute) java.util.concurrent.ConcurrentLinkedQueue::first@62 (line 429)
                      ; - java.util.concurrent.ConcurrentLinkedQueue::isEmpty@1 (line 447)
                      ; - com.mojang.blaze3d.systems.RenderSystem::replayQueue@7 (line 224)
                      ; - com.mojang.blaze3d.systems.RenderSystem::flipFrame@3 (line 213)
                      ; - com.mojang.blaze3d.platform.Window::m_85435_@4 (line 274)
                      ;   {poll}
  0x000002cc95f74e04: 0000 4185 | 0049 8bdb | e95b fbff | ff49 c1e2 | 0349 3bda | 0f84 1802 | 0000 4d8b | 9f58 0300 
  0x000002cc95f74e24: ;   {oop(a 'java/util/concurrent/ConcurrentLinkedQueue'{0x000000061dab4578})}
  0x000002cc95f74e24: 0049 b878 | 45ab 1d06 

  0x000002cc95f74e2c: ; ImmutableOopMap {r10=Oop r8=Oop rcx=Oop rbp=Derived_oop_r8 r14=NarrowOop [40]=Oop }
                      ;*goto {reexecute=1 rethrow=0 return_oop=0}
                      ; - (reexecute) java.util.concurrent.ConcurrentLinkedQueue::first@62 (line 429)
                      ; - java.util.concurrent.ConcurrentLinkedQueue::isEmpty@1 (line 447)
                      ; - com.mojang.blaze3d.systems.RenderSystem::replayQueue@7 (line 224)
                      ; - com.mojang.blaze3d.systems.RenderSystem::flipFrame@3 (line 213)
                      ; - com.mojang.blaze3d.platform.Window::m_85435_@4 (line 274)
                      ;   {poll}
  0x000002cc95f74e2c: 0000 0041 | 8503 498b | dae9 d3fc | ffff 6666 | 9048 b8e0 | 8693 d6cd 

  0x000002cc95f74e44: ;   {virtual_call}
  0x000002cc95f74e44: 0200 00e8 

  0x000002cc95f74e48: ; ImmutableOopMap {rbp=Oop [40]=Oop [48]=Derived_oop_rbp }
                      ;*invokeinterface m_83909_ {reexecute=0 rethrow=0 return_oop=0}
                      ; - com.mojang.blaze3d.systems.RenderSystem::replayQueue@24 (line 226)
                      ; - com.mojang.blaze3d.systems.RenderSystem::flipFrame@3 (line 213)
                      ; - com.mojang.blaze3d.platform.Window::m_85435_@4 (line 274)
  0x000002cc95f74e48: c4e5 d6fc | e98b fcff | ff85 ff0f | 843b fbff | ff4d 8b57 | 204d 85d2 | 0f84 f602 | 0000 4d8b 
  0x000002cc95f74e68: 5f30 4b89 | 4c13 f849 | 83c2 f84d | 8957 20e9 | 18fb ffff | 458b 5d00 | 4585 db0f | 8478 fbff 
  0x000002cc95f74e88: ff4d 8b57 | 2049 8bcb | 48c1 e103 | 4d85 d20f | 84d4 0200 | 004d 8b5f | 304b 894c | 13f8 4983 
  0x000002cc95f74ea8: c2f8 4d89 | 5720 e94e | fbff ff4d | 8b57 404d | 8b5f 50f0 | 8344 24c0 | 0080 3900 | 0f84 12fb 
  0x000002cc95f74ec8: ffff 4488 | 214d 85d2 | 7515 498b | d749 ba50 | 2753 97fa | 7f00 0041 | ffd2 e9f5 | faff ff4b 
  0x000002cc95f74ee8: 894c 13f8 | 4983 c2f8 | 4d89 5740 | e9e3 faff | ff45 85f6 | 0f84 33fc | ffff 4d8b | 5720 4d85 
  0x000002cc95f74f08: d20f 8477 | 0200 004d | 8b5f 304b | 894c 13f8 | 4983 c2f8 | 4d89 5720 | e910 fcff | ff44 8b17 
  0x000002cc95f74f28: 4585 d20f | 8471 fcff | ff4d 8b5f | 2049 8bca | 48c1 e103 | 4d85 db0f | 8456 0200 | 004d 8b57 
  0x000002cc95f74f48: 304b 894c | 1af8 4983 | c3f8 4d89 | 5f20 e947 | fcff ff4d | 8b57 404d | 8b5f 50f0 | 8344 24c0 
  0x000002cc95f74f68: 0080 3900 | 0f84 0bfc | ffff 4488 | 214d 85d2 | 7515 498b | d749 ba50 | 2753 97fa | 7f00 0041 
  0x000002cc95f74f88: ffd2 e9ee | fbff ff4b | 894c 13f8 | 4983 c2f8 | 4d89 5740 | e9dc fbff | ff49 8b87 | 0801 0000 
  0x000002cc95f74fa8: 4c8b d049 | 83c2 304d | 3b97 1801 | 0000 0f83 | f401 0000 | 4d89 9708 | 0100 0041 | 0f18 8200 
  0x000002cc95f74fc8: 0100 0048 | c700 0100 

  0x000002cc95f74fd0: ;   {metadata('java/lang/NullPointerException')}
  0x000002cc95f74fd0: 0000 c740 | 0840 1a06 | 0044 8960 | 0c4c 8960 | 104c 8960 | 184c 8960 | 204c 8960 | 2848 8be8 
  0x000002cc95f74ff0: 488b d548 | ff74 2428 | 488f 4424 | 204c 8974 

  0x000002cc95f75000: ;   {optimized virtual_call}
  0x000002cc95f75000: 2428 90e8 

  0x000002cc95f75004: ; ImmutableOopMap {rbp=Oop [32]=Oop }
                      ;*invokespecial <init> {reexecute=0 rethrow=0 return_oop=0}
                      ; - org.lwjgl.system.Checks::check@10 (line 188)
                      ; - org.lwjgl.glfw.GLFW::glfwSwapBuffers@11 (line 4899)
                      ; - com.mojang.blaze3d.systems.RenderSystem::flipFrame@16 (line 218)
                      ; - com.mojang.blaze3d.platform.Window::m_85435_@4 (line 274)
  0x000002cc95f75004: 78c3 cbfc | 488b d5eb | 0348 8bd0 | 4883 c450 

  0x000002cc95f75014: ;   {runtime_call _rethrow_Java}
  0x000002cc95f75014: 5de9 e69b | d6fc 4d8b | 8758 0300 | 008b 7d00 

  0x000002cc95f75024: ;   {oop(a 'java/util/concurrent/ConcurrentLinkedQueue'{0x000000061dab4578})}
  0x000002cc95f75024: 49b9 7845 | ab1d 0600 

  0x000002cc95f7502c: ; ImmutableOopMap {r9=Oop rdi=NarrowOop rbp=Derived_oop_r9 [40]=Oop }
                      ;*goto {reexecute=1 rethrow=0 return_oop=0}
                      ; - (reexecute) java.util.concurrent.ConcurrentLinkedQueue::first@57 (line 436)
                      ; - java.util.concurrent.ConcurrentLinkedQueue::isEmpty@1 (line 447)
                      ; - com.mojang.blaze3d.systems.RenderSystem::replayQueue@7 (line 224)
                      ; - com.mojang.blaze3d.systems.RenderSystem::flipFrame@3 (line 213)
                      ; - com.mojang.blaze3d.platform.Window::m_85435_@4 (line 274)
                      ;   {poll}
  0x000002cc95f7502c: 0000 4185 | 00e9 2cf9 | ffff 4d8b | 9758 0300 | 0044 8b75 

  0x000002cc95f75040: ;   {oop(a 'java/util/concurrent/ConcurrentLinkedQueue'{0x000000061dab4578})}
  0x000002cc95f75040: 0049 bb78 | 45ab 1d06 

  0x000002cc95f75048: ; ImmutableOopMap {r11=Oop rbp=Derived_oop_r11 r14=NarrowOop [40]=Oop }
                      ;*goto {reexecute=1 rethrow=0 return_oop=0}
                      ; - (reexecute) java.util.concurrent.ConcurrentLinkedQueue::first@57 (line 436)
                      ; - java.util.concurrent.ConcurrentLinkedQueue::isEmpty@1 (line 447)
                      ; - com.mojang.blaze3d.systems.RenderSystem::replayQueue@7 (line 224)
                      ; - com.mojang.blaze3d.systems.RenderSystem::flipFrame@3 (line 213)
                      ; - com.mojang.blaze3d.platform.Window::m_85435_@4 (line 274)
                      ;   {poll}
  0x000002cc95f75048: 0000 0041 | 8502 e9b0 | faff ffba | deff ffff 

  0x000002cc95f75058: ;   {runtime_call UncommonTrapBlob}
  0x000002cc95f75058: 6666 90e8 

  0x000002cc95f7505c: ; ImmutableOopMap {rbp=NarrowOop [40]=Oop }
                      ;*invokeinterface getAsLong {reexecute=0 rethrow=0 return_oop=0}
                      ; - net.minecraft.Util::m_137569_@3 (line 119)
                      ; - net.minecraft.Util::m_137550_@0 (line 115)
                      ; - com.mojang.blaze3d.systems.RenderSystem::pollEvents@3 (line 199)
                      ; - com.mojang.blaze3d.systems.RenderSystem::flipFrame@19 (line 219)
                      ; - com.mojang.blaze3d.platform.Window::m_85435_@4 (line 274)
  0x000002cc95f7505c: a018 ccfc | bade ffff 

  0x000002cc95f75064: ;   {runtime_call UncommonTrapBlob}
  0x000002cc95f75064: ff66 90e8 

  0x000002cc95f75068: ; ImmutableOopMap {rbp=NarrowOop [40]=Oop }
                      ;*invokeinterface getAsLong {reexecute=0 rethrow=0 return_oop=0}
                      ; - com.mojang.blaze3d.systems.RenderSystem$$Lambda$6915/0x000002ccb533e208::getAsLong@4
                      ; - net.minecraft.Util::m_137569_@3 (line 119)
                      ; - net.minecraft.Util::m_137550_@0 (line 115)
                      ; - com.mojang.blaze3d.systems.RenderSystem::pollEvents@3 (line 199)
                      ; - com.mojang.blaze3d.systems.RenderSystem::flipFrame@19 (line 219)
                      ; - com.mojang.blaze3d.platform.Window::m_85435_@4 (line 274)
  0x000002cc95f75068: 9418 ccfc | ba45 ffff | ff48 ff74 | 2428 488f | 4424 204c | 8974 2428 

  0x000002cc95f75080: ;   {runtime_call UncommonTrapBlob}
  0x000002cc95f75080: 6666 90e8 

  0x000002cc95f75084: ; ImmutableOopMap {[32]=Oop }
                      ;*ifne {reexecute=1 rethrow=0 return_oop=0}
                      ; - (reexecute) com.mojang.blaze3d.systems.RenderSystem::assertOnGameThreadOrInit@3 (line 158)
                      ; - com.mojang.blaze3d.vertex.Tesselator::m_85913_@0 (line 14)
                      ; - com.mojang.blaze3d.systems.RenderSystem::flipFrame@6 (line 216)
                      ; - com.mojang.blaze3d.platform.Window::m_85435_@4 (line 274)
  0x000002cc95f75084: 7818 ccfc | 4c3b d0bd | ffff ffff | 7c08 400f | 95c5 400f | b6ed ba45 | ffff ff48 | 8944 2430 
  0x000002cc95f750a4: ;   {runtime_call UncommonTrapBlob}
  0x000002cc95f750a4: 6666 90e8 

  0x000002cc95f750a8: ; ImmutableOopMap {[40]=Oop }
                      ;*ifne {reexecute=1 rethrow=0 return_oop=0}
                      ; - (reexecute) com.mojang.blaze3d.platform.Window::handler$zkc000$embeddium$preSwapBuffers@20 (line 3603)
                      ; - com.mojang.blaze3d.platform.Window::m_85435_@9 (line 274)
  0x000002cc95f750a8: 5418 ccfc | 4c8b d649 | c1e2 034d | 85d2 400f | 95c5 400f | b6ed ba5c | ffff ff48 | 895c 2420 
  0x000002cc95f750c8: 4c89 7424 | 3089 7c24 

  0x000002cc95f750d0: ;   {runtime_call UncommonTrapBlob}
  0x000002cc95f750d0: 3866 90e8 

  0x000002cc95f750d4: ; ImmutableOopMap {[32]=Oop [40]=Oop [56]=NarrowOop }
                      ;*ifnonnull {reexecute=1 rethrow=0 return_oop=0}
                      ; - (reexecute) java.util.Objects::requireNonNull@1 (line 208)
                      ; - java.lang.invoke.VarHandleReferences$FieldInstanceReadWrite::setRelease@16 (line 172)
                      ; - java.lang.invoke.VarHandleGuards::guard_LL_V@45 (line 53)
                      ; - java.util.concurrent.ConcurrentLinkedQueue::updateHead@22 (line 293)
                      ; - java.util.concurrent.ConcurrentLinkedQueue::first@38 (line 432)
                      ; - java.util.concurrent.ConcurrentLinkedQueue::isEmpty@1 (line 447)
                      ; - com.mojang.blaze3d.systems.RenderSystem::replayQueue@7 (line 224)
                      ; - com.mojang.blaze3d.systems.RenderSystem::flipFrame@3 (line 213)
                      ; - com.mojang.blaze3d.platform.Window::m_85435_@4 (line 274)
  0x000002cc95f750d4: 2818 ccfc | ba45 ffff | ff48 ff74 | 2428 488f | 4424 204c | 8974 2428 | 4489 5c24 

  0x000002cc95f750f0: ;   {runtime_call UncommonTrapBlob}
  0x000002cc95f750f0: 3066 90e8 

  0x000002cc95f750f4: ; ImmutableOopMap {[32]=Oop [48]=NarrowOop }
                      ;*ifle {reexecute=1 rethrow=0 return_oop=0}
                      ; - (reexecute) com.mojang.blaze3d.vertex.BufferBuilder::m_85729_@4 (line 345)
                      ; - com.mojang.blaze3d.systems.RenderSystem::flipFrame@12 (line 216)
                      ; - com.mojang.blaze3d.platform.Window::m_85435_@4 (line 274)
  0x000002cc95f750f4: 0818 ccfc | ba45 ffff | ff45 33db | 4d3b d3bd | ffff ffff | 7c08 400f | 95c5 400f 

  0x000002cc95f75110: ;   {runtime_call UncommonTrapBlob}
  0x000002cc95f75110: b6ed 90e8 

  0x000002cc95f75114: ; ImmutableOopMap {[40]=Oop }
                      ;*ifne {reexecute=1 rethrow=0 return_oop=0}
                      ; - (reexecute) com.mojang.blaze3d.platform.Window::handler$zkc000$embeddium$preSwapBuffers@6 (line 3596)
                      ; - com.mojang.blaze3d.platform.Window::m_85435_@9 (line 274)
  0x000002cc95f75114: e817 ccfc | ba45 ffff | ff48 ff74 | 2428 488f | 4424 2044 | 895c 2428 

  0x000002cc95f7512c: ;   {runtime_call UncommonTrapBlob}
  0x000002cc95f7512c: 6666 90e8 

  0x000002cc95f75130: ; ImmutableOopMap {[32]=Oop }
                      ;*if_icmpeq {reexecute=1 rethrow=0 return_oop=0}
                      ; - (reexecute) com.mojang.blaze3d.platform.Window::m_85435_@20 (line 275)
  0x000002cc95f75130: cc17 ccfc | 4c8b d649 | c1e2 034d | 85d2 400f | 95c5 400f | b6ed ba5c | ffff ff48 | 895c 2430 
  0x000002cc95f75150: 4489 7424 

  0x000002cc95f75154: ;   {runtime_call UncommonTrapBlob}
  0x000002cc95f75154: 3866 90e8 

  0x000002cc95f75158: ; ImmutableOopMap {[40]=Oop [48]=Oop [56]=NarrowOop }
                      ;*ifnonnull {reexecute=1 rethrow=0 return_oop=0}
                      ; - (reexecute) java.util.Objects::requireNonNull@1 (line 208)
                      ; - java.lang.invoke.VarHandleReferences$FieldInstanceReadWrite::setRelease@16 (line 172)
                      ; - java.lang.invoke.VarHandleGuards::guard_LL_V@45 (line 53)
                      ; - java.util.concurrent.ConcurrentLinkedQueue::updateHead@22 (line 293)
                      ; - java.util.concurrent.ConcurrentLinkedQueue::first@38 (line 432)
                      ; - java.util.concurrent.ConcurrentLinkedQueue::isEmpty@1 (line 447)
                      ; - com.mojang.blaze3d.systems.RenderSystem::replayQueue@7 (line 224)
                      ; - com.mojang.blaze3d.systems.RenderSystem::flipFrame@3 (line 213)
                      ; - com.mojang.blaze3d.platform.Window::m_85435_@4 (line 274)
  0x000002cc95f75158: a417 ccfc | 498b d749 | ba70 2753 | 97fa 7f00 | 0041 ffd2 | e923 f8ff | ff49 8bd7 | 49ba 7027 
  0x000002cc95f75178: 5397 fa7f | 0000 41ff | d2e9 7bf8 | ffff 498b | d749 ba70 | 2753 97fa | 7f00 0041 | ffd2 e99a 
  0x000002cc95f75198: f9ff ff49 | 8bd7 49ba | 7027 5397 | fa7f 0000 | 41ff d2e9 | f2f9 ffff 

  0x000002cc95f751b0: ;   {metadata('java/lang/NullPointerException')}
  0x000002cc95f751b0: 48ba 401a | 06b3 cc02 | 0000 4c89 

  0x000002cc95f751bc: ;   {runtime_call _new_instance_Java}
  0x000002cc95f751bc: 7424 30e8 

  0x000002cc95f751c0: ; ImmutableOopMap {[40]=Oop }
                      ;*new {reexecute=0 rethrow=0 return_oop=1}
                      ; - org.lwjgl.system.Checks::check@6 (line 188)
                      ; - org.lwjgl.glfw.GLFW::glfwSwapBuffers@11 (line 4899)
                      ; - com.mojang.blaze3d.systems.RenderSystem::flipFrame@16 (line 218)
                      ; - com.mojang.blaze3d.platform.Window::m_85435_@4 (line 274)
  0x000002cc95f751c0: 3ca9 d6fc | 4c8b 7424 | 30e9 1ffe | ffff e93a | feff ffe9 | 35fe ffff | e930 feff | ffe9 2bfe 
  0x000002cc95f751e0: ffff e926 | feff ffba | f6ff ffff 

  0x000002cc95f751ec: ;   {runtime_call UncommonTrapBlob}
  0x000002cc95f751ec: 6666 90e8 

  0x000002cc95f751f0: ; ImmutableOopMap {}
                      ;*getfield item {reexecute=1 rethrow=0 return_oop=0}
                      ; - (reexecute) java.util.concurrent.ConcurrentLinkedQueue::first@8 (line 430)
                      ; - java.util.concurrent.ConcurrentLinkedQueue::isEmpty@1 (line 447)
                      ; - com.mojang.blaze3d.systems.RenderSystem::replayQueue@7 (line 224)
                      ; - com.mojang.blaze3d.systems.RenderSystem::flipFrame@3 (line 213)
                      ; - com.mojang.blaze3d.platform.Window::m_85435_@4 (line 274)
  0x000002cc95f751f0: 0c17 ccfc | baf6 ffff 

  0x000002cc95f751f8: ;   {runtime_call UncommonTrapBlob}
  0x000002cc95f751f8: ff66 90e8 

  0x000002cc95f751fc: ; ImmutableOopMap {}
                      ;*invokevirtual m_85729_ {reexecute=0 rethrow=0 return_oop=0}
                      ; - com.mojang.blaze3d.systems.RenderSystem::flipFrame@12 (line 216)
                      ; - com.mojang.blaze3d.platform.Window::m_85435_@4 (line 274)
  0x000002cc95f751fc: 0017 ccfc | baf6 ffff 

  0x000002cc95f75204: ;   {runtime_call UncommonTrapBlob}
  0x000002cc95f75204: ff66 90e8 

  0x000002cc95f75208: ; ImmutableOopMap {}
                      ;*invokeinterface getAsLong {reexecute=0 rethrow=0 return_oop=0}
                      ; - net.minecraft.Util::m_137569_@3 (line 119)
                      ; - net.minecraft.Util::m_137550_@0 (line 115)
                      ; - com.mojang.blaze3d.systems.RenderSystem::pollEvents@3 (line 199)
                      ; - com.mojang.blaze3d.systems.RenderSystem::flipFrame@19 (line 219)
                      ; - com.mojang.blaze3d.platform.Window::m_85435_@4 (line 274)
  0x000002cc95f75208: f416 ccfc | baf6 ffff 

  0x000002cc95f75210: ;   {runtime_call UncommonTrapBlob}
  0x000002cc95f75210: ff66 90e8 

  0x000002cc95f75214: ; ImmutableOopMap {}
                      ;*invokeinterface getAsLong {reexecute=0 rethrow=0 return_oop=0}
                      ; - com.mojang.blaze3d.systems.RenderSystem$$Lambda$6915/0x000002ccb533e208::getAsLong@4
                      ; - net.minecraft.Util::m_137569_@3 (line 119)
                      ; - net.minecraft.Util::m_137550_@0 (line 115)
                      ; - com.mojang.blaze3d.systems.RenderSystem::pollEvents@3 (line 199)
                      ; - com.mojang.blaze3d.systems.RenderSystem::flipFrame@19 (line 219)
                      ; - com.mojang.blaze3d.platform.Window::m_85435_@4 (line 274)
  0x000002cc95f75214: e816 ccfc | baf6 ffff 

  0x000002cc95f7521c: ;   {runtime_call UncommonTrapBlob}
  0x000002cc95f7521c: ff66 90e8 

  0x000002cc95f75220: ; ImmutableOopMap {}
                      ;*getfield item {reexecute=1 rethrow=0 return_oop=0}
                      ; - (reexecute) java.util.concurrent.ConcurrentLinkedQueue::first@8 (line 430)
                      ; - java.util.concurrent.ConcurrentLinkedQueue::isEmpty@1 (line 447)
                      ; - com.mojang.blaze3d.systems.RenderSystem::replayQueue@7 (line 224)
                      ; - com.mojang.blaze3d.systems.RenderSystem::flipFrame@3 (line 213)
                      ; - com.mojang.blaze3d.platform.Window::m_85435_@4 (line 274)
  0x000002cc95f75220: dc16 ccfc | baf4 ffff 

  0x000002cc95f75228: ;   {runtime_call UncommonTrapBlob}
  0x000002cc95f75228: ff66 90e8 

  0x000002cc95f7522c: ; ImmutableOopMap {[40]=Oop }
                      ;*checkcast {reexecute=0 rethrow=0 return_oop=0}
                      ; - com.mojang.blaze3d.systems.RenderSystem::replayQueue@19 (line 225)
                      ; - com.mojang.blaze3d.systems.RenderSystem::flipFrame@3 (line 213)
                      ; - com.mojang.blaze3d.platform.Window::m_85435_@4 (line 274)
  0x000002cc95f7522c: d016 ccfc | e9d8 fdff | ffba 45ff | ffff 48ff | 7424 2848 | 8f44 2420 | 4c89 7424 | 2844 895c 
  0x000002cc95f7524c: ;   {runtime_call UncommonTrapBlob}
  0x000002cc95f7524c: 2430 90e8 

  0x000002cc95f75250: ; ImmutableOopMap {rbp=NarrowOop [32]=Oop [48]=NarrowOop }
                      ;*ifnull {reexecute=1 rethrow=0 return_oop=0}
                      ; - (reexecute) com.mojang.blaze3d.vertex.BufferBuilder::handler$zkp000$embeddium$resetDelegate@4 (line 5085)
                      ; - com.mojang.blaze3d.vertex.BufferBuilder::m_85730_@17 (line 356)
                      ; - com.mojang.blaze3d.vertex.BufferBuilder::m_85729_@19 (line 349)
                      ; - com.mojang.blaze3d.systems.RenderSystem::flipFrame@12 (line 216)
                      ; - com.mojang.blaze3d.platform.Window::m_85435_@4 (line 274)
  0x000002cc95f75250: ac16 ccfc | e9b4 fdff | ffe9 affd 

  0x000002cc95f7525c: ;   {internal_word}
  0x000002cc95f7525c: ffff 49ba | a34d f795 | cc02 0000 | 4d89 9768 

  0x000002cc95f7526c: ;   {runtime_call SafepointBlob}
  0x000002cc95f7526c: 0300 00e9 | 8c27 ccfc | f4f4 f4f4 | f4f4 f4f4 | f4f4 f4f4 
[Stub Code]
  0x000002cc95f75280: ;   {no_reloc}
  0x000002cc95f75280: 48bb 0000 | 0000 0000 

  0x000002cc95f75288: ;   {runtime_call}
  0x000002cc95f75288: 0000 e9fb 

  0x000002cc95f7528c: ;   {static_stub}
  0x000002cc95f7528c: ffff ff48 | bb00 0000 | 0000 0000 

  0x000002cc95f75298: ;   {runtime_call}
  0x000002cc95f75298: 00e9 fbff 

  0x000002cc95f7529c: ;   {static_stub}
  0x000002cc95f7529c: ffff 48bb | 0000 0000 | 0000 0000 

  0x000002cc95f752a8: ;   {runtime_call}
  0x000002cc95f752a8: e9fb ffff 

  0x000002cc95f752ac: ;   {static_stub}
  0x000002cc95f752ac: ff48 bb00 | 0000 0000 

  0x000002cc95f752b4: ;   {runtime_call}
  0x000002cc95f752b4: 0000 00e9 | fbff ffff 

  0x000002cc95f752bc: ;   {static_stub}
  0x000002cc95f752bc: 48bb 0000 | 0000 0000 

  0x000002cc95f752c4: ;   {runtime_call}
  0x000002cc95f752c4: 0000 e9fb 

  0x000002cc95f752c8: ;   {static_stub}
  0x000002cc95f752c8: ffff ff48 | bb00 0000 | 0000 0000 

  0x000002cc95f752d4: ;   {runtime_call}
  0x000002cc95f752d4: 00e9 fbff 

  0x000002cc95f752d8: ;   {static_stub}
  0x000002cc95f752d8: ffff 48bb | 0000 0000 | 0000 0000 

  0x000002cc95f752e4: ;   {runtime_call}
  0x000002cc95f752e4: e9fb ffff 

  0x000002cc95f752e8: ;   {runtime_call ExceptionBlob}
  0x000002cc95f752e8: ffe9 92f9 | d5fc e800 | 0000 0048 | 832c 2405 

  0x000002cc95f752f8: ;   {runtime_call DeoptimizationBlob}
  0x000002cc95f752f8: e9a3 19cc | fcf4 f4f4 
[/MachCode]


Compiled method (c2) 5547709 77531       4       net.minecraft.client.Minecraft::m_91383_ (1210 bytes)
 total in heap  [0x000002cc972e1990,0x000002cc972ee3f8] = 51816
 relocation     [0x000002cc972e1ae8,0x000002cc972e2278] = 1936
 constants      [0x000002cc972e2280,0x000002cc972e22a0] = 32
 main code      [0x000002cc972e22a0,0x000002cc972e8d40] = 27296
 stub code      [0x000002cc972e8d40,0x000002cc972e91c0] = 1152
 oops           [0x000002cc972e91c0,0x000002cc972e9348] = 392
 metadata       [0x000002cc972e9348,0x000002cc972e9a08] = 1728
 scopes data    [0x000002cc972e9a08,0x000002cc972ec300] = 10488
 scopes pcs     [0x000002cc972ec300,0x000002cc972ed6f0] = 5104
 dependencies   [0x000002cc972ed6f0,0x000002cc972ed878] = 392
 handler table  [0x000002cc972ed878,0x000002cc972ee178] = 2304
 nul chk table  [0x000002cc972ee178,0x000002cc972ee3f8] = 640


[Constant Pool]
             Address          hex4                    hex8      
  0x000002cc972e2280:   0x00000000      0x41cdcd6500000000      
  0x000002cc972e2284:   0x41cdcd65                              
  0x000002cc972e2288:   0x00000000      0x4059000000000000      
  0x000002cc972e228c:   0x40590000                              
  0x000002cc972e2290:   0x00000000      0x0000000000000000      
  0x000002cc972e2294:   0x00000000                              
  0x000002cc972e2298:   0xe826d695      0x3e112e0be826d695      
  0x000002cc972e229c:   0x3e112e0b                              

[MachCode]
[Entry Point]
  # {method} {0x000002ccf6d408a8} 'm_91383_' '(Z)V' in 'net/minecraft/client/Minecraft'
  # this:     rdx:rdx   = 'net/minecraft/client/Minecraft'
  # parm0:    r8        = boolean
  #           [sp+0x90]  (sp of caller)
  0x000002cc972e22a0: ;   {no_reloc}
  0x000002cc972e22a0: 448b 5208 | 49bb 0000 | 00b3 cc02 | 0000 4d03 | d349 3bc2 

  0x000002cc972e22b4: ;   {runtime_call ic_miss_stub}
  0x000002cc972e22b4: 0f85 c6ed | 94fb 6690 | 0f1f 4000 
[Verified Entry Point]
  0x000002cc972e22c0: 8984 2400 | 90ff ff55 | 4881 ec80 | 0000 0044 | 8944 2428 | 4889 5424 

  0x000002cc972e22d8: ;   {oop(a 'java/lang/Class'{0x000000064b44b688} = 'net/minecraft/client/Minecraft')}
  0x000002cc972e22d8: 3049 ba88 | b644 4b06 | 0000 0045 | 8b5a 7047 | 8b8c dcb4 | 0100 0047 | 8b54 cc08 

  0x000002cc972e22f4: ;   {metadata('net/minecraft/util/profiling/InactiveProfiler')}
  0x000002cc972e22f4: 4181 fa50 | 49f4 010f | 85af 4800 | 0044 8b92 | ec01 0000 

  0x000002cc972e2308: ; implicit exception: dispatches to 0x000002cc972e862c
  0x000002cc972e2308: 478b 5cd4 | 1447 2b5c | d410 4f8d | 04cc 4c89 | 4424 3845 | 8bcb 41c1 | f91f 4723 | 4cd4 0c45 
  0x000002cc972e2328: ;   {oop(a 'java/lang/Class'{0x000000061eeba280} = 'me/jellysquid/mods/sodium/client/SodiumClientMod')}
  0x000002cc972e2328: 03cb 49bb | 80a2 eb1e | 0600 0000 | 458b 5b7c | 4585 db0f | 8411 4c00 | 0047 8b44 | dc14 478b 
  0x000002cc972e2348: 5cc4 0c4d | 8b87 9002 | 0000 498b | 1845 3bcb | 7f1b 4889 | 5c24 20e9 | 1801 0000 | 660f 1f44 
  0x000002cc972e2368: 0000 660f | 1f44 0000 | 488b 5c24 | 2047 8b44 | d410 438b | 7cd4 1444 | 3bc7 0f84 | fc4b 0000 
  0x000002cc972e2388: 478b 4cd4 | 1843 8b4c | cc0c 443b | c10f 83bf | 4700 0043 | 8b4c d40c | 418b d0ff | c243 8954 
  0x000002cc972e23a8: d410 3bd1 | 0f84 be11 | 0000 412b | f8ff cf44 | 8bdf 41c1 | fb1f 4423 | d944 03df | 49c1 e103 
  0x000002cc972e23c8: 4f8b 44c1 | 1083 f904 | 0f8e f54a | 0000 8be9 | c1fd 1fc1 | ed1e 03e9 | c1fd 0244 | 3bdd 0f8e 
  0x000002cc972e23e8: cc4b 0000 | 4d85 c00f | 84bc 3900 | 0049 8be8 | 4889 5c24 | 2049 8bd0 | 41b8 0100 | 0000 49b9 
  0x000002cc972e2408: ffff ffff | ffff ff7f 

  0x000002cc972e2410: ;   {static_call}
  0x000002cc972e2410: c5f8 77e8 

  0x000002cc972e2414: ; ImmutableOopMap {[32]=Oop [48]=Oop [56]=Oop }
                      ;*invokestatic nglClientWaitSync {reexecute=0 rethrow=0 return_oop=0}
                      ; - org.lwjgl.opengl.GL32C::glClientWaitSync@14 (line 718)
                      ; - net.minecraft.client.Minecraft::handler$zlh000$embeddium$preRender@50 (line 33477)
                      ; - net.minecraft.client.Minecraft::m_91383_@3
  0x000002cc972e2414: a854 48fd | 488b d590 

  0x000002cc972e241c: ;   {static_call}
  0x000002cc972e241c: c5f8 77e8 

  0x000002cc972e2420: ; ImmutableOopMap {[32]=Oop [48]=Oop [56]=Oop }
                      ;*invokestatic nglDeleteSync {reexecute=0 rethrow=0 return_oop=0}
                      ; - org.lwjgl.opengl.GL32C::glDeleteSync@12 (line 686)
                      ; - net.minecraft.client.Minecraft::handler$zlh000$embeddium$preRender@56 (line 33478)
                      ; - net.minecraft.client.Minecraft::m_91383_@3
  0x000002cc972e2420: 9c50 48fd | 4d8b 9758 

  0x000002cc972e2428: ; ImmutableOopMap {[32]=Oop [48]=Oop [56]=Oop }
                      ;*goto {reexecute=1 rethrow=0 return_oop=0}
                      ; - (reexecute) net.minecraft.client.Minecraft::handler$zlh000$embeddium$preRender@59 (line 33479)
                      ; - net.minecraft.client.Minecraft::m_91383_@3
                      ;   {poll}
  0x000002cc972e2428: 0300 0041 | 8502 4c8b | 5424 3045 | 8b92 ec01 | 0000 478b | 44d4 1447 | 2b44 d410 

  0x000002cc972e2444: ;   {oop(a 'java/lang/Class'{0x000000061eeba280} = 'me/jellysquid/mods/sodium/client/SodiumClientMod')}
  0x000002cc972e2444: 49bb 80a2 | eb1e 0600 | 0000 458b | 4b7c 418b | e8c1 fd1f | 4323 6cd4 | 0c41 03e8 | 4585 c90f 
  0x000002cc972e2464: 846b 4b00 | 0047 8b44 | cc14 478b | 5cc4 0c41 | 3beb 0f8f | f4fe ffff 

  0x000002cc972e247c: ;   {oop(a 'io/tythee/ReflexScheduler'{0x0000000621c011b0})}
  0x000002cc972e247c: 48ba b011 | c021 0600 | 0000 6690 

  0x000002cc972e2488: ;   {optimized virtual_call}
  0x000002cc972e2488: c5f8 77e8 

  0x000002cc972e248c: ; ImmutableOopMap {[32]=Oop [48]=Oop }
                      ;*invokevirtual calculateWaitTime {reexecute=0 rethrow=0 return_oop=1}
                      ; - io.tythee.ReflexScheduler::Wait@1 (line 113)
                      ; - net.minecraft.client.Minecraft::handler$cgh000$reflex$afterRender@3 (line 12427)
                      ; - net.minecraft.client.Minecraft::m_91383_@9 (line 1084)
  0x000002cc972e248c: 9038 7fff | 4885 c00f | 851a 2d00 | 0048 8b5c | 2430 8bbb | e001 0000 | 85ff 0f84 | e446 0000 
  0x000002cc972e24ac: c5f8 7749 | ba60 e38d | 97fa 7f00 | 0041 ffd2 | 498d 34fc | 4883 f880 | 7c39 4883 | f87f 7f33 
  0x000002cc972e24cc: 448b d041 | 8bea 81c5 | 8000 0000 | 81fd 0001 | 0000 0f83 | dc4b 0000 

  0x000002cc972e24e4: ;   {oop(a 'java/lang/Long'[256] {0x0000000675341790})}
  0x000002cc972e24e4: 4d63 d249 | bb90 1734 | 7506 0000 | 0047 8b9c | 9310 0200 | 004b 8d2c | dceb 4549 | 8baf 0801 
  0x000002cc972e2504: 0000 4c8b | d549 83c2 | 184d 3b97 | 1801 0000 | 0f83 af37 | 0000 4d89 | 9708 0100 | 0041 0f18 
  0x000002cc972e2524: 8200 0100 | 0048 c745 | 0001 0000 

  0x000002cc972e2530: ;   {metadata('java/lang/Long')}
  0x000002cc972e2530: 00c7 4508 | 1043 0400 | 4489 650c | 4c89 6510 | 4889 4510 | 4180 7f38 | 000f 8566 | 2e00 004c 
  0x000002cc972e2550: 8bd6 4c8b | dd4d 33da | 4c8b cd49 | c1e9 0345 | 894c fc0c | 49c1 eb17 

  0x000002cc972e2568: ;   {oop(a 'io/tythee/CpuTimeCollectorAction'{0x00000007136a9958})}
  0x000002cc972e2568: 48bd 5899 | 6a13 0700 | 0000 4d85 | db74 1a49 | c1ea 0948 | b900 008c | 99cc 0200 | 0049 03ca 
  0x000002cc972e2588: 8039 040f | 85dd 2e00 | 0041 807f | 3800 0f85 | e12d 0000 

  0x000002cc972e259c: ;   {oop(a 'io/tythee/CpuTimeCollectorAction'{0x00000007136a9958})}
  0x000002cc972e259c: 41c7 44fc | 142b 536d | e24c 8bd5 | 4c8b de4d | 33d3 49c1 | ea17 4d85 | d274 1a49 | c1eb 0948 
  0x000002cc972e25bc: b900 008c | 99cc 0200 | 0049 03cb | 8039 040f | 8554 2e00 | 0048 8beb 

  0x000002cc972e25d4: ;   {oop(a 'io/tythee/ReflexScheduler'{0x0000000621c011b0})}
  0x000002cc972e25d4: 48ba b011 | c021 0600 | 0000 6690 

  0x000002cc972e25e0: ;   {optimized virtual_call}
  0x000002cc972e25e0: c5f8 77e8 

  0x000002cc972e25e4: ; ImmutableOopMap {rbp=Oop [32]=Oop }
                      ;*invokevirtual renderQueueAdd {reexecute=0 rethrow=0 return_oop=0}
                      ; - net.minecraft.client.Minecraft::handler$cgh000$reflex$afterRender@16 (line 12430)
                      ; - net.minecraft.client.Minecraft::m_91383_@9 (line 1084)
  0x000002cc972e25e4: 38ca 6600 | 488b dd8b | bb90 0000 | 0085 ff0f | 84a7 4500 | 0041 807f | 3800 0f85 | e92d 0000 
  0x000002cc972e2604: ;   {oop("Pre render"{0x000000064483a8b8})}
  0x000002cc972e2604: 41c7 44fc | 6c17 7590 | c84d 8d14 

  0x000002cc972e2610: ;   {oop("Pre render"{0x000000064483a8b8})}
  0x000002cc972e2610: fc49 bbb8 | a883 4406 | 0000 004d | 33da 49c1 | eb17 4d85 | db74 1a49 | c1ea 0948 | b900 008c 
  0x000002cc972e2630: 99cc 0200 | 0049 03ca | 8039 040f | 857c 2e00 

  0x000002cc972e2640: ;   {oop(a 'java/lang/Class'{0x000000067405f838} = 'net/minecraft/Util')}
  0x000002cc972e2640: 0049 ba38 | f805 7406 | 0000 0041 | 8baa 8800 | 0000 458b 

  0x000002cc972e2654: ;   {metadata('com/mojang/blaze3d/systems/RenderSystem$$Lambda$6915+0x000002ccb533e208')}
  0x000002cc972e2654: 5cec 0841 | 81fb 08e2 | 3302 0f85 | 6845 0000 | 4d8d 14ec | 418b 6a0c 

  0x000002cc972e266c: ; implicit exception: dispatches to 0x000002cc972e867c
  0x000002cc972e266c: 458b 54ec 

  0x000002cc972e2670: ;   {metadata('com/mojang/blaze3d/platform/GLX$$Lambda$6914+0x000002ccb533dff0')}
  0x000002cc972e2670: 0841 81fa | f0df 3302 | 0f85 6245 | 0000 4889 | 5c24 3048 | ba50 4058 | eefa 7f00 | 0066 6690 
  0x000002cc972e2690: ;   {static_call}
  0x000002cc972e2690: c5f8 77e8 

  0x000002cc972e2694: ; ImmutableOopMap {[32]=Oop [48]=Oop }
                      ;*invokestatic invokeD {reexecute=0 rethrow=0 return_oop=0}
                      ; - org.lwjgl.glfw.GLFW::glfwGetTime@5 (line 4775)
                      ; - com.mojang.blaze3d.platform.GLX::lambda$_initGlfw$2@0 (line 69)
                      ; - com.mojang.blaze3d.platform.GLX$$Lambda$6914/0x000002ccb533dff0::getAsLong@0
                      ; - com.mojang.blaze3d.systems.RenderSystem$$Lambda$6915/0x000002ccb533e208::getAsLong@4
                      ; - net.minecraft.Util::m_137569_@3 (line 119)
                      ; - net.minecraft.client.Minecraft::m_91383_@22 (line 1085)
  0x000002cc972e2694: 28c3 d8fc | 4c8b 5424 | 3045 8b92 | 9000 0000 

  0x000002cc972e26a4: ; implicit exception: dispatches to 0x000002cc972e86ac
  0x000002cc972e26a4: 4b8b 6cd4 

  0x000002cc972e26a8: ;   {section_word}
  0x000002cc972e26a8: 10c5 fb59 | 05cf fbff | ffc4 61fb 

  0x000002cc972e26b4: ;   {external_word}
  0x000002cc972e26b4: 2cd8 4c3b | 1de3 eb8f | fb75 1048 | 83ec 08c5 | fb11 0424 

  0x000002cc972e26c8: ;   {runtime_call StubRoutines (1)}
  0x000002cc972e26c8: e80e eb8f | fb41 5b48 | 85ed 0f84 | 5037 0000 | 4c89 5c24 | 3848 8bd5 | 49b8 607e | 58ee fa7f 
  0x000002cc972e26e8: 0000 6690 

  0x000002cc972e26ec: ;   {static_call}
  0x000002cc972e26ec: c5f8 77e8 

  0x000002cc972e26f0: ; ImmutableOopMap {[32]=Oop [48]=Oop }
                      ;*invokestatic invokePI {reexecute=0 rethrow=0 return_oop=0}
                      ; - org.lwjgl.glfw.GLFW::glfwWindowShouldClose@17 (line 2246)
                      ; - com.mojang.blaze3d.platform.GLX::_shouldClose@4 (line 92)
                      ; - com.mojang.blaze3d.platform.Window::m_85411_@1 (line 121)
                      ; - net.minecraft.client.Minecraft::m_91383_@30 (line 1086)
  0x000002cc972e26f0: ccff 48fd | 85c0 0f85 | ec48 0000 | 4c8b 7424 | 3041 8bae | ac01 0000 | 85ed 0f85 | f848 0000 
  0x000002cc972e2710: 418b aea8 | 0100 0045 | 8b5c ec08 

  0x000002cc972e271c: ;   {metadata('java/util/concurrent/ConcurrentLinkedQueue')}
  0x000002cc972e271c: 4181 fbb8 | cd08 010f | 85cb 4400 | 004d 8d0c | ec4d 8be9 | 4983 c50c | 458b 5d00 | 498b d348 
  0x000002cc972e273c: c1e2 0348 | 8bfa 48be | 0000 8c99 | cc02 0000 

  0x000002cc972e274c: ; implicit exception: dispatches to 0x000002cc972e85ed
  0x000002cc972e274c: 448b 570c | 4585 d275 | 278b 6f10 | 85ed 0f84 | f71d 0000 | 4d8d 14ec | 493b fa0f | 842c 4a00 
  0x000002cc972e276c: 004d 8b87 

  0x000002cc972e2770: ; ImmutableOopMap {r10=Oop r11=NarrowOop r9=Oop rdx=Oop r13=Derived_oop_r9 r14=Oop [32]=Oop }
                      ;*goto {reexecute=1 rethrow=0 return_oop=0}
                      ; - (reexecute) java.util.concurrent.ConcurrentLinkedQueue::poll@81 (line 385)
                      ; - net.minecraft.client.Minecraft::m_91383_@87 (line 1099)
  0x000002cc972e2770: 5803 0000 

  0x000002cc972e2774: ;   {poll}
  0x000002cc972e2774: 4185 0049 | 8bfa ebd0 | 4f8d 04d4 | 4180 7f38 | 000f 857b | 2d00 0041 | 8bc2 4833 | dbf0 0fb1 
  0x000002cc972e2794: 5f0c 400f | 94c5 400f | b6ed 85ed | 0f84 7648 | 0000 483b | fa0f 8402 | 0100 008b | 4f10 85c9 
  0x000002cc972e27b4: 0f84 d320 | 0000 443b | d90f 84ee | 0000 0049 | 8d3c cc41 | 807f 3800 | 0f85 0830 | 0000 488b 
  0x000002cc972e27d4: df48 c1eb | 0341 8bc3 | f041 0fb1 | 5d00 0f94 | c30f b6db | 85db 742c | 4c8b cf49 | 8bfd 4c33 
  0x000002cc972e27f4: cf49 c1e9 | 174d 85c9 | 741a 48c1 | ef09 48b9 | 0000 8c99 | cc02 0000 | 4803 cf80 | 3904 0f85 
  0x000002cc972e2814: 8830 0000 | 85db 0f84 | 9100 0000 | 4585 db0f | 844e 4a00 | 004f 8d2c | dc4b 8d7c | dc10 4180 
  0x000002cc972e2834: 7f38 000f | 85c9 2f00 | 0044 891f | 4d8b dd4c | 8bcf 4d33 | d949 c1eb | 174d 85db | 745f 49c1 
  0x000002cc972e2854: e909 48b9 | 0000 8c99 | cc02 0000 | 4903 c980 | 3904 7449 | 4d8b 5f40 | 4d8b 4f50 | f083 4424 
  0x000002cc972e2874: c000 8039 | 0074 3644 | 8821 4d85 | db75 2149 | 8be8 458b | ea49 8bd7 | c5f8 7749 | ba50 2753 
  0x000002cc972e2894: 97fa 7f00 | 0041 ffd2 | 458b d54c | 8bc5 eb0d | 4b89 4c19 | f849 83c3 | f84d 895f | 4047 8b5c 
  0x000002cc972e28b4: ;   {metadata('net/minecraft/util/thread/ProcessorMailbox')}
  0x000002cc972e28b4: d408 4181 | fb00 09c7 | 070f 85e9 | 5a00 00e9 | 8c00 0000 | 458b ea41 | 8beb 498b | f049 8bd7 
  0x000002cc972e28d4: c5f8 7749 | ba50 2753 | 97fa 7f00 | 0041 ffd2 | 4c8b c644 | 8bdd 458b | d585 ff74 | 4c45 85db 
  0x000002cc972e28f4: 0f84 8a41 | 0000 4b8d | 1cdc 4b8d | 7cdc 1041 | 807f 3800 | 0f85 3929 | 0000 4489 | 1f4c 8bdb 
  0x000002cc972e2914: 4c8b cf4d | 33d9 49c1 | eb17 4d85 | db74 1a49 | c1e9 0948 | b900 008c | 99cc 0200 | 0049 03c9 
  0x000002cc972e2934: 8039 040f | 8540 2900 | 0047 8b5c 

  0x000002cc972e2940: ;   {metadata('net/minecraft/util/thread/ProcessorMailbox')}
  0x000002cc972e2940: d408 4181 | fb00 09c7 | 070f 85ed | 5a00 0048 | 8b74 2430 

  0x000002cc972e2954: ; implicit exception: dispatches to 0x000002cc972e8514
  0x000002cc972e2954: 458b 5008 

  0x000002cc972e2958: ;   {metadata('net/minecraft/util/thread/ProcessorMailbox')}
  0x000002cc972e2958: 4181 fa00 | 09c7 070f | 85cd 3700 | 0048 8974 | 2430 498b | ee49 8bd0 

  0x000002cc972e2970: ;   {optimized virtual_call}
  0x000002cc972e2970: c5f8 77e8 

  0x000002cc972e2974: ; ImmutableOopMap {rbp=Oop [32]=Oop }
                      ;*invokeinterface run {reexecute=0 rethrow=0 return_oop=0}
                      ; - net.minecraft.client.Minecraft::m_91383_@103 (line 1100)
  0x000002cc972e2974: 4802 02ff | 4d8b 9758 

  0x000002cc972e297c: ; ImmutableOopMap {rbp=Oop [32]=Oop }
                      ;*goto {reexecute=1 rethrow=0 return_oop=0}
                      ; - (reexecute) net.minecraft.client.Minecraft::m_91383_@108 (line 1100)
                      ;   {poll}
  0x000002cc972e297c: 0300 0041 | 8502 4c8b | f545 8b96 | a801 0000 

  0x000002cc972e298c: ; implicit exception: dispatches to 0x000002cc972e8524
  0x000002cc972e298c: 478b 5cd4 

  0x000002cc972e2990: ;   {metadata('java/util/concurrent/ConcurrentLinkedQueue')}
  0x000002cc972e2990: 0841 81fb | b8cd 0801 | 0f85 b637 | 0000 4b8d | 3cd4 488b | df48 83c3 | 0c44 8b1b | 4d8b cb49 
  0x000002cc972e29b0: c1e1 0349 | 8bf1 448b | 560c 4585 | d275 2944 | 8b46 1045 | 85c0 0f84 | f400 0000 | 4f8d 14c4 
  0x000002cc972e29d0: 493b f20f | 8472 3b00 | 004d 8b87 

  0x000002cc972e29dc: ; ImmutableOopMap {r10=Oop r11=NarrowOop r9=Oop rbx=Derived_oop_rdi rdi=Oop r14=Oop [32]=Oop }
                      ;*goto {reexecute=1 rethrow=0 return_oop=0}
                      ; - (reexecute) java.util.concurrent.ConcurrentLinkedQueue::poll@81 (line 385)
                      ; - net.minecraft.client.Minecraft::m_91383_@87 (line 1099)
  0x000002cc972e29dc: 5803 0000 

  0x000002cc972e29e0: ;   {poll}
  0x000002cc972e29e0: 4185 0049 | 8bf2 ebce | 4f8d 04d4 | 4180 7f38 | 000f 855d | 1d00 0041 | 8bc2 4833 | d2f0 0fb1 
  0x000002cc972e2a00: 560c 0f94 | c10f b6c9 | 85c9 0f84 | 3d39 0000 | 493b f10f | 8424 ffff | ff8b 4e10 | 85c9 0f84 
  0x000002cc972e2a20: cc0b 0000 | 443b d90f | 8410 ffff | ff49 8d34 | cc41 807f | 3800 0f85 | df27 0000 | 4c8b ce49 
  0x000002cc972e2a40: c1e9 0341 | 8bc3 f044 | 0fb1 0b40 | 0f94 c740 | 0fb6 ff85 | ff0f 8492 | feff ff4c | 8bcb 488b 
  0x000002cc972e2a60: ce49 33c9 | 48c1 e917 | 4885 c90f | 847c feff | ff49 c1e9 | 0948 b900 | 008c 99cc | 0200 0049 
  0x000002cc972e2a80: 03c9 8039 | 040f 8462 | feff ff4d | 8b4f 4049 | 8b5f 50f0 | 8344 24c0 | 0080 3900 | 0f84 4bfe 
  0x000002cc972e2aa0: ffff 4488 | 214d 85c9 | 0f84 1afe | ffff 4a89 | 4c0b f849 | 83c1 f84d | 894f 40e9 | 2dfe ffff 
  0x000002cc972e2ac0: 4c3b ce0f | 84df 0000 | 0041 807f | 3800 0f85 | 492b 0000 | 4c8b c649 | c1e8 0341 | 8bc3 f044 
  0x000002cc972e2ae0: 0fb1 0340 | 0f94 c740 | 0fb6 ff85 | ff74 2c4c | 8bd3 4c8b | c64d 33c2 | 49c1 e817 | 4d85 c074 
  0x000002cc972e2b00: 1a49 c1ea | 0948 b900 | 008c 99cc | 0200 0049 | 03ca 8039 | 040f 8564 | 2b00 0085 | ff0f 8485 
  0x000002cc972e2b20: 0000 0045 | 85db 0f84 | 1a46 0000 | 4b8d 3cdc | 4b8d 74dc | 1041 807f | 3800 0f85 | 092b 0000 
  0x000002cc972e2b40: 4489 1e4c | 8bd7 4c8b | de4d 33d3 | 49c1 ea17 | 4d85 d274 | 5349 c1eb | 0948 b900 | 008c 99cc 
  0x000002cc972e2b60: 0200 0049 | 03cb 8039 | 0474 3d4d | 8b57 404d | 8b5f 50f0 | 8344 24c0 | 0080 3900 | 742a 4488 
  0x000002cc972e2b80: 214d 85d2 | 7515 498b | d7c5 f877 | 49ba 5027 | 5397 fa7f | 0000 41ff | d2eb 0d4b | 894c 13f8 
  0x000002cc972e2ba0: 4983 c2f8 | 4d89 5740 | 488b 7424 | 3044 8b5c | 2428 4585 | db0f 8451 

  0x000002cc972e2bb8: ;   {oop(a 'java/lang/Class'{0x000000067405f838} = 'net/minecraft/Util')}
  0x000002cc972e2bb8: 0a00 0049 | ba38 f805 | 7406 0000 | 0045 8b82 | 8800 0000 

  0x000002cc972e2bcc: ; implicit exception: dispatches to 0x000002cc972e86cc
  0x000002cc972e2bcc: 478b 54c4 | 0841 8b8e | 9400 0000 

  0x000002cc972e2bd8: ;   {metadata('com/mojang/blaze3d/systems/RenderSystem$$Lambda$6915+0x000002ccb533e208')}
  0x000002cc972e2bd8: 4181 fa08 | e233 020f | 856c 4000 | 004f 8d14 | c441 8b6a | 0c45 8b54 

  0x000002cc972e2bf0: ;   {metadata('com/mojang/blaze3d/platform/GLX$$Lambda$6914+0x000002ccb533dff0')}
  0x000002cc972e2bf0: ec08 4181 | faf0 df33 | 020f 8571 | 4000 008b | e948 8974 | 2440 4489 | 5c24 304c | 8974 2428 
  0x000002cc972e2c10: 48ba 5040 | 58ee fa7f | 0000 6690 

  0x000002cc972e2c1c: ;   {static_call}
  0x000002cc972e2c1c: c5f8 77e8 

  0x000002cc972e2c20: ; ImmutableOopMap {rbp=NarrowOop [32]=Oop [40]=Oop }
                      ;*invokestatic invokeD {reexecute=0 rethrow=0 return_oop=0}
                      ; - org.lwjgl.glfw.GLFW::glfwGetTime@5 (line 4775)
                      ; - com.mojang.blaze3d.platform.GLX::lambda$_initGlfw$2@0 (line 69)
                      ; - com.mojang.blaze3d.platform.GLX$$Lambda$6914/0x000002ccb533dff0::getAsLong@0
                      ; - com.mojang.blaze3d.systems.RenderSystem$$Lambda$6915/0x000002ccb533e208::getAsLong@4
                      ; - net.minecraft.Util::m_137569_@3 (line 119)
                      ; - net.minecraft.Util::m_137550_@0 (line 115)
                      ; - net.minecraft.client.Minecraft::m_91383_@119 (line 1104)
  0x000002cc972e2c20: 9cbd d8fc 

  0x000002cc972e2c24: ;   {section_word}
  0x000002cc972e2c24: c5fb 5905 | 54f6 ffff | c461 fb2c 

  0x000002cc972e2c30: ;   {external_word}
  0x000002cc972e2c30: d04c 3b15 | 68e6 8ffb | 7510 4883 | ec08 c5fb 

  0x000002cc972e2c40: ;   {runtime_call StubRoutines (1)}
  0x000002cc972e2c40: 1104 24e8 | 93e5 8ffb | 415a 4d8b | da49 c1fb | 3f48 b8db | 34b6 d782 | de1b 4349 | f7ea 4c8b 
  0x000002cc972e2c60: c249 c1f8 | 124d 2bc3 | 4d8b d04d | 2b54 ec10 | 4d89 44ec | 104c 8b74 | 2428 458b | 9eb4 0100 
  0x000002cc972e2c80: 00c4 c1fa | 2ac2 c4c1 | 7a5e 4cec | 1cc4 c17a | 114c ec18 | c4c1 7258 | 44ec 0cc5 | fa2c d881 
  0x000002cc972e2ca0: fb00 0000 | 8075 0f48 | 83ec 08c5 | fa11 0424 

  0x000002cc972e2cb0: ;   {runtime_call StubRoutines (1)}
  0x000002cc972e2cb0: e83e e48f | fb5b c5f9 | 6ecb c5f8 | 5bc9 c5fa | 5cc9 c4c1 | 7a11 4cec | 0c47 8b54 

  0x000002cc972e2ccc: ;   {metadata('net/minecraft/util/profiling/InactiveProfiler')}
  0x000002cc972e2ccc: dc08 4181 | fa50 49f4 | 010f 85ad | 3f00 0041 | 8b6e 1445 | 8b54 ec08 

  0x000002cc972e2ce4: ;   {metadata('java/util/concurrent/ConcurrentLinkedQueue')}
  0x000002cc972e2ce4: 4181 fab8 | cd08 010f | 85bb 3f00 | 004d 8d1c | ec49 8bf3 | 4883 c60c | 8b2e 458b | 54ec 0c45 
  0x000002cc972e2d04: 85d2 740c | 4f8d 1cd4 | 4533 ede9 | 1c01 0000 | 488b cd48 | c1e1 0349 | 8d3c ec4c | 8bc7 4533 
  0x000002cc972e2d24: ed89 5c24 | 3449 8bdb | 896c 2448 | 458b 5010 | 4585 d274 | 414f 8d0c | d44d 3bc1 | 0f84 5645 
  0x000002cc972e2d44: 0000 4d8b | 9f58 0300 

  0x000002cc972e2d4c: ; ImmutableOopMap {r10=NarrowOop r9=Oop rcx=Oop rbx=Oop rdi=Oop rsi=Derived_oop_rbx r14=Oop [32]=Oop [72]=NarrowOop }
                      ;*goto {reexecute=1 rethrow=0 return_oop=0}
                      ; - (reexecute) java.util.concurrent.ConcurrentLinkedQueue::peek@45 (line 406)
                      ; - net.minecraft.util.thread.BlockableEventLoop::m_7245_@4 (line 121)
                      ; - net.minecraft.util.thread.BlockableEventLoop::m_18699_@1 (line 115)
                      ; - net.minecraft.client.Minecraft::m_91383_@140 (line 1106)
                      ;   {poll}
  0x000002cc972e2d4c: 0041 8503 | 478b 5cd4 | 0c45 85db | 741b 49c1 | e303 8b5c | 2448 413b | da74 054d | 8bc1 eb22 
  0x000002cc972e2d6c: 8b5c 2434 | e9bb 0000 | 004d 8bc1 | ebb6 493b | c875 0c45 | 33db 8b5c | 2434 e9a5 | 0000 0045 
  0x000002cc972e2d8c: 33db 4180 | 7f38 000f | 8535 2900 | 004d 8bd0 | 49c1 ea03 | 8b44 2448 | f044 0fb1 | 1640 0f94 
  0x000002cc972e2dac: c540 0fb6 | ed85 ed74 | 2c4d 8bd0 | 4c8b c64d | 33d0 49c1 | ea17 4d85 | d274 1a49 | c1e8 0948 
  0x000002cc972e2dcc: b900 008c | 99cc 0200 | 0049 03c8 | 8039 040f | 85a8 2900 | 0085 ed0f | 84e8 2900 | 008b 5c24 
  0x000002cc972e2dec: 4849 8d6c | dc10 4180 | 7f38 000f | 8500 2900 | 0089 5d00 | 4c8b d74c | 8bc5 4d33 | d049 c1ea 
  0x000002cc972e2e0c: 174d 85d2 | 741a 49c1 | e809 48b9 | 0000 8c99 | cc02 0000 | 4903 c880 | 3904 0f85 | 0e29 0000 
  0x000002cc972e2e2c: 8b5c 2434 | 4d85 db0f | 8476 1900 | 0045 8b43 | 0848 be00 | 0000 b3cc | 0200 0049 | 03f0 4c8b 
  0x000002cc972e2e4c: ;   {metadata('java/lang/Runnable')}
  0x000002cc972e2e4c: 5620 49b8 | 50c8 01b3 | cc02 0000 | 4d3b d00f | 8519 0700 | 0041 8b6e | 1445 8b54 

  0x000002cc972e2e68: ;   {metadata('java/util/concurrent/ConcurrentLinkedQueue')}
  0x000002cc972e2e68: ec08 4181 | fab8 cd08 | 010f 8565 | 3e00 004d | 8d14 ec49 | 8bfa 4883 | c70c 448b | 1f49 8bf3 
  0x000002cc972e2e88: 48c1 e603 | 4c89 7424 | 4844 896c | 2434 895c | 2450 4c89 | 5424 5844 | 895c 2460 | 4889 7424 
  0x000002cc972e2ea8: 288b 5e0c | 448b f385 | db75 278b | 6e10 85ed | 0f84 9517 | 0000 4d8d | 14ec 493b | f20f 8428 
  0x000002cc972e2ec8: 4300 004d | 8b9f 5803 

  0x000002cc972e2ed0: ; ImmutableOopMap {r10=Oop rdi=Derived_oop_[88] [32]=Oop [40]=Oop [72]=Oop [88]=Oop [96]=NarrowOop }
                      ;*goto {reexecute=1 rethrow=0 return_oop=0}
                      ; - (reexecute) java.util.concurrent.ConcurrentLinkedQueue::poll@81 (line 385)
                      ; - java.util.AbstractQueue::remove@1 (line 113)
                      ; - net.minecraft.util.thread.BlockableEventLoop::m_7245_@41 (line 130)
                      ; - net.minecraft.util.thread.BlockableEventLoop::m_18699_@1 (line 115)
                      ; - net.minecraft.client.Minecraft::m_91383_@140 (line 1106)
                      ;   {poll}
  0x000002cc972e2ed0: 0000 4185 | 0349 8bf2 | ebcf 4d8d | 2cdc 4180 | 7f38 000f | 8540 2600 | 008b c34d | 33db f044 
  0x000002cc972e2ef0: 0fb1 5e0c | 400f 94c5 | 400f b6ed | 85ed 0f84 | 7b41 0000 | 4c8b 5c24 | 2849 3bf3 | 0f84 fa00 
  0x000002cc972e2f10: 0000 448b | 5610 4585 | d20f 847c | 1900 008b | 5c24 6041 | 3bda 0f84 | e000 0000 | 4b8d 34d4 
  0x000002cc972e2f30: 4180 7f38 | 000f 8501 | 2900 004c | 8bde 49c1 | eb03 8bc3 | f044 0fb1 | 1f40 0f94 | c540 0fb6 
  0x000002cc972e2f50: ed85 ed74 | 2c4c 8bd7 | 4c8b de4d | 33da 49c1 | eb17 4d85 | db74 1a49 | c1ea 0948 | b900 008c 
  0x000002cc972e2f70: 99cc 0200 | 0049 03ca | 8039 040f | 857e 2900 | 0085 ed0f | 8483 0000 | 0085 db0f | 844f 4300 
  0x000002cc972e2f90: 0049 8d3c | dc49 8d74 | dc10 4180 | 7f38 000f | 85c5 2800 | 0089 1e4c | 8bd7 4c8b | de4d 33d3 
  0x000002cc972e2fb0: 49c1 ea17 | 4d85 d274 | 5349 c1eb | 0948 b900 | 008c 99cc | 0200 0049 | 03cb 8039 | 0474 3d4d 
  0x000002cc972e2fd0: 8b57 404d | 8b5f 50f0 | 8344 24c0 | 0080 3900 | 742a 4488 | 214d 85d2 | 7515 498b | d7c5 f877 
  0x000002cc972e2ff0: 49ba 5027 | 5397 fa7f | 0000 41ff | d2eb 0d4b | 894c 13f8 | 4983 c2f8 | 4d89 5740 | 478b 5cf4 
  0x000002cc972e3010: 0848 be00 | 0000 b3cc | 0200 0049 | 03f3 4c8b 

  0x000002cc972e3020: ;   {metadata('java/lang/Runnable')}
  0x000002cc972e3020: 5620 49bb | 50c8 01b3 | cc02 0000 | 4d3b d30f | 857f 0500 | 004c 8b54 | 2448 41ff | 4218 498b 
  0x000002cc972e3040: d549 8bea | 6690 c5f8 | 7748 b810 | f3e2 98cd 

  0x000002cc972e3050: ;   {virtual_call}
  0x000002cc972e3050: 0200 00e8 

  0x000002cc972e3054: ; ImmutableOopMap {rbp=Oop [32]=Oop }
                      ;*invokeinterface run {reexecute=0 rethrow=0 return_oop=0}
                      ; - net.minecraft.util.thread.BlockableEventLoop::m_6367_@1 (line 156)
                      ; - net.minecraft.util.thread.ReentrantBlockableEventLoop::m_6367_@12 (line 23)
                      ; - net.minecraft.util.thread.BlockableEventLoop::m_7245_@49 (line 130)
                      ; - net.minecraft.util.thread.BlockableEventLoop::m_18699_@1 (line 115)
                      ; - net.minecraft.client.Minecraft::m_91383_@140 (line 1106)
  0x000002cc972e3054: b803 a0fb | 4c8b d541 | ff4a 18e9 | bf00 0000 | 498b d7c5 | f877 49ba | 5027 5397 | fa7f 0000 
  0x000002cc972e3074: 41ff d285 | ff74 4c45 | 85ed 0f84 | 6c3a 0000 | 4b8d 1cec | 4b8d 7cec | 1041 807f | 3800 0f85 
  0x000002cc972e3094: 6622 0000 | 4489 2f4c | 8bd3 4c8b | df4d 33d3 | 49c1 ea17 | 4d85 d274 | 1a49 c1eb | 0948 b900 
  0x000002cc972e30b4: 008c 99cc | 0200 0049 | 03cb 8039 | 040f 856d | 2200 0047 | 8b54 f408 | 48be 0000 | 00b3 cc02 
  0x000002cc972e30d4: 0000 4903 | f24c 8b56 

  0x000002cc972e30dc: ;   {metadata('java/lang/Runnable')}
  0x000002cc972e30dc: 2049 bb50 | c801 b3cc | 0200 004d | 3bd3 0f85 | 4c03 0000 | 4c8b 5424 | 284c 8b5c | 2448 41ff 
  0x000002cc972e30fc: 4318 498b | d24d 8bd3 | 498b ea66 | 6690 c5f8 | 7748 b850 | 9de3 98cd 

  0x000002cc972e3114: ;   {virtual_call}
  0x000002cc972e3114: 0200 00e8 

  0x000002cc972e3118: ; ImmutableOopMap {rbp=Oop [32]=Oop }
                      ;*invokeinterface run {reexecute=0 rethrow=0 return_oop=0}
                      ; - net.minecraft.util.thread.BlockableEventLoop::m_6367_@1 (line 156)
                      ; - net.minecraft.util.thread.ReentrantBlockableEventLoop::m_6367_@12 (line 23)
                      ; - net.minecraft.util.thread.BlockableEventLoop::m_7245_@49 (line 130)
                      ; - net.minecraft.util.thread.BlockableEventLoop::m_18699_@1 (line 115)
                      ; - net.minecraft.client.Minecraft::m_91383_@140 (line 1106)
  0x000002cc972e3118: f402 a0fb | 4c8b d541 | ff4a 184c | 8954 2448 | 458b 5a14 

  0x000002cc972e312c: ; implicit exception: dispatches to 0x000002cc972e8534
  0x000002cc972e312c: 478b 44dc 

  0x000002cc972e3130: ;   {metadata('java/util/concurrent/ConcurrentLinkedQueue')}
  0x000002cc972e3130: 0841 81f8 | b8cd 0801 | 0f85 6230 | 0000 49c1 | e303 498b | fb48 83c7 | 0c44 8b37 

  0x000002cc972e314c: ; implicit exception: dispatches to 0x000002cc972e8544
  0x000002cc972e314c: 478b 44f4 | 0c45 85c0 | 7409 4b8d | 2cc4 e92a | 0100 0049 | 8bce 48c1 | e103 4b8d | 34f4 4c8b 
  0x000002cc972e316c: ee45 8b55 | 1045 85d2 | 7438 4f8d | 04d4 4d3b | e80f 8425 | 3900 004d | 8b8f 5803 

  0x000002cc972e3188: ; ImmutableOopMap {r10=NarrowOop r11=Oop r8=Oop rcx=Oop rdi=Derived_oop_r11 rsi=Oop r14=NarrowOop [32]=Oop [72]=Oop }
                      ;*goto {reexecute=1 rethrow=0 return_oop=0}
                      ; - (reexecute) java.util.concurrent.ConcurrentLinkedQueue::peek@45 (line 406)
                      ; - net.minecraft.util.thread.BlockableEventLoop::m_7245_@4 (line 121)
                      ; - net.minecraft.util.thread.BlockableEventLoop::m_18699_@1 (line 115)
                      ; - net.minecraft.client.Minecraft::m_91383_@140 (line 1106)
                      ;   {poll}
  0x000002cc972e3188: 0000 4185 | 0147 8b4c | d40c 4585 | c974 124b | 8d2c cc45 | 3bf2 0f84 | e500 0000 | 4d8b e8eb 
  0x000002cc972e31a8: 104d 8be8 | ebbf 493b | cd0f 84d0 | 0000 0033 | ed41 807f | 3800 0f85 | 9417 0000 | 4d8b dd49 
  0x000002cc972e31c8: c1eb 0341 | 8bc6 f044 | 0fb1 1f0f | 94c3 0fb6 | db85 db74 | 2c4d 8bd5 | 4c8b df4d | 33d3 49c1 
  0x000002cc972e31e8: ea17 4d85 | d274 1a49 | c1eb 0948 | b900 008c | 99cc 0200 | 0049 03cb | 8039 040f | 8561 1f00 
  0x000002cc972e3208: 0085 db74 | 7c4b 8d5c | f410 4180 | 7f38 000f | 855e 1700 | 0044 8933 | 4c8b d64c | 8bdb 4d33 
  0x000002cc972e3228: d349 c1ea | 174d 85d2 | 7457 49c1 | eb09 48b9 | 0000 8c99 | cc02 0000 | 4903 cb80 | 3904 7441 
  0x000002cc972e3248: 4d8b 5740 | 4d8b 5f50 | f083 4424 | c000 8039 | 0074 2e44 | 8821 4d85 | d275 1549 | 8bd7 c5f8 
  0x000002cc972e3268: 7749 ba50 | 2753 97fa | 7f00 0041 | ffd2 eb11 | 4b89 4c13 | f849 83c2 | f84d 8957 | 40eb 0233 
  0x000002cc972e3288: ed48 85ed | 0f84 0f15 | 0000 448b | 5d08 48be | 0000 00b3 | cc02 0000 | 4903 f34c 

  0x000002cc972e32a4: ;   {metadata('java/lang/Runnable')}
  0x000002cc972e32a4: 8b56 2049 | bb50 c801 | b3cc 0200 | 004d 3bd3 | 0f85 4a01 | 0000 4c8b | 5424 4845 | 8b52 1447 
  0x000002cc972e32c4: 8b5c d408 

  0x000002cc972e32c8: ;   {metadata('java/util/concurrent/ConcurrentLinkedQueue')}
  0x000002cc972e32c8: 4181 fbb8 | cd08 010f | 85f7 2e00 | 004b 8d1c | d448 8beb | 4883 c50c | 448b 6d00 | 498b fd48 
  0x000002cc972e32e8: c1e7 0348 | 8bf7 448b | 760c 4585 | f675 2944 | 8b56 1045 | 85d2 0f84 | 7401 0000 | 4f8d 1cd4 
  0x000002cc972e3308: 493b f30f | 848b 3200 | 004d 8b97 

  0x000002cc972e3314: ; ImmutableOopMap {r11=Oop rbx=Oop rdi=Oop rbp=Derived_oop_rbx r13=NarrowOop [32]=Oop [72]=Oop }
                      ;*goto {reexecute=1 rethrow=0 return_oop=0}
                      ; - (reexecute) java.util.concurrent.ConcurrentLinkedQueue::poll@81 (line 385)
                      ; - java.util.AbstractQueue::remove@1 (line 113)
                      ; - net.minecraft.util.thread.BlockableEventLoop::m_7245_@41 (line 130)
                      ; - net.minecraft.util.thread.BlockableEventLoop::m_18699_@1 (line 115)
                      ; - net.minecraft.client.Minecraft::m_91383_@140 (line 1106)
  0x000002cc972e3314: 5803 0000 

  0x000002cc972e3318: ;   {poll}
  0x000002cc972e3318: 4185 0249 | 8bf3 ebce | 4f8d 14f4 | 4c89 5424 | 2841 807f | 3800 0f85 | 3115 0000 | 418b c64d 
  0x000002cc972e3338: 33d2 f044 | 0fb1 560c | 410f 94c2 | 450f b6d2 | 4585 d20f | 848e 3000 | 0048 3bf7 | 0f84 6dfd 
  0x000002cc972e3358: ffff 448b | 5610 4585 | d20f 8497 | 0200 0045 | 3bea 0f84 | 57fd ffff | 4b8d 34d4 | 4180 7f38 
  0x000002cc972e3378: 000f 8553 | 1f00 004c | 8bd6 49c1 | ea03 418b | c5f0 440f | b155 0040 | 0f94 c740 | 0fb6 ff85 
  0x000002cc972e3398: ff0f 84d8 | fcff ff4c | 8bd5 4c8b | de4d 33da | 49c1 eb17 | 4d85 db0f | 84c2 fcff | ff49 c1ea 
  0x000002cc972e33b8: 0948 b900 | 008c 99cc | 0200 0049 | 03ca 8039 | 040f 84a8 | fcff ff4d | 8b57 404d | 8b5f 50f0 
  0x000002cc972e33d8: 8344 24c0 | 0080 3900 | 0f84 91fc | ffff 4488 | 214d 85d2 | 0f84 72fc | ffff 4b89 | 4c13 f849 
  0x000002cc972e33f8: 83c2 f84d | 8957 40e9 | 73fc ffff 

  0x000002cc972e3404: ;   {metadata('java/lang/Runnable')}
  0x000002cc972e3404: 48b8 50c8 | 01b3 cc02 | 0000 488b | 7e28 8b0f | 4883 c708 | 4885 c0f2 | 48af 0f85 | 0400 0000 
  0x000002cc972e3424: 4889 4620 | 0f84 8cfe | ffff bade | ffff ff90 

  0x000002cc972e3434: ;   {runtime_call UncommonTrapBlob}
  0x000002cc972e3434: c5f8 77e8 

  0x000002cc972e3438: ; ImmutableOopMap {rbp=Oop }
                      ;*checkcast {reexecute=0 rethrow=0 return_oop=0}
                      ; - net.minecraft.util.thread.BlockableEventLoop::m_7245_@9 (line 121)
                      ; - net.minecraft.util.thread.BlockableEventLoop::m_18699_@1 (line 115)
                      ; - net.minecraft.client.Minecraft::m_91383_@140 (line 1106)
  0x000002cc972e3438: c434 95fb 

  0x000002cc972e343c: ;   {metadata('java/lang/Runnable')}
  0x000002cc972e343c: 48b8 50c8 | 01b3 cc02 | 0000 488b | 7e28 8b0f | 4883 c708 | 4885 c0f2 | 48af 0f85 | 0400 0000 
  0x000002cc972e345c: 4889 4620 | 0f84 8afc | ffff bade | ffff ff41 | 8bee 6690 

  0x000002cc972e3470: ;   {runtime_call UncommonTrapBlob}
  0x000002cc972e3470: c5f8 77e8 

  0x000002cc972e3474: ; ImmutableOopMap {rbp=NarrowOop }
                      ;*checkcast {reexecute=0 rethrow=0 return_oop=0}
                      ; - net.minecraft.util.thread.BlockableEventLoop::m_7245_@46 (line 130)
                      ; - net.minecraft.util.thread.BlockableEventLoop::m_18699_@1 (line 115)
                      ; - net.minecraft.client.Minecraft::m_91383_@140 (line 1106)
  0x000002cc972e3474: 8834 95fb | 483b fe0f | 84c8 0000 | 0041 807f | 3800 0f85 | c020 0000 | 418b dd4c | 8bde 49c1 
  0x000002cc972e3494: eb03 8bc3 | f044 0fb1 | 5d00 400f | 94c7 400f | b6ff 85ff | 742c 4c8b | d54c 8bde | 4d33 da49 
  0x000002cc972e34b4: c1eb 174d | 85db 741a | 49c1 ea09 | 48b9 0000 | 8c99 cc02 | 0000 4903 | ca80 3904 | 0f85 fe20 
  0x000002cc972e34d4: 0000 85ff | 746f 85db | 0f84 4538 | 0000 498d | 3cdc 498d | 74dc 1041 | 807f 3800 | 0f85 8520 
  0x000002cc972e34f4: 0000 891e | 4c8b d74c | 8bde 4d33 | d349 c1ea | 174d 85d2 | 743f 49c1 | eb09 4c8b | 4424 404d 
  0x000002cc972e3514: 03c3 4180 | 3804 742d | 4d8b 5740 | 4d8b 5f50 | f083 4424 | c000 4180 | 3800 7419 | 4588 204d 
  0x000002cc972e3534: 85d2 0f84 | 1838 0000 | 4f89 4413 | f849 83c2 | f84d 8957 | 40ba 45ff | ffff 488b | 6c24 4844 
  0x000002cc972e3554: 8b5c 2430 | 4489 5c24 | 204c 8b54 | 2438 4c89 | 5424 2890 

  0x000002cc972e3568: ;   {runtime_call UncommonTrapBlob}
  0x000002cc972e3568: c5f8 77e8 

  0x000002cc972e356c: ; ImmutableOopMap {rbp=Oop }
                      ;*ifnull {reexecute=1 rethrow=0 return_oop=0}
                      ; - (reexecute) java.util.AbstractQueue::remove@6 (line 114)
                      ; - net.minecraft.util.thread.BlockableEventLoop::m_7245_@41 (line 130)
                      ; - net.minecraft.util.thread.BlockableEventLoop::m_18699_@1 (line 115)
                      ; - net.minecraft.client.Minecraft::m_91383_@140 (line 1106)
  0x000002cc972e356c: 9033 95fb | 4789 64d4 | 10e9 3dee 

  0x000002cc972e3578: ;   {metadata('java/lang/Runnable')}
  0x000002cc972e3578: ffff 48b8 | 50c8 01b3 | cc02 0000 | 488b 7e28 | 8b0f 4883 | c708 4885 | c0f2 48af | 0f85 0400 
  0x000002cc972e3598: 0000 4889 | 4620 0f84 | bdf8 ffff | bade ffff | ff49 8beb 

  0x000002cc972e35ac: ;   {runtime_call UncommonTrapBlob}
  0x000002cc972e35ac: c5f8 77e8 

  0x000002cc972e35b0: ; ImmutableOopMap {rbp=Oop }
                      ;*checkcast {reexecute=0 rethrow=0 return_oop=0}
                      ; - net.minecraft.util.thread.BlockableEventLoop::m_7245_@9 (line 121)
                      ; - net.minecraft.util.thread.BlockableEventLoop::m_18699_@1 (line 115)
                      ; - net.minecraft.client.Minecraft::m_91383_@140 (line 1106)
  0x000002cc972e35b0: 4c33 95fb 

  0x000002cc972e35b4: ;   {metadata('java/lang/Runnable')}
  0x000002cc972e35b4: 48b8 50c8 | 01b3 cc02 | 0000 488b | 7e28 8b0f | 4883 c708 | 4885 c0f2 | 48af 0f85 | 0400 0000 
  0x000002cc972e35d4: 4889 4620 | 0f84 57fa | ffff bade | ffff ff41 | 8bee 6690 

  0x000002cc972e35e8: ;   {runtime_call UncommonTrapBlob}
  0x000002cc972e35e8: c5f8 77e8 

  0x000002cc972e35ec: ; ImmutableOopMap {rbp=NarrowOop }
                      ;*checkcast {reexecute=0 rethrow=0 return_oop=0}
                      ; - net.minecraft.util.thread.BlockableEventLoop::m_7245_@46 (line 130)
                      ; - net.minecraft.util.thread.BlockableEventLoop::m_18699_@1 (line 115)
                      ; - net.minecraft.client.Minecraft::m_91383_@140 (line 1106)
  0x000002cc972e35ec: 1033 95fb | 4c3b ce0f | 8538 f4ff | ffe9 3ff3 | ffff 483b | fe0f 856d | fdff ffe9 | bbfa ffff 
  0x000002cc972e360c: 4533 ed45 | 33c0 458b | 9ed4 0000 | 0045 85db | 0f84 133d | 0000 4489 | 4424 3044 | 896c 2428 
  0x000002cc972e362c: 498b ee4b | 8d14 dc90 

  0x000002cc972e3634: ;   {optimized virtual_call}
  0x000002cc972e3634: c5f8 77e8 

  0x000002cc972e3638: ; ImmutableOopMap {rbp=Oop [32]=Oop }
                      ;*invokevirtual m_91523_ {reexecute=0 rethrow=0 return_oop=0}
                      ; - net.minecraft.client.Minecraft::m_91383_@214 (line 1118)
  0x000002cc972e3638: 24ba ce01 | 488b f58b | be90 0000 | 0085 ff0f | 84f7 3c00 | 0041 807f | 3800 0f85 | f022 0000 
  0x000002cc972e3658: ;   {oop("Render"{0x000000066799a368})}
  0x000002cc972e3658: 41c7 44fc | 6c6d 34f3 | cc4d 8d14 

  0x000002cc972e3664: ;   {oop("Render"{0x000000066799a368})}
  0x000002cc972e3664: fc49 bb68 | a399 6706 | 0000 004d | 33da 49c1 | eb17 4d85 | db74 1a49 | c1ea 0948 | b900 008c 
  0x000002cc972e3684: 99cc 0200 | 0049 03ca | 8039 040f | 8523 2300 | 0044 8b96 | b401 0000 

  0x000002cc972e369c: ; implicit exception: dispatches to 0x000002cc972e8826
  0x000002cc972e369c: 478b 5cd4 

  0x000002cc972e36a0: ;   {metadata('net/minecraft/util/profiling/InactiveProfiler')}
  0x000002cc972e36a0: 0841 81fb | 5049 f401 | 0f85 223d | 0000 448b | 9ebc 0000 | 0047 8b8c | dc8c 0000 | 0044 8b86 
  0x000002cc972e36c0: 1801 0000 

  0x000002cc972e36c4: ; implicit exception: dispatches to 0x000002cc972e8844
  0x000002cc972e36c4: 478b 5cc4 | 1044 895c | 2450 470f | b644 dc1c | 4585 c00f | 8444 0400 | 0047 0fb6 | 44cc 2c45 
  0x000002cc972e36e4: 85c0 0f84 | 3504 0000 | 4d8b 8708 | 0100 0047 | 8b5c dc34 | 4d8b d049 | 83c2 2043 | 8b5c cc38 
  0x000002cc972e3704: 438b 4ccc | 4443 8b7c | cc40 4d3b | 9718 0100 | 000f 8311 | 2d00 004d | 8997 0801 | 0000 410f 
  0x000002cc972e3724: 1882 0001 | 0000 49c7 | 0001 0000 

  0x000002cc972e3730: ;   {metadata('net/minecraft/client/sounds/SoundEngine$$Lambda$58389+0x000002ccbb3d7c28')}
  0x000002cc972e3730: 0041 c740 | 0828 7c3d | 0845 8960 | 0c4d 8960 | 104d 8960 | 1844 8b54 | 2450 4589 | 500c 4189 
  0x000002cc972e3750: 4818 4189 | 7814 4189 | 5810 478b | 54dc 1c4d | 8bca 49c1 | e103 4c8b | 5424 204d | 3bd1 0f85 
  0x000002cc972e3770: f101 0000 | 458b 4808 

  0x000002cc972e3778: ;   {metadata('net/minecraft/client/sounds/SoundEngine$$Lambda$58389+0x000002ccbb3d7c28')}
  0x000002cc972e3778: 4181 f928 | 7c3d 080f | 85b7 4200 | 0041 8b40 | 0c45 8b58 | 1845 8b48 | 1041 8b78 | 1441 8b5c 
  0x000002cc972e3798: c42c 85db | 0f84 7342 | 0000 4180 | 7f38 000f | 8579 2700 | 0045 894c | dc10 4d8b | c149 c1e0 
  0x000002cc972e37b8: 0349 8d0c | dc48 8bd9 | 4c33 c349 | c1e8 174d | 85c0 741f | 4585 c974 | 1a48 c1eb | 0948 b900 
  0x000002cc972e37d8: 008c 99cc | 0200 0048 | 03cb 8039 | 040f 856f | 2700 00c4 | 817b 5a44 

  0x000002cc972e37f0: ;   {oop(a 'java/lang/Class'{0x000000062da68360} = 'org/lwjgl/openal/AL')}
  0x000002cc972e37f0: cc10 49b8 | 6083 a62d | 0600 0000 | 418b 6878 

  0x000002cc972e3800: ; implicit exception: dispatches to 0x000002cc972e8a8c
  0x000002cc972e3800: 418b 4cec | 08c4 816b | 5a54 cc20 | c481 735a 

  0x000002cc972e3810: ;   {metadata('org/lwjgl/openal/AL$ICDStatic')}
  0x000002cc972e3810: 4ccc 1881 | f930 4f85 | 060f 853d | 4200 0089 | 7c24 4844 | 895c 2434 | 4c89 5424 | 2048 8974 
  0x000002cc972e3830: 2440 498d | 2cc4 8944 | 242c ba04 

  0x000002cc972e383c: ;   {oop(a 'org/lwjgl/openal/ALCapabilities'{0x000000065714e2f0})}
  0x000002cc972e383c: 1000 0049 | baf0 e214 | 5706 0000 | 004d 8b82 | a000 0000 

  0x000002cc972e3850: ;   {static_call}
  0x000002cc972e3850: c5f8 77e8 

  0x000002cc972e3854: ; ImmutableOopMap {rbp=Oop [32]=Oop [44]=NarrowOop [52]=NarrowOop [64]=Oop [72]=NarrowOop }
                      ;*invokestatic invokeV {reexecute=0 rethrow=0 return_oop=0}
                      ; - org.lwjgl.openal.AL10::alListener3f@14 (line 484)
                      ; - com.mojang.blaze3d.audio.Listener::m_83739_@23 (line 13)
                      ; - net.minecraft.client.sounds.SoundEngine::m_252595_@5 (line 480)
                      ; - net.minecraft.client.sounds.SoundEngine$$Lambda$58389/0x000002ccbb3d7c28::run@16
                      ; - net.minecraft.util.thread.BlockableEventLoop::execute@20 (line 102)
                      ; - net.minecraft.client.sounds.SoundEngine::m_120270_@44 (line 479)
                      ; - net.minecraft.client.sounds.SoundManager::m_120361_@5 (line 256)
                      ; - net.minecraft.client.Minecraft::m_91383_@250 (line 1121)
  0x000002cc972e3854: 28e1 94fb | 448b 5424 | 2c47 3b64 | d42c 0f84 | c041 0000 | 4d8b 8708 | 0100 004d | 8bd0 4983 
  0x000002cc972e3874: c228 4d3b | 9718 0100 | 000f 83ae | 3100 004d | 8997 0801 | 0000 410f | 1882 0001 | 0000 49c7 
  0x000002cc972e3894: 0001 0000 | 0041 0f18 | 8240 0100 

  0x000002cc972e38a0: ;   {metadata({type array float})}
  0x000002cc972e38a0: 0041 c740 | 0858 6300 | 0041 0f18 | 8280 0100 | 0041 c740 | 0c06 0000 | 004d 8960 | 104d 8960 
  0x000002cc972e38c0: 184d 8960 | 2044 8b5c | 2448 c481 | 7a10 4cdc | 0cc4 c17a | 1148 10c4 | 817a 1044 | dc14 c481 
  0x000002cc972e38e0: 7a10 54dc | 10c4 c17a | 1150 14c4 | c17a 1140 | 1844 8b54 | 2434 c481 | 7a10 44d4 | 0cc4 c17a 
  0x000002cc972e3900: ;   {oop(a 'java/lang/Class'{0x000000062da68360} = 'org/lwjgl/openal/AL')}
  0x000002cc972e3900: 1140 1c49 | bb60 83a6 | 2d06 0000 | 0041 8b6b | 78c4 817a | 104c d410 | c4c1 7a11 | 4820 c481 
  0x000002cc972e3920: 7a10 44d4 | 14c4 c17a | 1140 2445 | 8b5c ec08 

  0x000002cc972e3930: ;   {metadata('org/lwjgl/openal/AL$ICDStatic')}
  0x000002cc972e3930: 4181 fb30 | 4f85 060f | 855b 4100 

  0x000002cc972e393c: ;   {oop(a 'org/lwjgl/openal/ALCapabilities'{0x000000065714e2f0})}
  0x000002cc972e393c: 0049 bbf0 | e214 5706 | 0000 004d | 8b8b a800 | 0000 ba0f | 1000 0048 | 8b6c 2440 

  0x000002cc972e3958: ;   {static_call}
  0x000002cc972e3958: c5f8 77e8 

  0x000002cc972e395c: ; ImmutableOopMap {rbp=Oop [32]=Oop [64]=Oop }
                      ;*invokestatic invokePV {reexecute=0 rethrow=0 return_oop=0}
                      ; - org.lwjgl.openal.AL10::alListenerfv@21 (line 1647)
                      ; - com.mojang.blaze3d.audio.Listener::m_252991_@49 (line 21)
                      ; - net.minecraft.client.sounds.SoundEngine::m_252595_@14 (line 481)
                      ; - net.minecraft.client.sounds.SoundEngine$$Lambda$58389/0x000002ccbb3d7c28::run@16
                      ; - net.minecraft.util.thread.BlockableEventLoop::execute@20 (line 102)
                      ; - net.minecraft.client.sounds.SoundEngine::m_120270_@44 (line 479)
                      ; - net.minecraft.client.sounds.SoundManager::m_120361_@5 (line 256)
                      ; - net.minecraft.client.Minecraft::m_91383_@250 (line 1121)
  0x000002cc972e395c: 20e0 94fb | e9a7 0100 | 0047 8b4c | dc14 438b 

  0x000002cc972e396c: ;   {metadata('java/util/concurrent/ConcurrentLinkedQueue')}
  0x000002cc972e396c: 5ccc 0881 | fbb8 cd08 | 010f 85e1 | 3f00 0049 | 8b9f 0801 | 0000 488b | cb48 83c1 | 184b 8d3c 
  0x000002cc972e398c: dc4b 8d2c | cc49 3b8f | 1801 0000 | 0f83 4d2b | 0000 4989 | 8f08 0100 | 000f 1881 | 0001 0000 
  0x000002cc972e39ac: 48c7 0301 

  0x000002cc972e39b0: ;   {metadata('java/util/concurrent/ConcurrentLinkedQueue$Node')}
  0x000002cc972e39b0: 0000 00c7 | 4308 08d2 | 0801 4c89 | 6310 4889 | 7424 404c | 8944 2448 | 4489 5c24 | 2c4c 8bd3 
  0x000002cc972e39d0: 4889 7c24 | 504c 8bed | 4983 c510 | 418b 5d00 | 4c8b 5c24 | 4849 c1eb | 0345 895a | 0c49 8bf2 
  0x000002cc972e39f0: 48c1 ee03 | 4c89 5424 | 4889 5c24 | 34eb 3045 | 8b55 0041 | 3bd8 0f84 | a51b 0000 | 448b 5c24 
  0x000002cc972e3a10: 3441 3bdb | 0f85 1e31 | 0000 4f8d | 34c4 4d8b | 9758 0300 

  0x000002cc972e3a24: ; ImmutableOopMap {rsi=NarrowOop rbp=Oop r13=Derived_oop_rbp r14=Oop [32]=Oop [44]=NarrowOop [52]=NarrowOop [64]=Oop [72]=Oop [80]=Oop }
                      ;*goto {reexecute=1 rethrow=0 return_oop=0}
                      ; - (reexecute) java.util.concurrent.ConcurrentLinkedQueue::offer@117 (line 380)
                      ; - java.util.concurrent.ConcurrentLinkedQueue::add@2 (line 283)
                      ; - net.minecraft.util.thread.BlockableEventLoop::m_6937_@5 (line 93)
                      ; - net.minecraft.util.thread.BlockableEventLoop::execute@13 (line 100)
                      ; - net.minecraft.client.sounds.SoundEngine::m_120270_@44 (line 479)
                      ; - net.minecraft.client.sounds.SoundManager::m_120361_@5 (line 256)
                      ; - net.minecraft.client.Minecraft::m_91383_@250 (line 1121)
                      ;   {poll}
  0x000002cc972e3a24: 0041 8502 | 498b de48 | c1eb 0385 | db0f 8465 | 3d00 004d | 8d34 dc4d | 8d54 dc10 | 458b 0245 
  0x000002cc972e3a44: 85c0 75b7 | 4833 c0f0 | 410f b132 | 400f 94c7 | 400f b6ff | 85ff 742b | 4c8b 5c24 | 484d 33da 
  0x000002cc972e3a64: 49c1 eb17 | 4d85 db74 | 1a49 c1ea | 0948 b900 | 008c 99cc | 0200 0049 | 03ca 8039 | 040f 851b 
  0x000002cc972e3a84: 2400 0085 | ff74 9344 | 8b5c 2434 | 413b db74 | 4f41 807f | 3800 0f85 | 1626 0000 | 418b c3f0 
  0x000002cc972e3aa4: 410f b175 | 0041 0f94 | c245 0fb6 | d245 85d2 | 742e 4c8b | 5424 484d | 8bdd 4d33 | d349 c1ea 
  0x000002cc972e3ac4: 174d 85d2 | 741a 49c1 | eb09 48b9 | 0000 8c99 | cc02 0000 | 4903 cb80 | 3904 0f85 | 0526 0000 
  0x000002cc972e3ae4: 448b 5424 | 2c47 8b54 | d41c 4585 | d274 194f 

  0x000002cc972e3af4: ;   {oop(a 'jdk/internal/misc/Unsafe'{0x00000005e81430a0})}
  0x000002cc972e3af4: 8d04 d448 | baa0 3014 | e805 0000 | 0066 6690 

  0x000002cc972e3b04: ;   {optimized virtual_call}
  0x000002cc972e3b04: c5f8 77e8 

  0x000002cc972e3b08: ; ImmutableOopMap {[32]=Oop [64]=Oop }
                      ;*invokevirtual unpark {reexecute=0 rethrow=0 return_oop=0}
                      ; - java.util.concurrent.locks.LockSupport::unpark@8 (line 177)
                      ; - net.minecraft.util.thread.BlockableEventLoop::m_6937_@15 (line 94)
                      ; - net.minecraft.util.thread.BlockableEventLoop::execute@13 (line 100)
                      ; - net.minecraft.client.sounds.SoundEngine::m_120270_@44 (line 479)
                      ; - net.minecraft.client.sounds.SoundManager::m_120361_@5 (line 256)
                      ; - net.minecraft.client.Minecraft::m_91383_@250 (line 1121)
  0x000002cc972e3b08: 3492 49fd | 488b 7424 | 4044 8b96 | b401 0000 | 4585 d20f | 846d 3c00 | 0047 8b44 

  0x000002cc972e3b24: ;   {metadata('net/minecraft/util/profiling/InactiveProfiler')}
  0x000002cc972e3b24: d408 4181 | f850 49f4 | 010f 85b1 

  0x000002cc972e3b30: ;   {oop(a 'java/lang/Class'{0x000000067405f838} = 'net/minecraft/Util')}
  0x000002cc972e3b30: 3800 0049 | ba38 f805 | 7406 0000 | 0041 8baa | 8800 0000 

  0x000002cc972e3b44: ; implicit exception: dispatches to 0x000002cc972e8864
  0x000002cc972e3b44: 458b 5cec 

  0x000002cc972e3b48: ;   {metadata('com/mojang/blaze3d/systems/RenderSystem$$Lambda$6915+0x000002ccb533e208')}
  0x000002cc972e3b48: 0841 81fb | 08e2 3302 | 0f85 a638 | 0000 4d8d | 14ec 418b | 6a0c 458b 

  0x000002cc972e3b60: ;   {metadata('com/mojang/blaze3d/platform/GLX$$Lambda$6914+0x000002ccb533dff0')}
  0x000002cc972e3b60: 54ec 0841 | 81fa f0df | 3302 0f85 | a038 0000 | 488b ee48 | ba50 4058 | eefa 7f00 | 0066 6690 
  0x000002cc972e3b80: ;   {static_call}
  0x000002cc972e3b80: c5f8 77e8 

  0x000002cc972e3b84: ; ImmutableOopMap {rbp=Oop [32]=Oop }
                      ;*invokestatic invokeD {reexecute=0 rethrow=0 return_oop=0}
                      ; - org.lwjgl.glfw.GLFW::glfwGetTime@5 (line 4775)
                      ; - com.mojang.blaze3d.platform.GLX::lambda$_initGlfw$2@0 (line 69)
                      ; - com.mojang.blaze3d.platform.GLX$$Lambda$6914/0x000002ccb533dff0::getAsLong@0
                      ; - com.mojang.blaze3d.systems.RenderSystem$$Lambda$6915/0x000002ccb533e208::getAsLong@4
                      ; - net.minecraft.Util::m_137569_@3 (line 119)
                      ; - net.minecraft.client.Minecraft::m_91383_@274 (line 1124)
  0x000002cc972e3b84: 38ae d8fc | 4c8b d545 | 8b9a cc00 | 0000 470f | b65c dc25 

  0x000002cc972e3b98: ;   {section_word}
  0x000002cc972e3b98: c5fb 5905 | e0e6 ffff | c4e1 fb2c 

  0x000002cc972e3ba4: ;   {external_word}
  0x000002cc972e3ba4: c048 3b05 | f4d6 8ffb | 750f 4883 | ec08 c5fb 

  0x000002cc972e3bb4: ;   {runtime_call StubRoutines (1)}
  0x000002cc972e3bb4: 1104 24e8 | 1fd6 8ffb | 5845 85db | 0f85 fe3b | 0000 418b | 8ac0 0100 | 0045 8b82 | 7401 0000 
  0x000002cc972e3bd4: 4585 c00f | 844f 0200 

  0x000002cc972e3bdc: ;   {oop(a 'net/minecraftforge/common/ForgeConfigSpec$EnumValue'{0x000000061ee01af8})}
  0x000002cc972e3bdc: 0049 bbf8 | 1ae0 1e06 | 0000 0041 | 8b6b 1c85 | ed0f 8425 | 3f00 0045 | 8b44 ec20 | 418b 5b14 
  0x000002cc972e3bfc: 4585 c00f | 84a8 2600 

  0x000002cc972e3c04: ;   {oop(a 'java/lang/Class'{0x000000061e82b8b0} = 'net/minecraftforge/common/ForgeConfigSpec$ConfigValue')}
  0x000002cc972e3c04: 0049 bbb0 | b882 1e06 | 0000 0041 | 0fb6 6b70 | 85ed 0f84 | 583f 0000 

  0x000002cc972e3c1c: ;   {oop(a 'net/minecraftforge/common/ForgeConfigSpec$EnumValue'{0x000000061ee01af8})}
  0x000002cc972e3c1c: 49bb f81a | e01e 0600 | 0000 458b | 4b18 4585 | c90f 847a | 0c00 004d | 8bd9 49c1 | e303 458b 
  0x000002cc972e3c3c: ;   {metadata('toni/sodiumextras/EmbyConfig$FPSDisplaySystemMode')}
  0x000002cc972e3c3c: 4b08 4181 | f998 df34 | 020f 8519 

  0x000002cc972e3c48: ;   {oop(a 'toni/sodiumextras/EmbyConfig$FPSDisplaySystemMode'{0x000000061ee01ca8})}
  0x000002cc972e3c48: 4700 0049 | b8a8 1ce0 | 1e06 0000 | 004d 3bd8 | 0f84 e23e 

  0x000002cc972e3c5c: ;   {oop(a 'toni/sodiumextras/EmbyConfig$FPSDisplaySystemMode'{0x000000061ee01cf0})}
  0x000002cc972e3c5c: 0000 49b8 | f01c e01e | 0600 0000 | 4d3b d80f | 8543 3e00 | 0045 8b9a | c801 0000 | 4585 db0f 
  0x000002cc972e3c7c: 84fd 2700 

  0x000002cc972e3c80: ;   {oop(a 'java/lang/Class'{0x000000061dab3cc8} = 'com/mojang/blaze3d/systems/RenderSystem')}
  0x000002cc972e3c80: 0049 b8c8 | 3cab 1d06 | 0000 0045 | 8b80 8000 | 0000 4d8b | c849 c1e1 | 034c 8b44 | 2420 4d3b 
  0x000002cc972e3ca0: c10f 8512 | 3c00 004f | 8b4c dc10 | 4d85 c90f | 85c5 0200 | 0047 8b4c | dc0c 418b | 7044 4b8d 
  0x000002cc972e3cc0: 1cdc 85f6 | 0f84 c226 | 0000 418b | 6cf4 1441 | 8b54 ec0c | 8bca ffc9 | 81e1 ccdc | 34ad 85d2 
  0x000002cc972e3ce0: 0f86 fa3b | 0000 498d | 3cec 8b54 | 8f10 85d2 | 0f84 5b20 | 0000 418b | 6cd4 0c49 

  0x000002cc972e3cfc: ;   {oop(a 'java/lang/ThreadLocal$SuppliedThreadLocal'{0x00000005fe3f77c0})}
  0x000002cc972e3cfc: 8d3c d481 | fdf8 eec7 | bf0f 8548 | 2000 008b | 7f1c 48c1 | e703 8b57 

  0x000002cc972e3d14: ;   {metadata('org/lwjgl/system/MemoryStack')}
  0x000002cc972e3d14: 0881 fa50 | b11d 010f | 85ab 4600 | 008b 4f18 | 488b 6f10 | 4863 d148 | 03d5 4883 | c2fc 488b 
  0x000002cc972e3d34: f248 83e6 | fc48 8bd6 | 482b d58b | ea89 6f18 | 85ed 0f8c | 903e 0000 | 488b ee8b | d6f7 c207 
  0x000002cc972e3d54: 0000 0074 | 4548 8974 | 2468 894c | 2460 4889 | 7c24 5848 | 895c 2450 | 4489 4c24 | 2c44 895c 
  0x000002cc972e3d74: 2434 4889 | 4424 484c | 8944 2440 | 4c89 5424 | 2041 b904 | 0000 0048 | 8bd6 448b | 4424 2890 
  0x000002cc972e3d94: ;   {static_call}
  0x000002cc972e3d94: c5f8 77e8 

  0x000002cc972e3d98: ; ImmutableOopMap {[32]=Oop [52]=NarrowOop [64]=Oop [80]=Oop [88]=Oop }
                      ;*invokestatic nmemset {reexecute=0 rethrow=0 return_oop=0}
                      ; - org.lwjgl.system.MemoryUtil::memSet@87 (line 1801)
                      ; - org.lwjgl.system.MemoryStack::callocInt@15 (line 439)
                      ; - org.lwjgl.opengl.GL15C::glGetQueryObjecti@11 (line 972)
                      ; - com.mojang.blaze3d.systems.TimerQuery$FrameProfile::m_231150_@21 (line 71)
                      ; - net.minecraft.client.Minecraft::m_91383_@331 (line 1130)
  0x000002cc972e3d98: a4d8 fdfc | eb3a 48ba | 0000 0000 | ffff ffff | 4821 5500 | 4c89 5424 | 204c 8944 | 2440 4889 
  0x000002cc972e3db8: 4424 4844 | 895c 2434 | 4489 4c24 | 2c48 895c | 2450 4889 | 7c24 5889 | 4c24 6048 | 8974 2468 
  0x000002cc972e3dd8: 41b8 6788 | 0000 8b54 | 242c 4c8b | 4c24 6890 

  0x000002cc972e3de8: ;   {static_call}
  0x000002cc972e3de8: c5f8 77e8 

  0x000002cc972e3dec: ; ImmutableOopMap {[32]=Oop [52]=NarrowOop [64]=Oop [80]=Oop [88]=Oop }
                      ;*invokestatic nglGetQueryObjectiv {reexecute=0 rethrow=0 return_oop=0}
                      ; - org.lwjgl.opengl.GL15C::glGetQueryObjecti@23 (line 973)
                      ; - com.mojang.blaze3d.systems.TimerQuery$FrameProfile::m_231150_@21 (line 71)
                      ; - net.minecraft.client.Minecraft::m_91383_@331 (line 1130)
  0x000002cc972e3dec: d0a0 29ff | 448b 5500 | 448b 4424 | 6045 85c0 | 0f8c 9a3d | 0000 4c8b | 4c24 5841 | 8b69 0c3b 
  0x000002cc972e3e0c: 6c24 600f | 8c03 3e00 | 0045 8941 | 1841 83fa | 0174 3a45 | 33d2 4489 | 5424 50e9 | 7f01 0000 
  0x000002cc972e3e2c: ; implicit exception: dispatches to 0x000002cc972e8988
  0x000002cc972e3e2c: 458b 44cc 

  0x000002cc972e3e30: ;   {metadata('net/minecraft/util/profiling/metrics/profiling/InactiveMetricsRecorder')}
  0x000002cc972e3e30: 0841 81f8 | f852 f401 | 0f85 1e46 | 0000 4d89 | 6240 4533 | db4c 8954 | 2420 4889 | 4424 4844 
  0x000002cc972e3e50: 895c 2450 | e952 0100 | 0044 8b4c | 2434 478b | 44cc 0c4c | 8b54 2440 | 418b 5a44 | 85db 0f84 
  0x000002cc972e3e70: e42b 0000 | 418b 6cdc | 1441 8b4c | ec0c 448b | d941 ffcb | 4181 e3cc | dc34 ad85 | c90f 862d 
  0x000002cc972e3e90: 3e00 004d | 8d14 ec47 | 8b54 9a10 | 4585 d20f | 8481 2100 | 0043 8b54 | d40c 4b8d 

  0x000002cc972e3eac: ;   {oop(a 'java/lang/ThreadLocal$SuppliedThreadLocal'{0x00000005fe3f77c0})}
  0x000002cc972e3eac: 3cd4 81fa | f8ee c7bf | 0f85 6e21 | 0000 448b | 571c 49c1 | e203 458b 

  0x000002cc972e3ec4: ;   {metadata('org/lwjgl/system/MemoryStack')}
  0x000002cc972e3ec4: 5a08 4181 | fb50 b11d | 010f 8531 | 4500 0041 | 8be8 4489 | 4c24 2c45 | 8b5a 1844 | 895c 2434 
  0x000002cc972e3ee4: 4c89 5424 | 4049 8bd2 | 41b8 0100 | 0000 6690 

  0x000002cc972e3ef4: ;   {optimized virtual_call}
  0x000002cc972e3ef4: c5f8 77e8 

  0x000002cc972e3ef8: ; ImmutableOopMap {[32]=Oop [44]=NarrowOop [64]=Oop [80]=Oop }
                      ;*invokevirtual callocLong {reexecute=0 rethrow=0 return_oop=1}
                      ; - org.lwjgl.opengl.GL33C::glGetQueryObjecti64@11 (line 609)
                      ; - org.lwjgl.opengl.ARBTimerQuery::glGetQueryObjecti64@2 (line 95)
                      ; - com.mojang.blaze3d.systems.TimerQuery$FrameProfile::m_231150_@34 (line 72)
                      ; - net.minecraft.client.Minecraft::m_91383_@331 (line 1130)
  0x000002cc972e3ef8: 447b d500 | 4889 4424 | 5848 8bd0 

  0x000002cc972e3f04: ;   {static_call}
  0x000002cc972e3f04: c5f8 77e8 

  0x000002cc972e3f08: ; ImmutableOopMap {[32]=Oop [44]=NarrowOop [64]=Oop [80]=Oop [88]=Oop }
                      ;*invokestatic memAddress {reexecute=0 rethrow=0 return_oop=0}
                      ; - org.lwjgl.opengl.GL33C::glGetQueryObjecti64@20 (line 610)
                      ; - org.lwjgl.opengl.ARBTimerQuery::glGetQueryObjecti64@2 (line 95)
                      ; - com.mojang.blaze3d.systems.TimerQuery$FrameProfile::m_231150_@34 (line 72)
                      ; - net.minecraft.client.Minecraft::m_91383_@331 (line 1130)
  0x000002cc972e3f08: 7480 d500 | 41b8 6688 | 0000 8bd5 | 4c8b c890 

  0x000002cc972e3f18: ;   {static_call}
  0x000002cc972e3f18: c5f8 77e8 

  0x000002cc972e3f1c: ; ImmutableOopMap {[32]=Oop [44]=NarrowOop [64]=Oop [80]=Oop [88]=Oop }
                      ;*invokestatic nglGetQueryObjecti64v {reexecute=0 rethrow=0 return_oop=0}
                      ; - org.lwjgl.opengl.GL33C::glGetQueryObjecti64@23 (line 610)
                      ; - org.lwjgl.opengl.ARBTimerQuery::glGetQueryObjecti64@2 (line 95)
                      ; - com.mojang.blaze3d.systems.TimerQuery$FrameProfile::m_231150_@34 (line 72)
                      ; - net.minecraft.client.Minecraft::m_91383_@331 (line 1130)
  0x000002cc972e3f1c: 20d1 4cfd | 4c8b 5424 | 584d 85d2 | 0f84 6a3d | 0000 498b | d244 8b44 | 2428 6690 

  0x000002cc972e3f38: ;   {optimized virtual_call}
  0x000002cc972e3f38: c5f8 77e8 

  0x000002cc972e3f3c: ; ImmutableOopMap {[32]=Oop [44]=NarrowOop [64]=Oop [80]=Oop }
                      ;*invokevirtual get {reexecute=0 rethrow=0 return_oop=0}
                      ; - org.lwjgl.opengl.GL33C::glGetQueryObjecti64@29 (line 611)
                      ; - org.lwjgl.opengl.ARBTimerQuery::glGetQueryObjecti64@2 (line 95)
                      ; - com.mojang.blaze3d.systems.TimerQuery$FrameProfile::m_231150_@34 (line 72)
                      ; - net.minecraft.client.Minecraft::m_91383_@331 (line 1130)
  0x000002cc972e3f3c: 609c 32fc | 488b e848 | 8b54 2440 | 448b 4424 | 3466 6690 

  0x000002cc972e3f50: ;   {optimized virtual_call}
  0x000002cc972e3f50: c5f8 77e8 

  0x000002cc972e3f54: ; ImmutableOopMap {[32]=Oop [44]=NarrowOop [80]=Oop }
                      ;*invokevirtual setPointer {reexecute=0 rethrow=0 return_oop=0}
                      ; - org.lwjgl.opengl.GL33C::glGetQueryObjecti64@36 (line 613)
                      ; - org.lwjgl.opengl.ARBTimerQuery::glGetQueryObjecti64@2 (line 95)
                      ; - com.mojang.blaze3d.systems.TimerQuery$FrameProfile::m_231150_@34 (line 72)
                      ; - net.minecraft.client.Minecraft::m_91383_@331 (line 1130)
  0x000002cc972e3f54: 48cb f0fd | 448b 5c24 | 2c4b 896c | dc10 438b | 54dc 0c90 

  0x000002cc972e3f68: ;   {static_call}
  0x000002cc972e3f68: c5f8 77e8 

  0x000002cc972e3f6c: ; ImmutableOopMap {[32]=Oop }
                      ;*invokestatic glDeleteQueries {reexecute=0 rethrow=0 return_oop=0}
                      ; - com.mojang.blaze3d.systems.TimerQuery$FrameProfile::m_231150_@44 (line 73)
                      ; - net.minecraft.client.Minecraft::m_91383_@331 (line 1130)
  0x000002cc972e3f6c: f015 f8fd | 4c8b 5424 | 2048 8b44 | 2448 4c89 | 5424 2048 | 8944 2448 

  0x000002cc972e3f84: ;   {oop(a 'net/minecraft/client/Minecraft$$Lambda$55454+0x000002ccbb095410'{0x00000005fb8c8f88})}
  0x000002cc972e3f84: 49b8 888f | 8cfb 0500 

  0x000002cc972e3f8c: ;   {oop(a 'java/util/Optional'{0x000000062f016530})}
  0x000002cc972e3f8c: 0000 48ba | 3065 012f | 0600 0000 

  0x000002cc972e3f98: ;   {optimized virtual_call}
  0x000002cc972e3f98: c5f8 77e8 

  0x000002cc972e3f9c: ; ImmutableOopMap {[32]=Oop }
                      ;*invokevirtual ifPresent {reexecute=0 rethrow=0 return_oop=0}
                      ; - net.minecraft.client.Minecraft::m_91383_@357 (line 1132)
  0x000002cc972e3f9c: a060 1dfd | 41bb 0100 | 0000 4489 | 5c24 50ba | 0041 0000 | 448b 4424 | 2866 6690 

  0x000002cc972e3fb8: ;   {static_call}
  0x000002cc972e3fb8: c5f8 77e8 

  0x000002cc972e3fbc: ; ImmutableOopMap {[32]=Oop }
                      ;*invokestatic clear {reexecute=0 rethrow=0 return_oop=0}
                      ; - net.minecraft.client.Minecraft::m_91383_@366 (line 1136)
  0x000002cc972e3fbc: e0c2 c6ff | 4c8b 5424 | 2045 8b9a | 1401 0000 | 4585 db0f | 847f 3300 | 0048 8b6c | 2420 4b8d 
  0x000002cc972e3fdc: 14dc 41b8 | 0100 0000 

  0x000002cc972e3fe4: ;   {optimized virtual_call}
  0x000002cc972e3fe4: c5f8 77e8 

  0x000002cc972e3fe8: ; ImmutableOopMap {rbp=Oop }
                      ;*invokevirtual m_83947_ {reexecute=0 rethrow=0 return_oop=0}
                      ; - net.minecraft.client.Minecraft::m_91383_@374 (line 1137)
  0x000002cc972e3fe8: 745b c8fe 

  0x000002cc972e3fec: ;   {static_call}
  0x000002cc972e3fec: c5f8 77e8 

  0x000002cc972e3ff0: ; ImmutableOopMap {rbp=Oop }
                      ;*invokestatic m_109017_ {reexecute=0 rethrow=0 return_oop=0}
                      ; - net.minecraft.client.Minecraft::m_91383_@377 (line 1138)
  0x000002cc972e3ff0: 2cca beff | 4c8b dd41 | 8bab b401 | 0000 458b 

  0x000002cc972e4000: ;   {metadata('net/minecraft/util/profiling/InactiveProfiler')}
  0x000002cc972e4000: 54ec 0841 | 81fa 5049 | f401 0f85 | 1434 0000 | 498b eb90 

  0x000002cc972e4014: ;   {static_call}
  0x000002cc972e4014: c5f8 77e8 

  0x000002cc972e4018: ; ImmutableOopMap {rbp=Oop }
                      ;*invokestatic enableCull {reexecute=0 rethrow=0 return_oop=0}
                      ; - net.minecraft.client.Minecraft::m_91383_@392 (line 1140)
  0x000002cc972e4018: 84b2 fafd | 4c8b c541 | 8ba8 b401 | 0000 458b 

  0x000002cc972e4028: ;   {metadata('net/minecraft/util/profiling/InactiveProfiler')}
  0x000002cc972e4028: 54ec 0841 | 81fa 5049 | f401 0f85 | 0834 0000 | 410f b668 | 7285 ed0f | 85a3 3700 | 0045 0fb6 
  0x000002cc972e4048: 5871 4585 | db74 08c4 | c17a 1040 | 54eb 0e45 | 8b98 9400 | 0000 c481 | 7a10 44dc | 0c49 8be8 
  0x000002cc972e4068: c4c1 7a11 | 4060 6690 

  0x000002cc972e4070: ;   {static_call}
  0x000002cc972e4070: c5f8 77e8 

  0x000002cc972e4074: ; ImmutableOopMap {rbp=Oop }
                      ;*invokestatic onRenderTickStart {reexecute=0 rethrow=0 return_oop=0}
                      ; - net.minecraft.client.Minecraft::m_91383_@440 (line 1144)
  0x000002cc972e4074: 28f0 c8fe | 4c8b c541 | 8ba8 b401 | 0000 458b 

  0x000002cc972e4084: ;   {metadata('net/minecraft/util/profiling/InactiveProfiler')}
  0x000002cc972e4084: 54ec 0841 | 81fa 5049 | f401 0f85 | c833 0000 | 450f b650 | 7145 85d2 | 7408 c4c1 | 7a10 4854 
  0x000002cc972e40a4: eb0e 458b | 9094 0000 | 00c4 817a | 104c d40c | 458b 90bc | 0000 0045 | 85d2 0f84 | a032 0000 
  0x000002cc972e40c4: 498b e84b | 8d14 d4c5 | f828 c14c | 8b44 2438 | 448b 4c24 | 3066 6690 

  0x000002cc972e40dc: ;   {optimized virtual_call}
  0x000002cc972e40dc: c5f8 77e8 

  0x000002cc972e40e0: ; ImmutableOopMap {rbp=Oop }
                      ;*invokevirtual m_109093_ {reexecute=0 rethrow=0 return_oop=0}
                      ; - net.minecraft.client.Minecraft::m_91383_@482 (line 1146)
  0x000002cc972e40e0: bc77 4501 | 4c8b d541 | 8baa b401 | 0000 458b 

  0x000002cc972e40f0: ;   {metadata('net/minecraft/util/profiling/InactiveProfiler')}
  0x000002cc972e40f0: 5cec 0841 | 81fb 5049 | f401 0f85 | 7833 0000 | 498b eac4 | c17a 1042 | 6066 6690 

  0x000002cc972e410c: ;   {static_call}
  0x000002cc972e410c: c5f8 77e8 

  0x000002cc972e4110: ; ImmutableOopMap {rbp=Oop }
                      ;*invokestatic onRenderTickEnd {reexecute=0 rethrow=0 return_oop=0}
                      ; - net.minecraft.client.Minecraft::m_91383_@498 (line 1148)
  0x000002cc972e4110: 0c1d fefd | 4c8b d541 | 8baa bc01 | 0000 85ed | 0f85 f636 | 0000 418b | aab4 0100 | 0045 8b5c 
  0x000002cc972e4130: ;   {metadata('net/minecraft/util/profiling/InactiveProfiler')}
  0x000002cc972e4130: ec08 4181 | fb50 49f4 | 010f 8555 | 3300 0045 | 8b9a 1401 | 0000 4585 | db0f 842d | 3200 0049 
  0x000002cc972e4150: 8bea 4b8d | 14dc 6690 

  0x000002cc972e4158: ;   {optimized virtual_call}
  0x000002cc972e4158: c5f8 77e8 

  0x000002cc972e415c: ; ImmutableOopMap {rbp=Oop }
                      ;*invokevirtual m_83970_ {reexecute=0 rethrow=0 return_oop=0}
                      ; - net.minecraft.client.Minecraft::m_91383_@577 (line 1160)
  0x000002cc972e415c: e0a7 c7fe | 4c8b dd45 | 8b93 9000 | 0000 438b | 5cd4 4447 | 8b54 d448 | 458b 8314 | 0100 0045 
  0x000002cc972e417c: 85c0 0f84 | 0832 0000 | 458b ca4b | 8d14 c444 | 8bc3 6690 

  0x000002cc972e4190: ;   {optimized virtual_call}
  0x000002cc972e4190: c5f8 77e8 

  0x000002cc972e4194: ; ImmutableOopMap {rbp=Oop }
                      ;*invokevirtual m_83938_ {reexecute=0 rethrow=0 return_oop=0}
                      ; - net.minecraft.client.Minecraft::m_91383_@598 (line 1161)
  0x000002cc972e4194: 28ab 40fe 

  0x000002cc972e4198: ;   {static_call}
  0x000002cc972e4198: c5f8 77e8 

  0x000002cc972e419c: ; ImmutableOopMap {rbp=Oop }
                      ;*invokestatic m_137569_ {reexecute=0 rethrow=0 return_oop=0}
                      ; - net.minecraft.client.Minecraft::m_91383_@602 (line 1162)
  0x000002cc972e419c: 4087 d1fe | 482b 4424 | 484c 8bdd | 4989 4330 | 8b4c 2450 | 85c9 7476 | 4d8b 8708 | 0100 004d 
  0x000002cc972e41bc: 8bd0 4983 | c210 4d3b | 9718 0100 | 000f 834d | 2300 004d | 8997 0801 | 0000 410f | 1882 0001 
  0x000002cc972e41dc: 0000 49c7 | 0001 0000 

  0x000002cc972e41e4: ;   {metadata('net/minecraft/client/Minecraft$$Lambda$55455+0x000002ccbb095638')}
  0x000002cc972e41e4: 0041 c740 | 0838 5609 | 0848 8944 | 24f8 8b44 | 2450 8944 | 2420 488b | 4424 f84d | 8bd3 49c1 
  0x000002cc972e4204: ea03 498b | eb45 8950 

  0x000002cc972e420c: ;   {oop(a 'java/util/Optional'{0x000000062f016530})}
  0x000002cc972e420c: 0c48 ba30 | 6501 2f06 | 0000 0090 

  0x000002cc972e4218: ;   {optimized virtual_call}
  0x000002cc972e4218: c5f8 77e8 

  0x000002cc972e421c: ; ImmutableOopMap {rbp=Oop }
                      ;*invokevirtual ifPresent {reexecute=0 rethrow=0 return_oop=0}
                      ; - net.minecraft.client.Minecraft::m_91383_@625 (line 1164)
  0x000002cc972e421c: 205e 1dfd | 4c8b dd44 | 8b44 2420 | eb03 4533 | c041 8bab | b401 0000 

  0x000002cc972e4234: ; implicit exception: dispatches to 0x000002cc972e88f4
  0x000002cc972e4234: 458b 54ec 

  0x000002cc972e4238: ;   {metadata('net/minecraft/util/profiling/InactiveProfiler')}
  0x000002cc972e4238: 0841 81fa | 5049 f401 | 0f85 6a32 | 0000 4489 | 4424 2c41 | 8bab 9000 | 0000 4c89 | 5c24 2049 
  0x000002cc972e4258: 8bd3 4533 | c066 6690 

  0x000002cc972e4260: ;   {optimized virtual_call}
  0x000002cc972e4260: c5f8 77e8 

  0x000002cc972e4264: ; ImmutableOopMap {rbp=NarrowOop [32]=Oop }
                      ;*invokespecial handler$cgh000$reflex$beforeFlush {reexecute=0 rethrow=0 return_oop=0}
                      ; - net.minecraft.client.Minecraft::m_91383_@646 (line 1170)
  0x000002cc972e4264: f829 d4ff | 85ed 0f84 | 3031 0000 | 498d 14ec | 488b 6c24 | 2066 6690 

  0x000002cc972e427c: ;   {optimized virtual_call}
  0x000002cc972e427c: c5f8 77e8 

  0x000002cc972e4280: ; ImmutableOopMap {rbp=Oop [32]=Oop }
                      ;*invokevirtual m_85435_ {reexecute=0 rethrow=0 return_oop=0}
                      ; - net.minecraft.client.Minecraft::m_91383_@649 (line 1170)
  0x000002cc972e4280: 9c06 c9fe | 488b d545 | 33c0 6690 

  0x000002cc972e428c: ;   {optimized virtual_call}
  0x000002cc972e428c: c5f8 77e8 

  0x000002cc972e4290: ; ImmutableOopMap {rbp=Oop [32]=Oop }
                      ;*invokespecial handler$cgh000$reflex$afterFlush {reexecute=0 rethrow=0 return_oop=0}
                      ; - net.minecraft.client.Minecraft::m_91383_@654 (line 1170)
  0x000002cc972e4290: ccae e2ff | 488b d590 

  0x000002cc972e4298: ;   {optimized virtual_call}
  0x000002cc972e4298: c5f8 77e8 

  0x000002cc972e429c: ; ImmutableOopMap {rbp=Oop [32]=Oop }
                      ;*invokevirtual m_91275_ {reexecute=0 rethrow=0 return_oop=0}
                      ; - net.minecraft.client.Minecraft::m_91383_@658 (line 1171)
  0x000002cc972e429c: 0026 d4ff | 81f8 0401 | 0000 0f8d | 8c35 0000 | 8944 2434 | 8bd0 6690 

  0x000002cc972e42b4: ;   {static_call}
  0x000002cc972e42b4: c5f8 77e8 

  0x000002cc972e42b8: ; ImmutableOopMap {rbp=Oop [32]=Oop }
                      ;*invokestatic limitDisplayFPS {reexecute=0 rethrow=0 return_oop=0}
                      ; - net.minecraft.client.Minecraft::m_91383_@673 (line 1173)
  0x000002cc972e42b8: a45a e1fc | 4c8b d541 | 8baa b401 | 0000 458b 

  0x000002cc972e42c8: ;   {metadata('net/minecraft/util/profiling/InactiveProfiler')}
  0x000002cc972e42c8: 5cec 0841 | 81fb 5049 | f401 0f85 | f031 0000 | 498b ea49 | 8bd2 6690 

  0x000002cc972e42e0: ;   {optimized virtual_call}
  0x000002cc972e42e0: c5f8 77e8 

  0x000002cc972e42e4: ; ImmutableOopMap {rbp=Oop }
                      ;*invokespecial redirect$cei000$stutterfix$removeYield {reexecute=0 rethrow=0 return_oop=0}
                      ; - net.minecraft.client.Minecraft::m_91383_@689 (line 1177)
  0x000002cc972e42e4: d8b3 40fe | 488b dd8b | abb4 0100 | 0045 8b5c 

  0x000002cc972e42f4: ;   {metadata('net/minecraft/util/profiling/InactiveProfiler')}
  0x000002cc972e42f4: ec08 4181 | fb50 49f4 | 010f 85dd | 3100 008b | bb90 0000 | 0085 ff0f | 849f 3000 | 0041 807f 
  0x000002cc972e4314: 3800 0f85 | 6416 0000 

  0x000002cc972e431c: ;   {oop("Post render"{0x00000006678f0378})}
  0x000002cc972e431c: 41c7 44fc | 6c6f e0f1 | cc4d 8d14 

  0x000002cc972e4328: ;   {oop("Post render"{0x00000006678f0378})}
  0x000002cc972e4328: fc49 bb78 | 038f 6706 | 0000 004d | 33da 49c1 | eb17 4d85 | db74 1a49 | c1ea 0948 | b900 008c 
  0x000002cc972e4348: 99cc 0200 | 0049 03ca | 8039 040f | 85a8 1600 | 0048 8beb | ff43 5848 | 8bd3 6690 

  0x000002cc972e4364: ;   {optimized virtual_call}
  0x000002cc972e4364: c5f8 77e8 

  0x000002cc972e4368: ; ImmutableOopMap {rbp=Oop }
                      ;*invokevirtual m_91091_ {reexecute=0 rethrow=0 return_oop=0}
                      ; - net.minecraft.client.Minecraft::m_91383_@722 (line 1181)
  0x000002cc972e4368: 3480 c8ff | 85c0 0f85 | 5d01 0000 | 4889 6c24 | 4044 8b5c | 2428 4c8b | 5424 4045 | 0fb6 4271 
  0x000002cc972e4388: 453b c30f | 855a 1b00 | 0066 6690 

  0x000002cc972e4394: ;   {static_call}
  0x000002cc972e4394: c5f8 77e8 

  0x000002cc972e4398: ; ImmutableOopMap {[64]=Oop }
                      ;*invokestatic m_137569_ {reexecute=0 rethrow=0 return_oop=0}
                      ; - net.minecraft.client.Minecraft::m_91383_@826 (line 1192)
  0x000002cc972e4398: 4485 d1fe | 488b e84c | 8bd8 4c8b | 5424 404d | 2b5a 2044 | 8b44 242c | 4585 c074 | 044d 895a 
  0x000002cc972e43b8: 3845 8b92 | f400 0000 | 4585 d20f | 84f7 2f00 | 004b 8d14 | d44d 8bc3 

  0x000002cc972e43d0: ;   {optimized virtual_call}
  0x000002cc972e43d0: c5f8 77e8 

  0x000002cc972e43d4: ; ImmutableOopMap {[64]=Oop }
                      ;*invokevirtual m_13755_ {reexecute=0 rethrow=0 return_oop=0}
                      ; - net.minecraft.client.Minecraft::m_91383_@857 (line 1198)
  0x000002cc972e43d4: 48f8 cdff | 4c8b 5c24 | 4049 896b | 2041 8bab | b401 0000 

  0x000002cc972e43e8: ; implicit exception: dispatches to 0x000002cc972e8924
  0x000002cc972e43e8: 458b 5cec 

  0x000002cc972e43ec: ;   {metadata('net/minecraft/util/profiling/InactiveProfiler')}
  0x000002cc972e43ec: 0841 81fb | 5049 f401 | 0f85 0231 | 0000 4c8b | 5424 4045 | 8b9a c801 | 0000 4585 | db74 574b 
  0x000002cc972e440c: 8d14 dc90 

  0x000002cc972e4410: ;   {optimized virtual_call}
  0x000002cc972e4410: c5f8 77e8 

  0x000002cc972e4414: ; ImmutableOopMap {[64]=Oop }
                      ;*invokevirtual m_231150_ {reexecute=0 rethrow=0 return_oop=0}
                      ; - net.minecraft.client.Minecraft::m_91383_@889 (line 1201)
  0x000002cc972e4414: 8855 c0ff | 85c0 7446 | 4c8b 5424 | 4045 8b92 | c801 0000 | 4585 d20f | 84d7 3600 | 004b 8d14 
  0x000002cc972e4434: d466 6690 

  0x000002cc972e4438: ;   {optimized virtual_call}
  0x000002cc972e4438: c5f8 77e8 

  0x000002cc972e443c: ; ImmutableOopMap {[64]=Oop }
                      ;*invokevirtual m_231151_ {reexecute=0 rethrow=0 return_oop=0}
                      ; - net.minecraft.client.Minecraft::m_91383_@900 (line 1202)
  0x000002cc972e443c: e00d 8aff | 4c8b 5424 | 40c4 c1fb | 2a42 38c4 | e1f3 2ac8 

  0x000002cc972e4450: ;   {section_word}
  0x000002cc972e4450: c5f3 590d | 30de ffff | c5f3 5ec0 | c4c1 7b11 | 4240 6690 

  0x000002cc972e4464: ;   {static_call}
  0x000002cc972e4464: c5f8 77e8 

  0x000002cc972e4468: ; ImmutableOopMap {[64]=Oop }
                      ;*invokestatic m_137550_ {reexecute=0 rethrow=0 return_oop=0}
                      ; - net.minecraft.client.Minecraft::m_91383_@917 (line 1205)
  0x000002cc972e4468: 74a9 eefd | 41ba e803 | 0000 4c8b | 5c24 404d | 0353 2849 | 3bc2 0f8d | 2d05 0000 | 4c8b 5424 
  0x000002cc972e4488: 4041 8baa | b401 0000 

  0x000002cc972e4490: ; implicit exception: dispatches to 0x000002cc972e8934
  0x000002cc972e4490: 458b 54ec 

  0x000002cc972e4494: ;   {metadata('net/minecraft/util/profiling/InactiveProfiler')}
  0x000002cc972e4494: 0841 81fa | 5049 f401 | 0f85 6a30 | 0000 488b | 5424 4044 | 8b44 2430 | 4533 c990 

  0x000002cc972e44b0: ;   {optimized virtual_call}
  0x000002cc972e44b0: c5f8 77e8 

  0x000002cc972e44b4: ; ImmutableOopMap {}
                      ;*invokespecial handler$zlh000$embeddium$postRender {reexecute=0 rethrow=0 return_oop=0}
                      ; - net.minecraft.client.Minecraft::m_91383_@1206 (line 1220)
  0x000002cc972e44b4: 0810 ceff | c5f8 7748 | 81c4 8000 

  0x000002cc972e44c0: ;   {poll_return}
  0x000002cc972e44c0: 0000 5d49 | 3ba7 5003 | 0000 0f87 | 5a48 0000 | c348 896c | 2440 448b | 9d94 0100 | 0045 85db 
  0x000002cc972e44e0: 741e 498b | d348 c1e2 | 0390 c5f8 | 7748 b8ff | ffff ffff 

  0x000002cc972e44f4: ;   {virtual_call}
  0x000002cc972e44f4: ffff ffe8 

  0x000002cc972e44f8: ; ImmutableOopMap {rbp=Oop [64]=Oop }
                      ;*invokevirtual m_7043_ {reexecute=0 rethrow=0 return_oop=0}
                      ; - net.minecraft.client.Minecraft::m_91383_@739 (line 1181)
  0x000002cc972e44f8: 74a9 b6fb | 85c0 7528 | 8bad 9801 | 0000 85ed | 0f84 6bfe | ffff ba45 | ffff ff44 | 8b54 2430 
  0x000002cc972e4518: 4489 5424 | 2866 6690 

  0x000002cc972e4520: ;   {runtime_call UncommonTrapBlob}
  0x000002cc972e4520: c5f8 77e8 

  0x000002cc972e4524: ; ImmutableOopMap {rbp=NarrowOop [64]=Oop }
                      ;*ifnull {reexecute=1 rethrow=0 return_oop=0}
                      ; - (reexecute) net.minecraft.client.Minecraft::m_91383_@749 (line 1181)
  0x000002cc972e4524: d823 95fb | 448b 9580 | 0100 0045 | 85d2 0f84 | 5834 0000 | 4b8d 14d4 

  0x000002cc972e453c: ;   {optimized virtual_call}
  0x000002cc972e453c: c5f8 77e8 

  0x000002cc972e4540: ; ImmutableOopMap {rbp=Oop [64]=Oop }
                      ;*invokevirtual m_6992_ {reexecute=0 rethrow=0 return_oop=0}
                      ; - net.minecraft.client.Minecraft::m_91383_@766 (line 1181)
  0x000002cc972e4540: dc2d cbff | 85c0 0f85 | f436 0000 | 41bb 0100 | 0000 e927 | feff ff48 | 3bd7 0f84 | 4de6 ffff 
  0x000002cc972e4560: 4180 7f38 | 000f 8558 | 1a00 004c | 8bc7 49c1 | e803 418b | c3f0 450f | b145 000f | 94c3 0fb6 
  0x000002cc972e4580: db85 db74 | 2c4c 8bd7 | 4d8b c54d | 33d0 49c1 | ea17 4d85 | d274 1a49 | c1e8 0948 | b900 008c 
  0x000002cc972e45a0: 99cc 0200 | 0049 03c8 | 8039 040f | 85b6 1a00 | 0085 db0f | 84f4 e5ff | ff45 85db | 0f84 2635 
  0x000002cc972e45c0: 0000 4b8d | 3cdc 4b8d | 6cdc 1041 | 807f 3800 | 0f85 191a | 0000 4489 | 5d00 4c8b | d74c 8bdd 
  0x000002cc972e45e0: 4d33 d349 | c1ea 174d | 85d2 0f84 | bde5 ffff | 49c1 eb09 | 48b9 0000 | 8c99 cc02 | 0000 4903 
  0x000002cc972e4600: cb80 3904 | 0f84 a3e5 | ffff 4d8b | 5740 4d8b | 5f50 f083 | 4424 c000 | 8039 000f | 848c e5ff 
  0x000002cc972e4620: ff44 8821 | 4d85 d275 | 1849 8bd7 | c5f8 7749 | ba50 2753 | 97fa 7f00 | 0041 ffd2 | e96c e5ff 
  0x000002cc972e4640: ff4b 894c | 13f8 4983 | c2f8 4d89 | 5740 e95a | e5ff ff4c | 8b44 2428 | 4c3b c60f | 84ca 0000 
  0x000002cc972e4660: 0041 807f | 3800 0f85 | f815 0000 | 8b6c 2460 | 4c8b d649 | c1ea 038b | c5f0 440f | b117 410f 
  0x000002cc972e4680: 94c5 450f | b6ed 4585 | ed74 2c4c | 8bd7 4c8b | de4d 33da | 49c1 eb17 | 4d85 db74 | 1a49 c1ea 
  0x000002cc972e46a0: 0948 b900 | 008c 99cc | 0200 0049 | 03ca 8039 | 040f 8551 | 1600 0045 | 85ed 746f | 85ed 0f84 
  0x000002cc972e46c0: 202f 0000 | 498d 1cec | 498d 7cec | 1041 807f | 3800 0f85 | bb15 0000 | 892f 4c8b | d34c 8bdf 
  0x000002cc972e46e0: 4d33 d349 | c1ea 174d | 85d2 743f | 49c1 eb09 | 4c8b 4424 | 404d 03c3 | 4180 3804 | 742d 4d8b 
  0x000002cc972e4700: 5740 4d8b | 5f50 f083 | 4424 c000 | 4180 3800 | 7419 4588 | 204d 85d2 | 0f84 f22e | 0000 4f89 
  0x000002cc972e4720: 4413 f849 | 83c2 f84d | 8957 40ba | 45ff ffff | 488b 6c24 | 4844 8b5c | 2430 4489 | 5c24 204c 
  0x000002cc972e4740: 8b54 2438 | 4c89 5424 | 2866 6690 

  0x000002cc972e474c: ;   {runtime_call UncommonTrapBlob}
  0x000002cc972e474c: c5f8 77e8 

  0x000002cc972e4750: ; ImmutableOopMap {rbp=Oop }
                      ;*ifnull {reexecute=1 rethrow=0 return_oop=0}
                      ; - (reexecute) java.util.AbstractQueue::remove@6 (line 114)
                      ; - net.minecraft.util.thread.BlockableEventLoop::m_7245_@41 (line 130)
                      ; - net.minecraft.util.thread.BlockableEventLoop::m_18699_@1 (line 115)
                      ; - net.minecraft.client.Minecraft::m_91383_@140 (line 1106)
  0x000002cc972e4750: ac21 95fb | 498b 4f20 | 4885 c90f | 840f 1a00 | 0044 8954 | 2448 4c89 | 4c24 4044 | 895c 242c 
  0x000002cc972e4770: 4d8b e849 | 8bee 4d8b | 5730 4d89 | 440a f848 | 83c1 f849 | 894f 204c | 8bf5 4d8b | c544 8b5c 
  0x000002cc972e4790: 242c 4c8b | 4c24 4044 | 8b54 2448 | e956 e2ff | ff4c 8b74 | 2448 448b | 6c24 348b | 5c24 5045 
  0x000002cc972e47b0: 8b96 b401 | 0000 478b 

  0x000002cc972e47b8: ;   {metadata('net/minecraft/util/profiling/InactiveProfiler')}
  0x000002cc972e47b8: 44d4 0841 | 81f8 5049 | f401 0f85 | 9434 0000 | 41b9 0a00 | 0000 83fb | 0a8b fb41 | 0f4f f985 
  0x000002cc972e47d8: ff7e 6b45 | 33db 478b 

  0x000002cc972e47e0: ;   {metadata('net/minecraft/util/profiling/InactiveProfiler')}
  0x000002cc972e47e0: 44d4 0841 | 81f8 5049 | f401 0f85 | fd35 0000 | 4489 5c24 | 4089 7c24 | 3489 5c24 | 2c44 896c 
  0x000002cc972e4800: 2428 498b | ee49 8bd6 

  0x000002cc972e4808: ;   {optimized virtual_call}
  0x000002cc972e4808: c5f8 77e8 

  0x000002cc972e480c: ; ImmutableOopMap {rbp=Oop [32]=Oop }
                      ;*invokevirtual m_91398_ {reexecute=0 rethrow=0 return_oop=0}
                      ; - net.minecraft.client.Minecraft::m_91383_@192 (line 1112)
  0x000002cc972e480c: f093 6602 | 4c8b f545 | 8b96 b401 | 0000 448b | 5c24 4041 | ffc3 443b | 5c24 347d | 0f44 8b6c 
  0x000002cc972e482c: 2428 8b5c | 242c 8b7c | 2434 eba6 | 4585 d20f | 8451 3600 | 0044 8b6c | 2428 478b 

  0x000002cc972e4848: ;   {metadata('net/minecraft/util/profiling/InactiveProfiler')}
  0x000002cc972e4848: 44d4 0841 | 81f8 5049 | f401 0f85 | 2834 0000 | 448b 5424 | 3045 8bc2 | e9ad edff | ff4d 8b57 
  0x000002cc972e4868: 204d 85d2 | 0f84 8619 | 0000 4d8b | 5f30 4c8b | 4424 284f | 8944 13f8 | 4983 c2f8 | 4d89 5720 
  0x000002cc972e4888: e9a7 eaff | ff48 3bd7 | 0f85 31df | ffff e916 | e0ff ff4c | 3bde 0f84 | 68e7 ffff | 8b5c 2460 
  0x000002cc972e48a8: e983 e6ff | ff89 4c24 | 2c48 8944 | 2440 498b 

  0x000002cc972e48b8: ;   {oop(a 'net/minecraftforge/common/ForgeConfigSpec$EnumValue'{0x000000061ee01af8})}
  0x000002cc972e48b8: ea49 baf8 | 1ae0 1e06 | 0000 0045 | 8b5a 1049 | c1e0 034d | 8bcb 49c1 | e103 488b | fb48 c1e7 
  0x000002cc972e48d8: ;   {oop(a 'net/minecraftforge/common/ForgeConfigSpec$EnumValue'{0x000000061ee01af8})}
  0x000002cc972e48d8: 0348 baf8 | 1ae0 1e06 | 0000 0090 

  0x000002cc972e48e4: ;   {optimized virtual_call}
  0x000002cc972e48e4: c5f8 77e8 

  0x000002cc972e48e8: ; ImmutableOopMap {rbp=Oop [32]=Oop [44]=NarrowOop }
                      ;*invokevirtual getRaw {reexecute=0 rethrow=0 return_oop=1}
                      ; - net.minecraftforge.common.ForgeConfigSpec$ConfigValue::get@86 (line 859)
                      ; - net.minecraft.client.Minecraft::wrapOperation$eef000$sodiumextras$redirect$isRecording@33 (line 18935)
                      ; - net.minecraft.client.Minecraft::m_91383_@303 (line 1126)
  0x000002cc972e48e8: 94ca 94fb | 488b d841 | 807f 3800 | 0f85 1b19 | 0000 4c8b | c34d 8bd8 | 49c1 eb03 

  0x000002cc972e4904: ;   {oop(a 'net/minecraftforge/common/ForgeConfigSpec$EnumValue'{0x000000061ee01af8})}
  0x000002cc972e4904: 49ba f81a | e01e 0600 | 0000 4589 | 5a18 4d8b | d84d 33da | 49c1 eb17 | 4d85 db74 | 1f4d 85c0 
  0x000002cc972e4924: 741a 49c1 | ea09 48b9 | 0000 8c99 | cc02 0000 | 4903 ca80 | 3904 0f85 | 1619 0000 | 4d8b c849 
  0x000002cc972e4944: c1e9 034c | 8bd5 488b | 4424 408b | 4c24 2ce9 | dbf2 ffff | 4d8b 5720 | 4d85 d20f | 841f 1c00 
  0x000002cc972e4964: 004d 8b5f | 304b 894c | 13f8 4983 | c2f8 4d89 | 5720 e949 | e8ff ff44 | 8b13 4585 | d20f 8496 
  0x000002cc972e4984: e8ff ff4d | 8b5f 2049 | 8bca 48c1 | e103 4d85 | db0f 8485 | 2100 004d | 8b57 304b | 894c 1af8 
  0x000002cc972e49a4: 4983 c3f8 | 4d89 5f20 | e96c e8ff | ff44 8b44 | 2434 4181 | f804 0100 | 000f 842f | 3500 000f 
  0x000002cc972e49c4: 1f80 0000 | 0000 660f | 1f44 0000 | 4c8b 5424 | 40c4 c17b 

  0x000002cc972e49d8: ;   {section_word}
  0x000002cc972e49d8: 1042 40c5 | f92e 05ad | d8ff ff0f | 86dc 0200 

  0x000002cc972e49e8: ;   {section_word}
  0x000002cc972e49e8: 00c5 f92e | 0597 d8ff | ff0f 8770 | 1000 0044 | 8944 2428 | 4c89 5424 | 2066 6690 

  0x000002cc972e4a04: ;   {static_call}
  0x000002cc972e4a04: c5f8 77e8 

  0x000002cc972e4a08: ; ImmutableOopMap {[32]=Oop [64]=Oop }
                      ;*invokestatic round {reexecute=0 rethrow=0 return_oop=0}
                      ; - net.minecraft.client.Minecraft::m_91383_@970 (line 1208)
  0x000002cc972e4a08: 1411 8ffd | 4889 4424 | 3848 8bd0 

  0x000002cc972e4a14: ;   {static_call}
  0x000002cc972e4a14: c5f8 77e8 

  0x000002cc972e4a18: ; ImmutableOopMap {[32]=Oop [64]=Oop }
                      ;*invokestatic stringSize {reexecute=0 rethrow=0 return_oop=0}
                      ; - java.lang.StringConcatHelper::mix@2 (line 123)
                      ; - java.lang.invoke.DirectMethodHandle$Holder::invokeStatic@13
                      ; - java.lang.invoke.LambdaForm$MH/0x000002ccb4759000::invoke@23
                      ; - java.lang.invoke.LambdaForm$MH/0x000002ccb4759400::invoke@15
                      ; - java.lang.invoke.Invokers$Holder::linkToTargetMethod@5
                      ; - net.minecraft.client.Minecraft::m_91383_@973 (line 1208)
  0x000002cc972e4a18: e4ce 7dfd | 4863 e844 | 8bd0 85c0 | 0f8c d236 | 0000 4c8b | dd49 83c3 | 014d 8bcb | 49c1 f920 
  0x000002cc972e4a38: 458b c341 | 8bc9 41d3 | e045 85c0 | 0f8c da36 | 0000 4181 | f800 0010 | 000f 8701 | 3600 004d 
  0x000002cc972e4a58: 63d8 4181 | f800 0010 | 000f 8734 | 2b00 0049 | 8b87 0801 | 0000 4983 | c317 4983 | e3f8 4c8b 
  0x000002cc972e4a78: c84d 03cb | 4d3b 8f18 | 0100 000f | 8312 2b00 | 004d 898f | 0801 0000 | 410f 1881 | 0001 0000 
  0x000002cc972e4a98: 48c7 0001 | 0000 0041 | 0f18 8140 

  0x000002cc972e4aa4: ;   {metadata({type array byte})}
  0x000002cc972e4aa4: 0100 00c7 | 4008 3867 | 0000 4489 | 400c 410f | 1881 8001 | 0000 4c8b | d845 8bca | 41ff c145 
  0x000002cc972e4ac4: 3bc1 0f82 | 9435 0000 | 43c6 4413 | 1025 498b | eb48 8b54 | 2438 458b | c24c 8bcd 

  0x000002cc972e4ae0: ;   {static_call}
  0x000002cc972e4ae0: c5f8 77e8 

  0x000002cc972e4ae4: ; ImmutableOopMap {rbp=Oop [32]=Oop [64]=Oop }
                      ;*invokestatic getChars {reexecute=0 rethrow=0 return_oop=0}
                      ; - java.lang.StringConcatHelper::prepend@12 (line 318)
                      ; - java.lang.StringConcatHelper::prepend@3 (line 336)
                      ; - java.lang.invoke.DirectMethodHandle$Holder::invokeStatic@17
                      ; - java.lang.invoke.LambdaForm$MH/0x000002ccb4758400::invoke@28
                      ; - java.lang.invoke.LambdaForm$MH/0x000002ccb4759400::invoke@54
                      ; - java.lang.invoke.Invokers$Holder::linkToTargetMethod@5
                      ; - net.minecraft.client.Minecraft::m_91383_@973 (line 1208)
  0x000002cc972e4ae4: 38d6 ddfc | 85c0 0f85 | 9c35 0000 | 4d8b 8708 | 0100 004d | 8bd0 4983 | c218 4d3b | 9718 0100 
  0x000002cc972e4b04: 000f 83bc | 2a00 004d | 8997 0801 | 0000 410f | 1882 0001 | 0000 49c7 | 0001 0000 

  0x000002cc972e4b20: ;   {metadata('java/lang/String')}
  0x000002cc972e4b20: 0041 c740 | 08f0 e900 | 0045 8960 | 0c45 8960 | 104c 8bd5 | 49c1 ea03 | 4589 5014 | 458b 5814 
  0x000002cc972e4b40: ; implicit exception: dispatches to 0x000002cc972e8bf5
  0x000002cc972e4b40: 478b 4cdc | 0c45 85c9 | 0f86 3f19 | 0000 410f | be50 1045 | 8bd1 8bca | 41d3 fa49 | 63fa 488b 
  0x000002cc972e4b60: ef48 83c5 | 0683 fa01 | 0f84 6a25 | 0000 448b | d545 85d2 | 0f8c 3b35 | 0000 488b | cd48 c1f9 
  0x000002cc972e4b80: 208b d90f | becb 41d3 | e245 85d2 | 0f8c 4635 | 0000 4181 | fa00 0010 | 000f 8761 | 3400 0049 
  0x000002cc972e4ba0: 63ca 4181 | fa00 0010 | 000f 876d | 2900 0049 | 8b9f 0801 | 0000 4883 | c117 4883 | e1f8 488b 
  0x000002cc972e4bc0: f348 03f1 | 493b b718 | 0100 000f | 834b 2900 | 0049 89b7 | 0801 0000 | 0f18 8600 | 0100 0048 
  0x000002cc972e4be0: c703 0100 | 0000 0f18 | 8640 0100 

  0x000002cc972e4bec: ;   {metadata({type array byte})}
  0x000002cc972e4bec: 00c7 4308 | 3867 0000 | 4489 530c | 0f18 8680 | 0100 0048 | 2bef 8bcd | 48bf 0000 | 0000 0100 
  0x000002cc972e4c0c: 0000 483b | ef0f 8dd3 | 2400 004f | 8d04 dc4b | 8d74 dc10 | 85d2 0f85 | d921 0000 | 85c9 0f8c 
  0x000002cc972e4c2c: fc33 0000 | 8bf9 4103 | f944 3bd7 | 0f82 ee33 | 0000 4585 | c976 2141 | 8bfa 488d | 540b 104d 
  0x000002cc972e4c4c: 63c1 488b | cec5 f877 | 49ba 4080 | c192 cc02 | 0000 41ff | d244 8bd7 | 4883 c5fa | 448b cd49 
  0x000002cc972e4c6c: bb00 0000 | 0001 0000 | 0049 3beb | 0f8d 9d24 | 0000 4585 | c90f 8c81 | 3300 0045 | 8bd9 4183 
  0x000002cc972e4c8c: c306 453b | d30f 8271 | 3300 004d | 63d1 4585 | c97e 3542 | c644 1315 | 2042 c644 | 1314 3a42 
  0x000002cc972e4cac: c644 1313 | 5542 c644 | 1312 5042 | c644 1311 | 4742 c644 | 1310 20eb 

  0x000002cc972e4cc4: ;   {oop(""{0x00000005e813f668})}
  0x000002cc972e4cc4: 3349 b968 | f613 e805 | 0000 00e9 | 9400 0000 | 42c6 4413 | 1020 42c6 | 4413 1147 | 42c6 4413 
  0x000002cc972e4ce4: 1250 42c6 | 4413 1355 | 42c6 4413 | 143a 42c6 | 4413 1520 | 4c8b db49 | c1eb 0344 | 895c 2434 
  0x000002cc972e4d04: 4885 ed0f | 8547 2b00 | 0049 8b87 | 0801 0000 | 4c8b d049 | 83c2 184d | 3b97 1801 | 0000 0f83 
  0x000002cc972e4d24: 4d28 0000 | 4d89 9708 | 0100 0041 | 0f18 8200 | 0100 0048 | c700 0100 

  0x000002cc972e4d3c: ;   {metadata('java/lang/String')}
  0x000002cc972e4d3c: 0000 c740 | 08f0 e900 | 0044 8960 | 0c4c 8960 | 1044 8b54 | 2434 4489 | 5014 4c8b | 5c24 204c 
  0x000002cc972e4d5c: 895c 2440 | 448b 4424 | 284c 8bc8 | 4c8b 5424 | 4045 8b52 

  0x000002cc972e4d70: ;   {oop(a 'java/lang/Class'{0x000000064b44b688} = 'net/minecraft/client/Minecraft')}
  0x000002cc972e4d70: 5849 bb88 | b644 4b06 | 0000 0045 | 8993 a800 | 0000 498b | 8708 0100 | 004c 8bd8 | 4983 c330 
  0x000002cc972e4d90: 4d3b 9f18 | 0100 000f | 83cb 2300 | 004d 899f | 0801 0000 | 410f 1883 | 0001 0000 | 48c7 0001 
  0x000002cc972e4db0: 0000 0041 | 0f18 8340 

  0x000002cc972e4db8: ;   {metadata('java/lang/Object'[])}
  0x000002cc972e4db8: 0100 00c7 | 4008 2815 | 0000 410f | 1883 8001 | 0000 c740 | 0c07 0000 | 004c 8960 | 104c 8960 
  0x000002cc972e4dd8: 184c 8960 | 204c 8960 | 2848 8b6c | 2440 4489 | 4424 344c | 894c 2438 | 4489 5424 | 204c 8bd0 
  0x000002cc972e4df8: 4c89 5424 | 408b 5424 | 2066 6690 

  0x000002cc972e4e04: ;   {static_call}
  0x000002cc972e4e04: c5f8 77e8 

  0x000002cc972e4e08: ; ImmutableOopMap {rbp=Oop [56]=Oop [64]=Oop }
                      ;*invokestatic valueOf {reexecute=0 rethrow=0 return_oop=1}
                      ; - net.minecraft.client.Minecraft::m_91383_@1017 (line 1214)
  0x000002cc972e4e08: 94d8 1cfc | 488b f848 | 8b5c 2440 | 4883 c310 | 4180 7f38 | 000f 85c1 | 1700 004c | 8bdf 4d8b 
  0x000002cc972e4e28: d349 c1ea | 0344 8913 | 4c8b d34d | 33da 49c1 | eb17 4d85 | db74 1a49 | c1ea 0948 | b900 008c 
  0x000002cc972e4e48: 99cc 0200 | 0049 03ca | 8039 040f | 8546 1900 | 008b 5424 | 3466 6690 

  0x000002cc972e4e60: ;   {static_call}
  0x000002cc972e4e60: c5f8 77e8 

  0x000002cc972e4e64: ; ImmutableOopMap {rbp=Oop [56]=Oop [64]=Oop }
                      ;*invokestatic valueOf {reexecute=0 rethrow=0 return_oop=1}
                      ; - net.minecraft.client.Minecraft::m_91383_@1039 (line 1214)
  0x000002cc972e4e64: 38d8 1cfc | 488b f848 | 8b5c 2440 | 4883 c314 | 4180 7f38 | 000f 859b | 1700 004c | 8bdf 4d8b 
  0x000002cc972e4e84: d349 c1ea | 0344 8913 | 4c8b d34d | 33da 49c1 | eb17 4d85 | db74 1a49 | c1ea 0948 | b900 008c 
  0x000002cc972e4ea4: 99cc 0200 | 0049 03ca | 8039 040f | 8533 1900 | 0048 8bf5 | 8b9d cc00 | 0000 458b | 94dc cc00 
  0x000002cc972e4ec4: 0000 438b | 6cd4 2845 | 8b5c ec08 

  0x000002cc972e4ed0: ;   {metadata('java/lang/Boolean')}
  0x000002cc972e4ed0: 4181 fb78 | 0103 000f | 85bb 3400 | 004d 8d14 | ec41 0fb6 | 6a0c 85ed | 0f85 0031 | 0000 488b 
  0x000002cc972e4ef0: 6c24 4048 | 83c5 1841 | 807f 3800 | 0f85 4e17 

  0x000002cc972e4f00: ;   {oop(""{0x00000005e813f668})}
  0x000002cc972e4f00: 0000 c745 | 00cd 7e02 

  0x000002cc972e4f08: ;   {oop(""{0x00000005e813f668})}
  0x000002cc972e4f08: bd49 ba68 | f613 e805 | 0000 004c | 8bdd 4d33 | d349 c1ea | 174d 85d2 | 741a 49c1 | eb09 48b9 
  0x000002cc972e4f28: 0000 8c99 | cc02 0000 | 4903 cb80 | 3904 0f85 | f518 0000 | 458b 54dc | 4c47 8b6c | d428 488b 
  0x000002cc972e4f48: 6c24 4048 | 83c5 1c41 | 807f 3800 | 0f85 2d17 | 0000 4489 | 6d00 4d8b | d549 c1e2 | 034c 8bdd 
  0x000002cc972e4f68: 4d33 d349 | c1ea 174d | 85d2 741f | 4585 ed74 | 1a49 c1eb | 0948 b900 | 008c 99cc | 0200 0049 
  0x000002cc972e4f88: 03cb 8039 | 040f 859a | 1900 0045 | 8b5c dc48 

  0x000002cc972e4f98: ; implicit exception: dispatches to 0x000002cc972e8bc0
  0x000002cc972e4f98: 438b 6cdc 

  0x000002cc972e4f9c: ;   {oop(a 'net/minecraft/client/CloudStatus'{0x000000061ed63798})}
  0x000002cc972e4f9c: 2881 fdf3 | c6da c30f | 856b 2f00 | 0048 8b6c | 2440 4883 | c520 4180 | 7f38 000f | 8501 1700 
  0x000002cc972e4fbc: ;   {oop(""{0x00000005e813f668})}
  0x000002cc972e4fbc: 00c7 4500 | cd7e 02bd 

  0x000002cc972e4fc4: ;   {oop(""{0x00000005e813f668})}
  0x000002cc972e4fc4: 49ba 68f6 | 13e8 0500 | 0000 4c8b | dd4d 33d3 | 49c1 ea17 | 4d85 d274 | 1a49 c1eb | 0948 b900 
  0x000002cc972e4fe4: 008c 99cc | 0200 0049 | 03cb 8039 | 040f 8595 | 1800 0045 | 8b94 dca8 | 0000 0047 | 8b6c d428 
  0x000002cc972e5004: 488b 6c24 | 4048 83c5 | 2441 807f | 3800 0f85 | 1317 0000 | 4489 6d00 | 4c8b 7424 | 4049 83c6 
  0x000002cc972e5024: 284c 8b44 | 2438 498b | f848 c1ef | 034d 8bd5 | 49c1 e203 | 4c8b dd4d | 33d3 49c1 | ea17 4d85 
  0x000002cc972e5044: d274 1f45 | 85ed 741a | 49c1 eb09 | 48b9 0000 | 8c99 cc02 | 0000 4903 | cb80 3904 | 0f85 2219 
  0x000002cc972e5064: 0000 4180 | 7f38 000f | 8584 1600 | 0041 893e | 4d8b d04d | 8bde 4d33 | d349 c1ea | 174d 85d2 
  0x000002cc972e5084: 741a 49c1 | eb09 48b9 | 0000 8c99 | cc02 0000 | 4903 cb80 | 3904 0f85 | 4418 0000 

  0x000002cc972e50a0: ;   {oop(a 'java/util/Locale'{0x00000005e81620b8})}
  0x000002cc972e50a0: 488b ee48 | bab8 2016 | e805 0000 

  0x000002cc972e50ac: ;   {oop("%d fps T: %s%s%s%s B: %d%s"{0x00000006678f0390})}
  0x000002cc972e50ac: 0049 b890 | 038f 6706 | 0000 004c | 8b4c 2440 

  0x000002cc972e50bc: ;   {static_call}
  0x000002cc972e50bc: c5f8 77e8 

  0x000002cc972e50c0: ; ImmutableOopMap {rbp=Oop }
                      ;*invokestatic format {reexecute=0 rethrow=0 return_oop=1}
                      ; - net.minecraft.client.Minecraft::m_91383_@1156 (line 1214)
  0x000002cc972e50c0: 7c23 27fd | 4889 4424 | 2048 8bd5 | 448b 4424 | 3045 33c9 

  0x000002cc972e50d4: ;   {optimized virtual_call}
  0x000002cc972e50d4: c5f8 77e8 

  0x000002cc972e50d8: ; ImmutableOopMap {rbp=Oop [32]=Oop }
                      ;*invokespecial handler$eef000$sodiumextras$inject$fpsStringAssign {reexecute=0 rethrow=0 return_oop=0}
                      ; - net.minecraft.client.Minecraft::m_91383_@1162 (line 1214)
  0x000002cc972e50d8: c477 1701 | 4180 7f38 | 000f 857b | 1600 0048 | 8bdd 4c8b | 4424 204d | 8bd0 49c1 | ea03 4489 
  0x000002cc972e50f8: 93a4 0100 | 004c 8bd3 | 4d8b d84d | 33da 49c1 | eb17 4d85 | db74 1f4d | 85c0 741a | 49c1 ea09 
  0x000002cc972e5118: 48b9 0000 | 8c99 cc02 | 0000 4903 | ca80 3904 | 0f85 a818 | 0000 4881 | 4328 e803 | 0000 4489 
  0x000002cc972e5138: 6358 488b | eb66 6690 

  0x000002cc972e5140: ;   {static_call}
  0x000002cc972e5140: c5f8 77e8 

  0x000002cc972e5144: ; ImmutableOopMap {rbp=Oop }
                      ;*invokestatic m_137550_ {reexecute=0 rethrow=0 return_oop=0}
                      ; - net.minecraft.client.Minecraft::m_91383_@917 (line 1205)
  0x000002cc972e5144: 989c eefd | 41ba e803 | 0000 4889 | 6c24 404c | 0355 2849 | 3bc2 0f8c | 24f3 ffff | 448b 4424 
  0x000002cc972e5164: 34e9 66f8 | ffff 4d8b | 5740 4d8b | 5f50 f083 | 4424 c000 | 8039 000f | 8488 e0ff | ff44 8821 
  0x000002cc972e5184: 4d85 d275 | 1849 8bd7 | c5f8 7749 | ba50 2753 | 97fa 7f00 | 0041 ffd2 | e968 e0ff | ff4b 894c 
  0x000002cc972e51a4: 13f8 4983 | c2f8 4d89 | 5740 e956 | e0ff ff4c 

  0x000002cc972e51b4: ;   {oop(a 'java/lang/Class'{0x000000061b8abeb8} = 'io/tythee/config/ModConfig')}
  0x000002cc972e51b4: 8b50 1048 | bdb8 be8a | 1b06 0000 | 000f 1f84 | 0000 0000 | 000f 1f80 | 0000 0000 | 448b 5d70 
  0x000002cc972e51d4: ; implicit exception: dispatches to 0x000002cc972e8be0
  0x000002cc972e51d4: 470f b644 | dc0c 4585 | c00f 84b6 | d2ff ffc4 | c1fb 2ac2 

  0x000002cc972e51e8: ;   {section_word}
  0x000002cc972e51e8: c5fb 5905 | a8d0 ffff 

  0x000002cc972e51f0: ;   {static_call}
  0x000002cc972e51f0: c5f8 77e8 

  0x000002cc972e51f4: ; ImmutableOopMap {rbp=Oop [32]=Oop [48]=Oop }
                      ;*invokestatic glfwWaitEventsTimeout {reexecute=0 rethrow=0 return_oop=0}
                      ; - io.tythee.ReflexScheduler::Wait@27 (line 115)
                      ; - net.minecraft.client.Minecraft::handler$cgh000$reflex$afterRender@3 (line 12427)
                      ; - net.minecraft.client.Minecraft::m_91383_@9 (line 1084)
  0x000002cc972e51f4: 288a 13fd 

  0x000002cc972e51f8: ;   {oop(a 'io/tythee/ReflexScheduler'{0x0000000621c011b0})}
  0x000002cc972e51f8: 48ba b011 | c021 0600 | 0000 6690 

  0x000002cc972e5204: ;   {optimized virtual_call}
  0x000002cc972e5204: c5f8 77e8 

  0x000002cc972e5208: ; ImmutableOopMap {rbp=Oop [32]=Oop [48]=Oop }
                      ;*invokevirtual calculateWaitTime {reexecute=0 rethrow=0 return_oop=1}
                      ; - io.tythee.ReflexScheduler::Wait@1 (line 113)
                      ; - net.minecraft.client.Minecraft::handler$cgh000$reflex$afterRender@3 (line 12427)
                      ; - net.minecraft.client.Minecraft::m_91383_@9 (line 1084)
  0x000002cc972e5208: 140b 7fff | 4885 c00f | 8484 d2ff | ff4c 8b50 | 10eb b545 | 85db 0f84 | 18d8 ffff | 498b 4f20 
  0x000002cc972e5228: 4885 c90f | 843e 1b00 | 0049 8b7f | 304c 894c | 0ff8 4883 | c1f8 4989 | 4f20 e9f5 | d7ff ff44 
  0x000002cc972e5248: 8b0f 4585 | c90f 84bb | d6ff ff49 | 8b57 2049 | 8bc9 48c1 | e103 4885 | d20f 8439 | 1b00 004d 
  0x000002cc972e5268: 8b4f 3049 | 894c 11f8 | 4883 c2f8 | 4989 5720 | e991 d6ff | ff4d 8b5f | 404d 8b4f | 50f0 8344 
  0x000002cc972e5288: 24c0 0080 | 3900 0f84 | a9d6 ffff | 4488 214d | 85db 7524 | 418b f249 | 8bf8 498b | d7c5 f877 
  0x000002cc972e52a8: 49ba 5027 | 5397 fa7f | 0000 41ff | d24c 8bc7 | 448b d6e9 | 7dd6 ffff | 4b89 4c19 | f849 83c3 
  0x000002cc972e52c8: f84d 895f | 40e9 6bd6 | ffff 4585 | ed0f 84a4 | e0ff ff4d | 8b57 204d | 85d2 0f84 | e61a 0000 
  0x000002cc972e52e8: 4d8b 5f30 | 4b89 7c13 | f849 83c2 | f84d 8957 | 20e9 81e0 | ffff 448b | 1f45 85db | 0f84 8edd 
  0x000002cc972e5308: ffff 4d8b | 5720 498b | cb48 c1e1 | 034d 85d2 | 0f84 cb1a | 0000 4d8b | 5f30 4b89 | 4c13 f849 
  0x000002cc972e5328: 83c2 f84d | 8957 20e9 | 64dd ffff | 4d8b 5740 | 4d8b 5f50 | f083 4424 | c000 8039 | 000f 847c 
  0x000002cc972e5348: ddff ff44 | 8821 4d85 | d275 1849 | 8bd7 c5f8 | 7749 ba50 | 2753 97fa | 7f00 0041 | ffd2 e95c 
  0x000002cc972e5368: ddff ff4b | 894c 13f8 | 4983 c2f8 | 4d89 5740 | e94a ddff | ff45 8b5c | fc14 4585 | db0f 8411 
  0x000002cc972e5388: d2ff ff4d | 8b57 2049 | 8bcb 48c1 | e103 4d85 | d20f 8465 | 1b00 004d | 8b5f 304b | 894c 13f8 
  0x000002cc972e53a8: 4983 c2f8 | 4d89 5720 | e9e7 d1ff | ff45 8b5c | fc0c 4585 | db0f 848c | d1ff ff4d | 8b57 2049 
  0x000002cc972e53c8: 8bcb 48c1 | e103 4d85 | d20f 844b | 1b00 004d | 8b5f 304b | 894c 13f8 | 4983 c2f8 | 4d89 5720 
  0x000002cc972e53e8: e962 d1ff | ff45 8b54 | fc6c 4585 | d20f 8409 | d2ff ff4d | 8b5f 2049 | 8bca 48c1 | e103 4d85 
  0x000002cc972e5408: db0f 842b | 1b00 004d | 8b57 304b | 894c 1af8 | 4983 c3f8 | 4d89 5f20 | e9df d1ff | ff4d 8b57 
  0x000002cc972e5428: 404d 8b5f | 50f0 8344 | 24c0 0080 | 3900 0f84 | 95d1 ffff | 4488 214d | 85d2 7518 | 498b d7c5 
  0x000002cc972e5448: f877 49ba | 5027 5397 | fa7f 0000 | 41ff d2e9 | 75d1 ffff | 4b89 4c13 | f849 83c2 | f84d 8957 
  0x000002cc972e5468: 40e9 63d1 | ffff 4d8b | 5740 4d8b | 5f50 f083 | 4424 c000 | 8039 000f | 840c d1ff | ff44 8821 
  0x000002cc972e5488: 4d85 d275 | 1e4c 8bee | 498b d7c5 | f877 49ba | 5027 5397 | fa7f 0000 | 41ff d249 | 8bf5 e9e6 
  0x000002cc972e54a8: d0ff ff4b | 894c 13f8 | 4983 c2f8 | 4d89 5740 | e9d4 d0ff | ff4d 8b57 | 404d 8b5f | 50f0 8344 
  0x000002cc972e54c8: 24c0 0080 | 3900 0f84 | 6dd1 ffff | 4488 214d | 85d2 7518 | 498b d7c5 | f877 49ba | 5027 5397 
  0x000002cc972e54e8: fa7f 0000 | 41ff d2e9 | 4dd1 ffff | 4b89 4c13 | f849 83c2 | f84d 8957 | 40e9 3bd1 | ffff 498b 
  0x000002cc972e5508: 4f20 4885 | c90f 84f5 | 1600 0049 | 8b5f 304c | 8944 0bf8 | 4883 c1f8 | 4989 4f20 | e962 d2ff 
  0x000002cc972e5528: ff4d 8b57 | 204d 85d2 | 0f84 d617 | 0000 4d8b | 5f30 4f89 | 6c13 f849 | 83c2 f84d | 8957 20e9 
  0x000002cc972e5548: 9dd9 ffff | 418b dd45 | 85ed 0f84 | 37df ffff | 4d8b 5720 | 4d85 d20f | 84e7 1a00 | 004d 8b5f 
  0x000002cc972e5568: 304b 897c | 13f8 4983 | c2f8 4d89 | 5720 e914 | dfff ff44 | 8b16 4585 | d20f 846f | dfff ff4d 
  0x000002cc972e5588: 8b5f 2049 | 8bca 48c1 | e103 4d85 | db0f 84cc | 1a00 004d | 8b57 304b | 894c 1af8 | 4983 c3f8 
  0x000002cc972e55a8: 4d89 5f20 | e945 dfff | ff44 8b44 | 2434 453b | c20f 8593 | 1500 0044 | 8b45 0c4d | 8bf0 49c1 
  0x000002cc972e55c8: e603 4489 | 5424 34e9 | 4ae4 ffff | 4d8b 5740 | 4d8b 5f50 | f083 4424 | c000 8039 | 000f 84eb 
  0x000002cc972e55e8: deff ff44 | 8821 4d85 | d275 1849 | 8bd7 c5f8 | 7749 ba50 | 2753 97fa | 7f00 0041 

  0x000002cc972e5604: ;   {no_reloc}
  0x000002cc972e5604: ffd2 e9cb | deff ff4b | 894c 13f8 | 4983 c2f8 | 4d89 5740 | e9b9 deff | ff45 85db | 0f84 aed4 
  0x000002cc972e5624: ffff 4d8b | 5720 4d85 | d20f 8405 | 1c00 004d | 8b47 304f | 894c 10f8 | 4983 c2f8 | 4d89 5720 
  0x000002cc972e5644: e98b d4ff | ff44 8b16 | 4585 d20f | 84eb d4ff | ff4d 8b47 | 2049 8bca | 48c1 e103 | 4d85 c00f 
  0x000002cc972e5664: 84f0 1b00 | 004d 8b57 | 304b 894c | 02f8 4983 | c0f8 4d89 | 4720 e9c1 | d4ff ff4d | 8b57 404d 
  0x000002cc972e5684: 8b47 50f0 | 8344 24c0 | 0080 3900 | 0f84 85d4 | ffff 4488 | 214d 85d2 | 751e 418b | f349 8bd7 
  0x000002cc972e56a4: c5f8 7749 | ba50 2753 | 97fa 7f00 | 0041 ffd2 | 448b dee9 | 5fd4 ffff | 4b89 4c10 | f849 83c2 
  0x000002cc972e56c4: f84d 8957 | 40e9 4dd4 | ffff 498b | eb49 8bd8 | 4d8b 5720 | 4d85 d20f | 84e3 1a00 | 004d 8b5f 
  0x000002cc972e56e4: 304b 894c | 13f8 4983 | c2f8 4d89 | 5720 4c8b | c34c 8bdd | e99c d6ff | ff44 8b45 | 0045 85c0 
  0x000002cc972e5704: 0f84 f3d6 | ffff 4d8b | 5720 498b | c848 c1e1 | 034d 85d2 | 0f84 fc1b | 0000 498b | f34d 8b5f 
  0x000002cc972e5724: 304b 894c | 13f8 4983 | c2f8 4d89 | 5720 4c8b | dee9 c3d6 | ffff 4d8b | 5740 4d8b | 4750 f083 
  0x000002cc972e5744: 4424 c000 | 8039 000f | 84db d6ff | ff44 8821 | 4d85 d275 | 1e49 8bdb | 498b d7c5 | f877 49ba 
  0x000002cc972e5764: 5027 5397 | fa7f 0000 | 41ff d24c | 8bdb e9b5 | d6ff ff4b | 894c 10f8 | 4983 c2f8 | 4d89 5740 
  0x000002cc972e5784: e9a3 d6ff | ff49 8bdb | 4d8b 5740 | 4d8b 5f50 | f083 4424 | c000 8039 | 0074 2a44 | 8821 4d85 
  0x000002cc972e57a4: d274 0f4b | 894c 13f8 | 4983 c2f8 | 4d89 5740 | eb13 498b | d7c5 f877 | 49ba 5027 | 5397 fa7f 
  0x000002cc972e57c4: 0000 41ff | d24c 8bdb | e910 d6ff | ff8b 5c24 | 34e9 56d6 | ffff 4585 | db0f 84ef | cfff ff4d 
  0x000002cc972e57e4: 8b4f 204d | 85c9 0f84 | 3b1e 0000 | 498b 4f30 | 4a89 5409 | f849 83c1 | f84d 894f | 20e9 cccf 
  0x000002cc972e5804: ffff 448b | 0f45 85c9 | 0f84 2bd0 | ffff 498b | 5f20 498b | c948 c1e1 | 0348 85db | 0f84 3a1e 
  0x000002cc972e5824: 0000 4d8b | 4f30 4989 | 4c19 f848 | 83c3 f849 | 895f 20e9 | 01d0 ffff | 85db 0f84 | f7d6 ffff 
  0x000002cc972e5844: 4d8b d34d | 8b5f 204d | 85db 0f84 | 071f 0000 | 4d8b 4730 | 4f89 5418 | f849 83c3 | f84d 895f 
  0x000002cc972e5864: 20e9 d1d6 | ffff 448b | 1645 85d2 | 0f84 2fd7 | ffff 4d8b | 5f20 498b | ca48 c1e1 | 034d 85db 
  0x000002cc972e5884: 0f84 ec1e | 0000 4d8b | 5730 4b89 | 4c1a f849 | 83c3 f84d | 895f 20e9 | 05d7 ffff | 4d8b 4f40 
  0x000002cc972e58a4: 498b 7f50 | f083 4424 | c000 8039 | 000f 8461 | cfff ff44 | 8821 4d85 | c975 2e4c | 8944 2430 
  0x000002cc972e58c4: 418b ea45 | 8beb 498b | d7c5 f877 | 49ba 5027 | 5397 fa7f | 0000 41ff | d245 8bdd | 448b d54c 
  0x000002cc972e58e4: 8b44 2430 | e92b cfff | ff4a 894c | 0ff8 4983 | c1f8 4d89 | 4f40 e919 | cfff ff4d | 8b57 404d 
  0x000002cc972e5904: 8b5f 50f0 | 8344 24c0 | 0080 3900 | 0f84 6bd6 | ffff 4488 | 214d 85d2 | 7518 498b | d7c5 f877 
  0x000002cc972e5924: 49ba 5027 | 5397 fa7f | 0000 41ff | d2e9 4bd6 | ffff 4b89 | 4c13 f849 | 83c2 f84d | 8957 40e9 
  0x000002cc972e5944: 39d6 ffff | 458b 54fc | 6c45 85d2 | 0f84 02dd | ffff 4d8b | 5f20 498b | ca48 c1e1 | 034d 85db 
  0x000002cc972e5964: 0f84 421e | 0000 4d8b | 5730 4b89 | 4c1a f849 | 83c3 f84d | 895f 20e9 | d8dc ffff | 458b 5cfc 
  0x000002cc972e5984: 6c45 85db | 0f84 8ee9 | ffff 4d8b | 5720 498b | cb48 c1e1 | 034d 85d2 | 0f84 621e | 0000 4d8b 
  0x000002cc972e59a4: 5f30 4b89 | 4c13 f849 | 83c2 f84d | 8957 20e9 | 64e9 ffff | 4d8b 5740 | 4d8b 5f50 | f083 4424 
  0x000002cc972e59c4: c000 8039 | 000f 84c6 | dcff ff44 | 8821 4d85 | d275 1849 | 8bd7 c5f8 | 7749 ba50 | 2753 97fa 
  0x000002cc972e59e4: 7f00 0041 | ffd2 e9a6 | dcff ff4b | 894c 13f8 | 4983 c2f8 | 4d89 5740 | e994 dcff | ff4d 8b57 
  0x000002cc972e5a04: ;   {no_reloc}
  0x000002cc972e5a04: 504d 8b5f | 40f0 8344 | 24c0 0080 | 3900 0f84 | 41e9 ffff | 4488 214d | 85db 7518 | 498b d7c5 
  0x000002cc972e5a24: f877 49ba | 5027 5397 | fa7f 0000 | 41ff d2e9 | 21e9 ffff | 4b89 4c1a | f849 83c3 | f84d 895f 
  0x000002cc972e5a44: 40e9 0fe9 | ffff 42c6 | 441b 1031 | 42c6 441b | 1130 42c6 | 441b 1230 | 42c6 441b | 1325 e92b 
  0x000002cc972e5a64: 0100 0044 | 8944 2428 | 4c89 5424 

  0x000002cc972e5a70: ;   {oop(a 'net/minecraft/ChatFormatting'{0x0000000674061c28})}
  0x000002cc972e5a70: 2048 ba28 | 1c06 7406 | 0000 0090 

  0x000002cc972e5a7c: ;   {static_call}
  0x000002cc972e5a7c: c5f8 77e8 

  0x000002cc972e5a80: ; ImmutableOopMap {[32]=Oop [64]=Oop }
                      ;*invokestatic valueOf {reexecute=0 rethrow=0 return_oop=1}
                      ; - net.minecraft.client.Minecraft::m_91383_@955 (line 1208)
  0x000002cc972e5a80: 9c7a 24fc | 4c8b c844 | 8b50 1447 | 8b54 d40c | 4585 d20f | 8653 0800 | 000f be48 | 1041 d3fa 
  0x000002cc972e5aa0: 4d63 ea83 | f901 0f84 | 9b1e 0000 | 4585 d20f | 8c33 2700 | 0049 8bed | 4883 c504 | 8bfd 85ff 
  0x000002cc972e5ac0: 0f8c 5227 | 0000 4c8b | dd49 c1fb | 2045 8bc3 | 410f bec8 | d3e7 85ff | 0f8c 5a27 | 0000 81ff 
  0x000002cc972e5ae0: 0000 1000 | 0f87 7b26 | 0000 4c63 | df81 ff00 | 0010 000f | 8772 2200 | 0049 8b9f | 0801 0000 
  0x000002cc972e5b00: 4983 c317 | 4983 e3f8 | 4c8b c34d | 03c3 4d3b | 8718 0100 | 000f 8350 | 2200 004d | 8987 0801 
  0x000002cc972e5b20: 0000 410f | 1880 0001 | 0000 48c7 | 0301 0000 | 0041 0f18 | 8040 0100 

  0x000002cc972e5b38: ;   {metadata({type array byte})}
  0x000002cc972e5b38: 00c7 4308 | 3867 0000 | 897b 0c41 | 0f18 8080 | 0100 0049 | bb00 0000 | 0001 0000 | 004d 3beb 
  0x000002cc972e5b58: 0f8d 421e | 0000 458b | da41 83c3 | 0441 3bfb | 0f82 ff25 | 0000 4d63 | da45 85d2 | 0f8e d0fe 
  0x000002cc972e5b78: ffff 42c6 | 441b 1325 | 42c6 441b | 1230 42c6 | 441b 1130 | 42c6 441b | 1031 458b | 5114 478b 
  0x000002cc972e5b98: 5cd4 0c41 | 0fbe 4910 | 458b c341 | d3f8 4d63 | c04d 2be8 | 458b c548 | ba00 0000 | 0001 0000 
  0x000002cc972e5bb8: 004c 3bea | 0f8d 241e | 0000 4f8d | 0cd4 4b8d | 74d4 1085 | c90f 85bf | 1a00 0045 | 85c0 0f8c 
  0x000002cc972e5bd8: cc25 0000 | 418b d041 | 03d3 3bfa | 0f82 be25 | 0000 4585 | db76 1b4a | 8d54 0310 | 4d63 c348 
  0x000002cc972e5bf8: 8bce c5f8 | 7749 ba40 | 80c1 92cc | 0200 0041 | ffd2 488b | eb48 c1ed | 034d 85ed | 0f85 fe21 
  0x000002cc972e5c18: 0000 4d8b | 8708 0100 | 004d 8bd0 | 4983 c218 | 4d3b 9718 | 0100 000f | 837a 2100 | 004d 8997 
  0x000002cc972e5c38: 0801 0000 | 410f 1882 | 0001 0000 | 49c7 0001 

  0x000002cc972e5c48: ;   {metadata('java/lang/String')}
  0x000002cc972e5c48: 0000 0041 | c740 08f0 | e900 0045 | 8960 0c4d | 8960 1041 | 8968 14e9 | d8ee ffff | 8b6c 2460 
  0x000002cc972e5c68: 85ed 0f84 | 00ea ffff | 4d8b 5720 | 4d85 d20f | 8497 1c00 | 004d 8b5f | 304f 8944 | 13f8 4983 
  0x000002cc972e5c88: c2f8 4d89 | 5720 e9dd | e9ff ff44 | 8b17 4585 | d20f 8439 | eaff ff4d | 8b5f 2049 | 8bca 48c1 
  0x000002cc972e5ca8: e103 4d85 | db0f 847c | 1c00 004d | 8b57 304b | 894c 1af8 | 4983 c3f8 | 4d89 5f20 | e90f eaff 
  0x000002cc972e5cc8: ff48 8974 | 2438 4889 | 4424 3089 | 7c24 2c48 

  0x000002cc972e5cd8: ;   {metadata('java/lang/Long')}
  0x000002cc972e5cd8: 8beb 48ba | 1043 04b3 | cc02 0000 

  0x000002cc972e5ce4: ;   {runtime_call _new_instance_Java}
  0x000002cc972e5ce4: c5f8 77e8 

  0x000002cc972e5ce8: ; ImmutableOopMap {rbp=Oop [32]=Oop [44]=NarrowOop [56]=Oop }
                      ;*new {reexecute=0 rethrow=0 return_oop=1}
                      ; - java.lang.Long::valueOf@31 (line 1211)
                      ; - io.tythee.CpuTimeCollector::startCollect@4 (line 9)
                      ; - net.minecraft.client.Minecraft::handler$cgh000$reflex$afterRender@10 (line 12429)
                      ; - net.minecraft.client.Minecraft::m_91383_@9 (line 1084)
  0x000002cc972e5ce8: 149e 9ffb | 4c8b d048 | 8bdd 8b7c | 242c 488b | 4424 3048 | 8b74 2438 | 498b eae9 | 38c8 ffff 
  0x000002cc972e5d08: 4d8b 5740 | 4d8b 5f50 | f083 4424 | c000 8039 | 000f 8498 | e9ff ff44 | 8821 4d85 | d275 1849 
  0x000002cc972e5d28: 8bd7 c5f8 | 7749 ba50 | 2753 97fa | 7f00 0041 | ffd2 e978 | e9ff ff4b | 894c 13f8 | 4983 c2f8 
  0x000002cc972e5d48: 4d89 5740 | e966 e9ff | ff33 ff48 | 895c 2448 | 4489 4c24 | 3444 895c | 242c 4889 | 4424 4049 
  0x000002cc972e5d68: 8bea 498d 

  0x000002cc972e5d6c: ;   {oop(a 'java/lang/ThreadLocal$SuppliedThreadLocal'{0x00000005fe3f77c0})}
  0x000002cc972e5d6c: 14f4 49b8 | c077 3ffe | 0500 0000 | 448b c990 

  0x000002cc972e5d7c: ;   {optimized virtual_call}
  0x000002cc972e5d7c: c5f8 77e8 

  0x000002cc972e5d80: ; ImmutableOopMap {rbp=Oop [32]=Oop [44]=NarrowOop [72]=Oop }
                      ;*invokevirtual getEntryAfterMiss {reexecute=0 rethrow=0 return_oop=1}
                      ; - java.lang.ThreadLocal$ThreadLocalMap::getEntry@38 (line 439)
                      ; - java.lang.ThreadLocal::get@16 (line 165)
                      ; - org.lwjgl.system.MemoryStack::stackGet@3 (line 875)
                      ; - org.lwjgl.opengl.GL15C::glGetQueryObjecti@0 (line 970)
                      ; - com.mojang.blaze3d.systems.TimerQuery$FrameProfile::m_231150_@21 (line 71)
                      ; - net.minecraft.client.Minecraft::m_91383_@331 (line 1130)
  0x000002cc972e5d80: fcb5 94fb | 4885 c00f | 844f 1400 | 0048 8bf8 | 4c8b d54c | 8b44 2420 | 488b 4424 | 4044 8b5c 
  0x000002cc972e5da0: 242c 448b | 4c24 3448 | 8b5c 2448 | e95a dfff | ff49 8b87 | 0801 0000 | 4c8b d049 | 83c2 304d 
  0x000002cc972e5dc0: 3b97 1801 | 0000 0f83 | d420 0000 | 4d89 9708 | 0100 0041 | 0f18 8200 | 0100 0048 | c700 0100 
  0x000002cc972e5de0: ;   {metadata('java/lang/NullPointerException')}
  0x000002cc972e5de0: 0000 c740 | 0840 1a06 | 0044 8960 | 0c4c 8960 | 104c 8960 | 184c 8960 | 204c 8960 | 2848 8be8 
  0x000002cc972e5e00: 488b d54c | 8944 2448 

  0x000002cc972e5e08: ;   {optimized virtual_call}
  0x000002cc972e5e08: c5f8 77e8 

  0x000002cc972e5e0c: ; ImmutableOopMap {rbp=Oop [48]=Oop [56]=Oop }
                      ;*invokespecial <init> {reexecute=0 rethrow=0 return_oop=0}
                      ; - org.lwjgl.system.Checks::check@10 (line 188)
                      ; - org.lwjgl.opengl.GL32C::glClientWaitSync@7 (line 716)
                      ; - net.minecraft.client.Minecraft::handler$zlh000$embeddium$preRender@50 (line 33477)
                      ; - net.minecraft.client.Minecraft::m_91383_@3
  0x000002cc972e5e0c: 70b5 94fb | 488b d5eb | 0348 8bd0 | c5f8 7748 | 81c4 8000 

  0x000002cc972e5e20: ;   {runtime_call _rethrow_Java}
  0x000002cc972e5e20: 0000 5de9 | d88d 9ffb | 498b 8708 | 0100 004c | 8bd0 4983 | c230 4d3b | 9718 0100 | 000f 838b 
  0x000002cc972e5e40: 2000 004d | 8997 0801 | 0000 410f | 1882 0001 | 0000 48c7 | 0001 0000 

  0x000002cc972e5e58: ;   {metadata('java/lang/NullPointerException')}
  0x000002cc972e5e58: 00c7 4008 | 401a 0600 | 4489 600c | 4c89 6010 | 4c89 6018 | 4c89 6020 | 4c89 6028 | 4c8b d04c 
  0x000002cc972e5e78: 8954 2438 | 4c8b 5424 | 304c 8954 | 2420 4c89 | 5c24 3048 | 8b54 2438 

  0x000002cc972e5e90: ;   {optimized virtual_call}
  0x000002cc972e5e90: c5f8 77e8 

  0x000002cc972e5e94: ; ImmutableOopMap {[32]=Oop [56]=Oop }
                      ;*invokespecial <init> {reexecute=0 rethrow=0 return_oop=0}
                      ; - org.lwjgl.system.Checks::check@10 (line 188)
                      ; - org.lwjgl.glfw.GLFW::glfwWindowShouldClose@11 (line 2244)
                      ; - com.mojang.blaze3d.platform.GLX::_shouldClose@4 (line 92)
                      ; - com.mojang.blaze3d.platform.Window::m_85411_@1 (line 121)
                      ; - net.minecraft.client.Minecraft::m_91383_@30 (line 1086)
  0x000002cc972e5e94: e8b4 94fb | 488b 5424 | 38e9 76ff | ffff 4d8b | 5740 4d8b | 5f50 f083 | 4424 c000 | 8039 000f 
  0x000002cc972e5eb4: 84ce dbff | ff44 8821 | 4d85 d275 | 1849 8bd7 | c5f8 7749 | ba50 2753 | 97fa 7f00 | 0041 ffd2 
  0x000002cc972e5ed4: e9ae dbff | ff4b 894c | 13f8 4983 | c2f8 4d89 | 5740 e99c | dbff ff4c | 8b54 2440 | 450f b652 
  0x000002cc972e5ef4: 714c 8b44 | 2440 458b | 8894 0000 | 0045 85d2 | 0f84 150b | 0000 c481 | 7a10 4ccc | 0cc4 c17a 
  0x000002cc972e5f14: 1148 5445 | 8858 71f0 | 8344 24c0 | 00e9 6be4 | ffff 418b | 4cdc 1085 | c90f 847a | d8ff ff4d 
  0x000002cc972e5f34: 8b47 2048 | c1e1 034d | 85c0 0f84 | ac1d 0000 | 498b 5730 | 4a89 4c02 | f849 83c0 | f84d 8947 
  0x000002cc972e5f54: 20e9 53d8 | ffff 4d8b | 4740 498b | 5f50 f083 | 4424 c000 | 8039 000f | 847a d8ff | ff44 8821 
  0x000002cc972e5f74: 4d85 c075 | 3889 7c24 | 2045 8bf1 | 418b eb44 | 8be8 498b | fa49 8bd7 | c5f8 7749 | ba50 2753 
  0x000002cc972e5f94: 97fa 7f00 | 0041 ffd2 | 4c8b d741 | 8bc5 448b | dd45 8bce | 8b7c 2420 | e93a d8ff | ff4a 894c 
  0x000002cc972e5fb4: 03f8 4983 | c0f8 4d89 | 4740 e928 | d8ff ff45 | 85db 0f84 | 9fe5 ffff | 4d8b 5720 | 4d85 d20f 
  0x000002cc972e5fd4: 8453 1d00 | 004d 8b47 | 304b 8954 | 10f8 4983 | c2f8 4d89 | 5720 e97c | e5ff ff44 | 8b55 0045 
  0x000002cc972e5ff4: 85d2 0f84 | dae5 ffff | 4d8b 4720 | 498b ca48 | c1e1 034d | 85c0 0f84 | 3d1d 0000 | 4d8b 5730 
  0x000002cc972e6014: 4b89 4c02 | f849 83c0 | f84d 8947 | 20e9 b0e5 | ffff 33ff | 4489 4424 | 2c8b 6c24 | 3449 8d14 
  0x000002cc972e6034: ;   {oop(a 'java/lang/ThreadLocal$SuppliedThreadLocal'{0x00000005fe3f77c0})}
  0x000002cc972e6034: dc49 b8c0 | 773f fe05 | 0000 0045 | 8bcb 6690 

  0x000002cc972e6044: ;   {optimized virtual_call}
  0x000002cc972e6044: c5f8 77e8 

  0x000002cc972e6048: ; ImmutableOopMap {rbp=NarrowOop [32]=Oop [52]=NarrowOop [80]=Oop }
                      ;*invokevirtual getEntryAfterMiss {reexecute=0 rethrow=0 return_oop=1}
                      ; - java.lang.ThreadLocal$ThreadLocalMap::getEntry@38 (line 439)
                      ; - java.lang.ThreadLocal::get@16 (line 165)
                      ; - org.lwjgl.system.MemoryStack::stackGet@3 (line 875)
                      ; - org.lwjgl.opengl.GL33C::glGetQueryObjecti64@0 (line 607)
                      ; - org.lwjgl.opengl.ARBTimerQuery::glGetQueryObjecti64@2 (line 95)
                      ; - com.mojang.blaze3d.systems.TimerQuery$FrameProfile::m_231150_@34 (line 72)
                      ; - net.minecraft.client.Minecraft::m_91383_@331 (line 1130)
  0x000002cc972e6048: 34b3 94fb | 4885 c00f | 843c 1500 | 0048 8bf8 | 448b 4c24 | 3444 8b44 | 242c e953 | deff ff4d 
  0x000002cc972e6068: 8b57 404d | 8b47 50f0 | 8344 24c0 | 0080 3900 | 0f84 33e5 | ffff 4488 | 214d 85d2 | 751e 458b 
  0x000002cc972e6088: eb49 8bd7 | c5f8 7749 | ba50 2753 | 97fa 7f00 | 0041 ffd2 | 458b dde9 | 0de5 ffff | 4b89 4c10 
  0x000002cc972e60a8: f849 83c2 | f84d 8957 | 40e9 fbe4 | ffff 4585 | db0f 84e1 | d9ff ff4d | 8b57 2049 | 8bcb 48c1 
  0x000002cc972e60c8: e103 4d85 | d20f 84fd | 1c00 004d | 8b47 304b | 894c 10f8 | 4983 c2f8 | 4d89 5720 | e9b7 d9ff 
  0x000002cc972e60e8: ff4d 8b57 | 504d 8b5f | 40f0 8344 | 24c0 0080 | 3900 0f84 | e4d9 ffff | 4488 214d | 85db 7518 
  0x000002cc972e6108: 498b d7c5 | f877 49ba | 5027 5397 | fa7f 0000 | 41ff d2e9 | c4d9 ffff | 4b89 4c1a | f849 83c3 
  0x000002cc972e6128: f84d 895f | 40e9 b2d9 | ffff bade | ffff ff49 | 8bee 448b | 5c24 2844 | 895c 2420 | 4c89 4424 
  0x000002cc972e6148: 3066 6690 

  0x000002cc972e614c: ;   {runtime_call UncommonTrapBlob}
  0x000002cc972e614c: c5f8 77e8 

  0x000002cc972e6150: ; ImmutableOopMap {rbp=Oop [48]=Oop }
                      ;*invokeinterface run {reexecute=0 rethrow=0 return_oop=0}
                      ; - net.minecraft.client.Minecraft::m_91383_@103 (line 1100)
  0x000002cc972e6150: ac07 95fb | bade ffff | ff44 8b5c | 2428 4489 | 5c24 2044 | 8954 2424 

  0x000002cc972e6168: ;   {runtime_call UncommonTrapBlob}
  0x000002cc972e6168: c5f8 77e8 

  0x000002cc972e616c: ; ImmutableOopMap {rbp=Oop [36]=NarrowOop }
                      ;*invokeinterface poll {reexecute=0 rethrow=0 return_oop=0}
                      ; - net.minecraft.client.Minecraft::m_91383_@87 (line 1099)
  0x000002cc972e616c: 9007 95fb | 4489 5424 | 484c 894c | 2440 4489 | 5c24 2c4d | 8be8 498b | ee49 8bc8 | 498b d7c5 
  0x000002cc972e618c: f877 49ba | 7027 5397 | fa7f 0000 | 41ff d2e9 | e7e5 ffff | bade ffff | ff49 8bea | 448b 4424 
  0x000002cc972e61ac: 3044 8944 | 2420 4c8b | 5424 384c | 8954 2428 | 4489 5c24 | 4066 6690 

  0x000002cc972e61c4: ;   {runtime_call UncommonTrapBlob}
  0x000002cc972e61c4: c5f8 77e8 

  0x000002cc972e61c8: ; ImmutableOopMap {rbp=Oop [64]=NarrowOop }
                      ;*invokeinterface peek {reexecute=0 rethrow=0 return_oop=0}
                      ; - net.minecraft.util.thread.BlockableEventLoop::m_7245_@4 (line 121)
                      ; - net.minecraft.util.thread.BlockableEventLoop::m_18699_@1 (line 115)
                      ; - net.minecraft.client.Minecraft::m_91383_@140 (line 1106)
  0x000002cc972e61c8: 3407 95fb | bade ffff | ff48 8b6c | 2448 448b | 4424 3044 | 8944 2420 | 4c8b 5c24 | 384c 895c 
  0x000002cc972e61e8: 2428 4489 | 5424 4090 

  0x000002cc972e61f0: ;   {runtime_call UncommonTrapBlob}
  0x000002cc972e61f0: c5f8 77e8 

  0x000002cc972e61f4: ; ImmutableOopMap {rbp=Oop [64]=NarrowOop }
                      ;*invokeinterface remove {reexecute=0 rethrow=0 return_oop=0}
                      ; - net.minecraft.util.thread.BlockableEventLoop::m_7245_@41 (line 130)
                      ; - net.minecraft.util.thread.BlockableEventLoop::m_18699_@1 (line 115)
                      ; - net.minecraft.client.Minecraft::m_91383_@140 (line 1106)
  0x000002cc972e61f4: 0807 95fb | 488b 4c24 | 2849 8bd7 | c5f8 7749 | ba70 2753 | 97fa 7f00 | 0041 ffd2 | e91f d1ff 
  0x000002cc972e6214: ;   {oop(a 'net/minecraftforge/common/ForgeConfigSpec$EnumValue'{0x000000061ee01af8})}
  0x000002cc972e6214: ff49 baf8 | 1ae0 1e06 | 0000 0045 | 8b52 1845 | 85d2 0f84 | cee6 ffff | 4d8b 5f20 | 498b ca48 
  0x000002cc972e6234: c1e1 034d | 85db 0f84 | 3a1c 0000 | 4d8b 5730 | 4b89 4c1a | f849 83c3 | f84d 895f | 20e9 a4e6 
  0x000002cc972e6254: ffff 4d8b | 5750 4d8b | 5f40 f083 | 4424 c000 | 8039 0074 | 2a44 8821 | 4d85 db74 | 0f4b 894c 
  0x000002cc972e6274: 1af8 4983 | c3f8 4d89 | 5f40 eb13 | 498b d7c5 | f877 49ba | 5027 5397 | fa7f 0000 

  0x000002cc972e6290: ;   {oop(a 'net/minecraftforge/common/ForgeConfigSpec$EnumValue'{0x000000061ee01af8})}
  0x000002cc972e6290: 41ff d249 | baf8 1ae0 | 1e06 0000 | 0045 8b52 | 184d 8bc2 | 49c1 e003 | e993 e6ff | ff45 8b5c 
  0x000002cc972e62b0: ;   {metadata('net/minecraftforge/common/ForgeConfigSpec$Builder$$Lambda$8088+0x000002ccb5551a38')}
  0x000002cc972e62b0: dc08 4181 | fb38 1a55 | 020f 8599 | 1f00 0089 | 4c24 2c48 | 8944 2440 | 498b ea49 | 8d14 dc90 
  0x000002cc972e62d0: ;   {optimized virtual_call}
  0x000002cc972e62d0: c5f8 77e8 

  0x000002cc972e62d4: ; ImmutableOopMap {rbp=Oop [32]=Oop [44]=NarrowOop }
                      ;*invokeinterface get {reexecute=0 rethrow=0 return_oop=1}
                      ; - net.minecraftforge.common.ForgeConfigSpec$ConfigValue::get@50 (line 856)
                      ; - net.minecraft.client.Minecraft::wrapOperation$eef000$sodiumextras$redirect$isRecording@33 (line 18935)
                      ; - net.minecraft.client.Minecraft::m_91383_@303 (line 1126)
  0x000002cc972e62d4: a8b0 94fb | 4c8b d84c | 8bd5 488b | 4424 408b | 4c24 2ce9 | 4ed9 ffff | 498b 8708 | 0100 004c 
  0x000002cc972e62f4: 8bd0 4983 | c218 4d3b | 9718 0100 | 000f 8395 | 1d00 004d | 8997 0801 | 0000 410f | 1882 0001 
  0x000002cc972e6314: 0000 48c7 | 0001 0000 

  0x000002cc972e631c: ;   {metadata('java/lang/String')}
  0x000002cc972e631c: 00c7 4008 | f0e9 0000 | 4489 600c | 4489 6010 

  0x000002cc972e632c: ;   {oop([B{0x0000000675341c00})}
  0x000002cc972e632c: c740 1480 

  0x000002cc972e6330: ;   {oop("100%"{0x0000000675341ba0})}
  0x000002cc972e6330: 83a6 ce49 | baa0 1b34 | 7506 0000 | 0045 8b52 | 0c44 8950 | 0c4c 8bc0 | e9ef e7ff | ffba 45ff 
  0x000002cc972e6350: ffff 498b | ee44 8b4c | 2428 4489 | 4c24 204c | 8b44 2438 | 4c89 4424 | 2848 897c | 2430 4489 
  0x000002cc972e6370: 5c24 2448 | 8974 2438 | 4489 5424 | 4089 4c24 | 4466 6690 

  0x000002cc972e6384: ;   {runtime_call UncommonTrapBlob}
  0x000002cc972e6384: c5f8 77e8 

  0x000002cc972e6388: ; ImmutableOopMap {rbp=Oop [36]=NarrowOop [48]=Oop [56]=Oop [64]=NarrowOop }
                      ;*ifeq {reexecute=1 rethrow=0 return_oop=0}
                      ; - (reexecute) java.util.concurrent.ConcurrentLinkedQueue::poll@24 (line 387)
                      ; - net.minecraft.client.Minecraft::m_91383_@87 (line 1099)
  0x000002cc972e6388: 7405 95fb | 4489 5c24 | 2c48 895c | 2448 4489 | 4c24 3448 | 8944 2440 

  0x000002cc972e63a0: ;   {oop(a 'java/lang/ThreadLocal$SuppliedThreadLocal'{0x00000005fe3f77c0})}
  0x000002cc972e63a0: 498b ea48 | bac0 773f | fe05 0000 | 0066 6690 

  0x000002cc972e63b0: ;   {optimized virtual_call}
  0x000002cc972e63b0: c5f8 77e8 

  0x000002cc972e63b4: ; ImmutableOopMap {rbp=Oop [32]=Oop [44]=NarrowOop [72]=Oop }
                      ;*invokevirtual setInitialValue {reexecute=0 rethrow=0 return_oop=1}
                      ; - java.lang.ThreadLocal::get@34 (line 172)
                      ; - org.lwjgl.system.MemoryStack::stackGet@3 (line 875)
                      ; - org.lwjgl.opengl.GL15C::glGetQueryObjecti@0 (line 970)
                      ; - com.mojang.blaze3d.systems.TimerQuery$FrameProfile::m_231150_@21 (line 71)
                      ; - net.minecraft.client.Minecraft::m_91383_@331 (line 1130)
  0x000002cc972e63b4: c8af 94fb | 488b c84c | 8bd5 4c8b | 4424 2048 | 8b44 2440 | 448b 5c24 | 2c44 8b4c | 2434 488b 
  0x000002cc972e63d4: 5c24 4848 | 8bf9 e933 | d9ff ffba | 45ff ffff | 4c8b 5c24 | 4849 8beb | 448b 4424 | 3044 8944 
  0x000002cc972e63f4: 2420 4c8b | 5c24 384c | 895c 2428 | 448b 5c24 | 5044 895c | 2424 4889 | 5c24 4044 | 896c 2448 
  0x000002cc972e6414: 4889 7424 | 5044 8974 | 244c 4489 | 5424 5890 

  0x000002cc972e6424: ;   {runtime_call UncommonTrapBlob}
  0x000002cc972e6424: c5f8 77e8 

  0x000002cc972e6428: ; ImmutableOopMap {rbp=Oop [64]=Oop [72]=NarrowOop [76]=NarrowOop [80]=Oop }
                      ;*ifeq {reexecute=1 rethrow=0 return_oop=0}
                      ; - (reexecute) java.util.concurrent.ConcurrentLinkedQueue::poll@24 (line 387)
                      ; - java.util.AbstractQueue::remove@1 (line 113)
                      ; - net.minecraft.util.thread.BlockableEventLoop::m_7245_@41 (line 130)
                      ; - net.minecraft.util.thread.BlockableEventLoop::m_18699_@1 (line 115)
                      ; - net.minecraft.client.Minecraft::m_91383_@140 (line 1106)
  0x000002cc972e6428: d404 95fb | 897c 244c | 894c 2448 | 895c 2434 | 4489 5c24 | 2c48 8974 | 2440 448b | 5424 504b 
  0x000002cc972e6448: ;   {metadata('net/minecraft/client/sounds/SoundEngine$$Lambda$58389+0x000002ccbb3d7c28')}
  0x000002cc972e6448: 8d2c d448 | ba28 7c3d | bbcc 0200 | 0066 6690 

  0x000002cc972e6458: ;   {runtime_call _new_instance_Java}
  0x000002cc972e6458: c5f8 77e8 

  0x000002cc972e645c: ; ImmutableOopMap {rbp=Oop [32]=Oop [44]=NarrowOop [52]=NarrowOop [64]=Oop [72]=NarrowOop [76]=NarrowOop [80]=NarrowOop }
                      ;*invokevirtual allocateInstance {reexecute=0 rethrow=0 return_oop=1}
                      ; - java.lang.invoke.DirectMethodHandle::allocateInstance@12 (line 520)
                      ; - java.lang.invoke.LambdaForm$DMH/0x000002ccb413b400::newInvokeSpecial@1
                      ; - java.lang.invoke.Invokers$Holder::linkToTargetMethod@9
                      ; - net.minecraft.client.sounds.SoundEngine::m_120270_@39 (line 479)
                      ; - net.minecraft.client.sounds.SoundManager::m_120361_@5 (line 256)
                      ; - net.minecraft.client.Minecraft::m_91383_@250 (line 1121)
  0x000002cc972e645c: a096 9ffb | 488b 7424 | 404c 8bc0 | 448b 5c24 | 2c8b 5c24 | 348b 4c24 | 488b 7c24 | 4ce9 c7d2 
  0x000002cc972e647c: ffff 4c89 | 5424 2048 | 8944 2448 | e9f7 daff | ff49 8b87 | 0801 0000 | 4c8b d049 | 83c2 184d 
  0x000002cc972e649c: 3b97 1801 | 0000 0f83 | a41c 0000 | 4d89 9708 | 0100 0041 | 0f18 8200 | 0100 0048 | c700 0100 
  0x000002cc972e64bc: ;   {metadata('java/lang/String')}
  0x000002cc972e64bc: 0000 c740 | 08f0 e900 | 0044 8960 | 0c44 8960 

  0x000002cc972e64cc: ;   {oop([B{0x0000000675341c18})}
  0x000002cc972e64cc: 10c7 4014 | 8383 a6ce 

  0x000002cc972e64d4: ;   {oop(" GPU: "{0x0000000675341bb8})}
  0x000002cc972e64d4: 49ba b81b | 3475 0600 | 0000 458b | 5a0c 4489 | 580c e96b | e8ff ff48 | 897c 2450 | 4489 5c24 
  0x000002cc972e64f4: 2c4c 8944 | 2448 4889 

  0x000002cc972e64fc: ;   {metadata('java/util/concurrent/ConcurrentLinkedQueue$Node')}
  0x000002cc972e64fc: 7424 4048 | ba08 d208 | b4cc 0200 | 0066 6690 

  0x000002cc972e650c: ;   {runtime_call _new_instance_Java}
  0x000002cc972e650c: c5f8 77e8 

  0x000002cc972e6510: ; ImmutableOopMap {rbp=Oop [32]=Oop [44]=NarrowOop [64]=Oop [72]=Oop [80]=Oop }
                      ;*new {reexecute=0 rethrow=0 return_oop=1}
                      ; - java.util.concurrent.ConcurrentLinkedQueue::offer@0 (line 355)
                      ; - java.util.concurrent.ConcurrentLinkedQueue::add@2 (line 283)
                      ; - net.minecraft.util.thread.BlockableEventLoop::m_6937_@5 (line 93)
                      ; - net.minecraft.util.thread.BlockableEventLoop::execute@13 (line 100)
                      ; - net.minecraft.client.sounds.SoundEngine::m_120270_@44 (line 479)
                      ; - net.minecraft.client.sounds.SoundManager::m_120361_@5 (line 256)
                      ; - net.minecraft.client.Minecraft::m_91383_@250 (line 1121)
  0x000002cc972e6510: ec95 9ffb | 4c8b d0e9 | b9d4 ffff | 4889 4424 | f88b 4424 | 5089 4424 | 2048 8b44 

  0x000002cc972e652c: ;   {metadata('net/minecraft/client/Minecraft$$Lambda$55455+0x000002ccbb095638')}
  0x000002cc972e652c: 24f8 48ba | 3856 09bb | cc02 0000 

  0x000002cc972e6538: ;   {runtime_call _new_instance_Java}
  0x000002cc972e6538: c5f8 77e8 

  0x000002cc972e653c: ; ImmutableOopMap {rbp=Oop }
                      ;*invokevirtual allocateInstance {reexecute=0 rethrow=0 return_oop=1}
                      ; - java.lang.invoke.DirectMethodHandle::allocateInstance@12 (line 520)
                      ; - java.lang.invoke.DirectMethodHandle$Holder::newInvokeSpecial@1
                      ; - java.lang.invoke.Invokers$Holder::linkToTargetMethod@5
                      ; - net.minecraft.client.Minecraft::m_91383_@620 (line 1164)
  0x000002cc972e653c: c095 9ffb | 4c8b c04c | 8bdd e9b4 | dcff ffba | 45ff ffff | 498b ee44 | 8b54 2428 | 4489 5424 
  0x000002cc972e655c: 204c 8b54 | 2438 4c89 | 5424 2848 | 897c 2430 | 4489 5c24 | 2448 8974 | 2440 4489 | 4424 3c90 
  0x000002cc972e657c: ;   {runtime_call UncommonTrapBlob}
  0x000002cc972e657c: c5f8 77e8 

  0x000002cc972e6580: ; ImmutableOopMap {rbp=Oop [36]=NarrowOop [48]=Oop [60]=NarrowOop [64]=Oop }
                      ;*if_acmpne {reexecute=1 rethrow=0 return_oop=0}
                      ; - (reexecute) java.util.concurrent.ConcurrentLinkedQueue::poll@73 (line 398)
                      ; - net.minecraft.client.Minecraft::m_91383_@87 (line 1099)
  0x000002cc972e6580: 7c03 95fb | 498b d7c5 | f877 49ba | 7027 5397 | fa7f 0000 | 41ff d2e9 | 28cc ffff | ba45 ffff 
  0x000002cc972e65a0: ff4c 8b5c | 2448 498b | eb44 8b5c | 2430 4489 | 5c24 204c | 8b5c 2438 | 4c89 5c24 | 2844 8b5c 
  0x000002cc972e65c0: 2450 4489 | 5c24 2448 | 895c 2440 | 4489 6c24 | 4848 8974 | 2450 4489 | 5424 5890 

  0x000002cc972e65dc: ;   {runtime_call UncommonTrapBlob}
  0x000002cc972e65dc: c5f8 77e8 

  0x000002cc972e65e0: ; ImmutableOopMap {rbp=Oop [64]=Oop [72]=NarrowOop [80]=Oop [88]=NarrowOop }
                      ;*if_acmpne {reexecute=1 rethrow=0 return_oop=0}
                      ; - (reexecute) java.util.concurrent.ConcurrentLinkedQueue::poll@73 (line 398)
                      ; - java.util.AbstractQueue::remove@1 (line 113)
                      ; - net.minecraft.util.thread.BlockableEventLoop::m_7245_@41 (line 130)
                      ; - net.minecraft.util.thread.BlockableEventLoop::m_18699_@1 (line 115)
                      ; - net.minecraft.client.Minecraft::m_91383_@140 (line 1106)
  0x000002cc972e65e0: 1c03 95fb | 448b 1345 | 85d2 0f84 | 33e8 ffff | 4d8b 5f20 | 498b ca48 | c1e1 034d | 85db 0f84 
  0x000002cc972e6600: 2419 0000 | 4d8b 5730 | 4b89 4c1a | f849 83c3 | f84d 895f | 20e9 09e8 | ffff 448b | 1b45 85db 
  0x000002cc972e6620: 0f84 59e8 | ffff 4d8b | 5720 498b | cb48 c1e1 | 034d 85d2 | 0f84 0619 | 0000 4d8b | 5f30 4b89 
  0x000002cc972e6640: 4c13 f849 | 83c2 f84d | 8957 20e9 | 2fe8 ffff | 448b 5d00 | 4585 db0f | 84a5 e8ff | ff4d 8b57 
  0x000002cc972e6660: 2049 8bcb | 48c1 e103 | 4d85 d20f | 84e7 1800 | 004d 8b5f | 304b 894c | 13f8 4983 | c2f8 4d89 
  0x000002cc972e6680: 5720 e97b | e8ff ff44 | 8b55 0045 | 85d2 0f84 | c6e8 ffff | 4d8b 5f20 | 498b ca48 | c1e1 034d 
  0x000002cc972e66a0: 85db 0f84 | c818 0000 | 4d8b 5730 | 4b89 4c1a | f849 83c3 | f84d 895f | 20e9 9ce8 | ffff 448b 
  0x000002cc972e66c0: 5d00 4585 | db0f 84f2 | e8ff ff4d | 8b57 2049 | 8bcb 48c1 | e103 4d85 | d20f 84a9 | 1800 004d 
  0x000002cc972e66e0: 8b5f 304b | 894c 13f8 | 4983 c2f8 | 4d89 5720 | e9c8 e8ff | ff45 8b1e | 4585 db0f | 8470 e9ff 
  0x000002cc972e6700: ff4d 8b57 | 2049 8bcb | 48c1 e103 | 4d85 d20f | 84a3 1800 | 004d 8b5f | 304b 894c | 13f8 4983 
  0x000002cc972e6720: c2f8 4d89 | 5720 e946 | e9ff ff44 | 8b5d 0045 | 85db 0f84 | e0e8 ffff | 4d8b 5720 | 498b cb48 
  0x000002cc972e6740: c1e1 034d | 85d2 0f84 | 5418 0000 | 4d8b 5f30 | 4b89 4c13 | f849 83c2 | f84d 8957 | 20e9 b6e8 
  0x000002cc972e6760: ffff 488b | dd44 8b9d | a401 0000 | 4585 db0f | 8475 e9ff | ff4d 8b57 | 2049 8bcb | 48c1 e103 
  0x000002cc972e6780: 4d85 d20f | 844d 1800 | 004d 8b5f | 304b 894c | 13f8 4983 | c2f8 4d89 | 5720 e94b | e9ff ff4d 
  0x000002cc972e67a0: 8b57 504d | 8b5f 40f0 | 8344 24c0 | 0080 3900 | 0f84 a3e6 | ffff 4488 | 214d 85db | 7518 498b 
  0x000002cc972e67c0: d7c5 f877 | 49ba 5027 | 5397 fa7f | 0000 41ff | d2e9 83e6 | ffff 4b89 | 4c1a f849 | 83c3 f84d 
  0x000002cc972e67e0: 895f 40e9 | 71e6 ffff | 4d8b 5750 | 4d8b 5f40 | f083 4424 | c000 8039 | 000f 84b6 | e6ff ff44 
  0x000002cc972e6800: 8821 4d85 | db75 1849 | 8bd7 c5f8 | 7749 ba50 | 2753 97fa | 7f00 0041 | ffd2 e996 | e6ff ff4b 
  0x000002cc972e6820: 894c 1af8 | 4983 c3f8 | 4d89 5f40 | e984 e6ff | ff4d 8b57 | 404d 8b5f | 50f0 8344 | 24c0 0080 
  0x000002cc972e6840: 3900 742a | 4488 214d | 85d2 740f | 4b89 4c13 | f849 83c2 | f84d 8957 | 40eb 1349 | 8bd7 c5f8 
  0x000002cc972e6860: 7749 ba50 | 2753 97fa | 7f00 0041 | ffd2 8b9e | cc00 0000 | 85db 0f85 | c0e6 ffff | baf6 ffff 
  0x000002cc972e6880: ff66 6690 

  0x000002cc972e6884: ;   {runtime_call UncommonTrapBlob}
  0x000002cc972e6884: c5f8 77e8 

  0x000002cc972e6888: ; ImmutableOopMap {}
                      ;*invokevirtual m_232060_ {reexecute=0 rethrow=0 return_oop=0}
                      ; - net.minecraft.client.Minecraft::m_91383_@1080 (line 1214)
  0x000002cc972e6888: 7400 95fb | 4d8b 5740 | 4d8b 5f50 | f083 4424 | c000 8039 | 0074 2a44 | 8821 4d85 | d274 0f4b 
  0x000002cc972e68a8: 894c 13f8 | 4983 c2f8 | 4d89 5740 | eb13 498b | d7c5 f877 | 49ba 5027 | 5397 fa7f | 0000 41ff 
  0x000002cc972e68c8: d28b 9ecc | 0000 0085 | db0f 8520 | e7ff ffba | f6ff ffff 

  0x000002cc972e68dc: ;   {runtime_call UncommonTrapBlob}
  0x000002cc972e68dc: c5f8 77e8 

  0x000002cc972e68e0: ; ImmutableOopMap {}
                      ;*invokevirtual m_232121_ {reexecute=0 rethrow=0 return_oop=0}
                      ; - net.minecraft.client.Minecraft::m_91383_@1143 (line 1214)
  0x000002cc972e68e0: 1c00 95fb | 4d8b 5740 | 4d8b 5f50 | f083 4424 | c000 8039 | 000f 84a5 | e7ff ff44 | 8821 4d85 
  0x000002cc972e6900: d275 1849 | 8bd7 c5f8 | 7749 ba50 | 2753 97fa | 7f00 0041 | ffd2 e985 | e7ff ff4b | 894c 13f8 
  0x000002cc972e6920: 4983 c2f8 | 4d89 5740 | e973 e7ff | ff4d 8b57 | 404d 8b5f | 50f0 8344 | 24c0 0080 | 3900 742a 
  0x000002cc972e6940: 4488 214d | 85d2 740f | 4b89 4c13 | f849 83c2 | f84d 8957 | 40eb 1349 | 8bd7 c5f8 | 7749 ba50 
  0x000002cc972e6960: 2753 97fa | 7f00 0041 | ffd2 8b9e | cc00 0000 | 85db 0f85 | 1be6 ffff | baf6 ffff | ff66 6690 
  0x000002cc972e6980: ;   {runtime_call UncommonTrapBlob}
  0x000002cc972e6980: c5f8 77e8 

  0x000002cc972e6984: ; ImmutableOopMap {}
                      ;*invokevirtual m_232050_ {reexecute=0 rethrow=0 return_oop=0}
                      ; - net.minecraft.client.Minecraft::m_91383_@1093 (line 1214)
  0x000002cc972e6984: 78ff 94fb | 4d8b 5740 | 4d8b 5f50 | f083 4424 | c000 8039 | 000f 84c7 | e6ff ff44 | 8821 4d85 
  0x000002cc972e69a4: d275 1d49 | 8bd7 c5f8 | 7749 ba50 | 2753 97fa | 7f00 0041 | ffd2 4c8b | 4424 38e9 | a2e6 ffff 
  0x000002cc972e69c4: 4b89 4c13 | f849 83c2 | f84d 8957 | 40e9 90e6 | ffff 4d8b | 5750 4d8b | 5f40 f083 | 4424 c000 
  0x000002cc972e69e4: 8039 000f | 8441 e7ff | ff44 8821 | 4d85 db75 | 1849 8bd7 | c5f8 7749 | ba50 2753 | 97fa 7f00 
  0x000002cc972e6a04: 0041 ffd2 | e921 e7ff | ff4b 894c | 1af8 4983 | c3f8 4d89 | 5f40 e90f | e7ff ffc4 | c17a 1048 
  0x000002cc972e6a24: 54c4 817a | 114c cc0c | e9e6 f4ff 

  0x000002cc972e6a30: ;   {metadata({type array float})}
  0x000002cc972e6a30: ff48 ba58 | 6300 b3cc | 0200 0041 | b806 0000 | 0048 8b6c | 2440 6690 

  0x000002cc972e6a48: ;   {runtime_call _new_array_Java}
  0x000002cc972e6a48: c5f8 77e8 

  0x000002cc972e6a4c: ; ImmutableOopMap {rbp=Oop [32]=Oop [52]=NarrowOop [64]=Oop [72]=NarrowOop }
                      ;*newarray {reexecute=0 rethrow=0 return_oop=1}
                      ; - com.mojang.blaze3d.audio.Listener::m_252991_@5 (line 21)
                      ; - net.minecraft.client.sounds.SoundEngine::m_252595_@14 (line 481)
                      ; - net.minecraft.client.sounds.SoundEngine$$Lambda$58389/0x000002ccbb3d7c28::run@16
                      ; - net.minecraft.util.thread.BlockableEventLoop::execute@20 (line 102)
                      ; - net.minecraft.client.sounds.SoundEngine::m_120270_@44 (line 479)
                      ; - net.minecraft.client.sounds.SoundManager::m_120361_@5 (line 256)
                      ; - net.minecraft.client.Minecraft::m_91383_@250 (line 1121)
  0x000002cc972e6a4c: b093 9ffb | 4c8b c0e9 | 6dce ffff | 8b6c 2434 | 4489 4424 

  0x000002cc972e6a60: ;   {oop(a 'java/lang/ThreadLocal$SuppliedThreadLocal'{0x00000005fe3f77c0})}
  0x000002cc972e6a60: 2c48 bac0 | 773f fe05 | 0000 0090 

  0x000002cc972e6a6c: ;   {optimized virtual_call}
  0x000002cc972e6a6c: c5f8 77e8 

  0x000002cc972e6a70: ; ImmutableOopMap {rbp=NarrowOop [32]=Oop [80]=Oop }
                      ;*invokevirtual setInitialValue {reexecute=0 rethrow=0 return_oop=1}
                      ; - java.lang.ThreadLocal::get@34 (line 172)
                      ; - org.lwjgl.system.MemoryStack::stackGet@3 (line 875)
                      ; - org.lwjgl.opengl.GL33C::glGetQueryObjecti64@0 (line 607)
                      ; - org.lwjgl.opengl.ARBTimerQuery::glGetQueryObjecti64@2 (line 95)
                      ; - com.mojang.blaze3d.systems.TimerQuery$FrameProfile::m_231150_@34 (line 72)
                      ; - net.minecraft.client.Minecraft::m_91383_@331 (line 1130)
  0x000002cc972e6a70: 0ca9 94fb | 448b cd44 | 8b44 242c | 4c8b d0e9 | 3ed4 ffff | ba5c ffff | ff49 8bee | 448b 4c24 
  0x000002cc972e6a90: 2844 894c | 2420 4489 | 5424 2444 | 895c 2430 

  0x000002cc972e6aa0: ;   {runtime_call UncommonTrapBlob}
  0x000002cc972e6aa0: c5f8 77e8 

  0x000002cc972e6aa4: ; ImmutableOopMap {rbp=Oop [36]=NarrowOop [48]=NarrowOop }
                      ;*ifnonnull {reexecute=1 rethrow=0 return_oop=0}
                      ; - (reexecute) java.util.Objects::requireNonNull@1 (line 208)
                      ; - java.lang.invoke.VarHandleReferences$FieldInstanceReadWrite::setRelease@16 (line 172)
                      ; - java.lang.invoke.VarHandleGuards::guard_LL_V@45 (line 53)
                      ; - java.util.concurrent.ConcurrentLinkedQueue::updateHead@22 (line 293)
                      ; - java.util.concurrent.ConcurrentLinkedQueue::poll@48 (line 391)
                      ; - net.minecraft.client.Minecraft::m_91383_@87 (line 1099)
  0x000002cc972e6aa4: 58fe 94fb | ba45 ffff | ff4c 8b44 | 2448 498b | e844 8b44 | 2430 4489 | 4424 204c | 8b44 2438 
  0x000002cc972e6ac4: 4c89 4424 | 2844 8b44 | 2450 4489 | 4424 244c | 895c 2440 | 4489 7424 | 484c 896c | 2450 4489 
  0x000002cc972e6ae4: 5424 5890 

  0x000002cc972e6ae8: ;   {runtime_call UncommonTrapBlob}
  0x000002cc972e6ae8: c5f8 77e8 

  0x000002cc972e6aec: ; ImmutableOopMap {rbp=Oop [64]=Oop [72]=NarrowOop [80]=Oop [88]=NarrowOop }
                      ;*if_acmpne {reexecute=1 rethrow=0 return_oop=0}
                      ; - (reexecute) java.util.concurrent.ConcurrentLinkedQueue::peek@37 (line 413)
                      ; - net.minecraft.util.thread.BlockableEventLoop::m_7245_@4 (line 121)
                      ; - net.minecraft.util.thread.BlockableEventLoop::m_18699_@1 (line 115)
                      ; - net.minecraft.client.Minecraft::m_91383_@140 (line 1106)
  0x000002cc972e6aec: 10fe 94fb | ba5c ffff | ff48 8b6c | 2448 448b | 5424 3044 | 8954 2420 | 4c8b 5424 | 384c 8954 
  0x000002cc972e6b0c: 2428 4489 | 7424 4044 | 896c 2444 

  0x000002cc972e6b18: ;   {runtime_call UncommonTrapBlob}
  0x000002cc972e6b18: c5f8 77e8 

  0x000002cc972e6b1c: ; ImmutableOopMap {rbp=Oop [64]=NarrowOop [68]=NarrowOop }
                      ;*ifnonnull {reexecute=1 rethrow=0 return_oop=0}
                      ; - (reexecute) java.util.Objects::requireNonNull@1 (line 208)
                      ; - java.lang.invoke.VarHandleReferences$FieldInstanceReadWrite::setRelease@16 (line 172)
                      ; - java.lang.invoke.VarHandleGuards::guard_LL_V@45 (line 53)
                      ; - java.util.concurrent.ConcurrentLinkedQueue::updateHead@22 (line 293)
                      ; - java.util.concurrent.ConcurrentLinkedQueue::poll@48 (line 391)
                      ; - java.util.AbstractQueue::remove@1 (line 113)
                      ; - net.minecraft.util.thread.BlockableEventLoop::m_7245_@41 (line 130)
                      ; - net.minecraft.util.thread.BlockableEventLoop::m_18699_@1 (line 115)
                      ; - net.minecraft.client.Minecraft::m_91383_@140 (line 1106)
  0x000002cc972e6b1c: e0fd 94fb | 498b d7c5 | f877 49ba | 7027 5397 | fa7f 0000 | 41ff d2e9 | e5c6 ffff | 453b da0f 
  0x000002cc972e6b3c: 84cf 0700 | 004d 8bf2 | 49c1 e603 | 4489 5424 | 34e9 ccce | ffff 458b | c2e9 69ea | ffff bae4 
  0x000002cc972e6b5c: ffff ff48 | 8b6c 2430 | 448b 5c24 | 2844 895c | 2420 4c8b | 5c24 384c | 895c 2430 | 4489 5424 
  0x000002cc972e6b7c: 2444 8944 | 2438 4489 | 4c24 3c90 

  0x000002cc972e6b88: ;   {runtime_call UncommonTrapBlob}
  0x000002cc972e6b88: c5f8 77e8 

  0x000002cc972e6b8c: ; ImmutableOopMap {rbp=Oop [36]=NarrowOop [48]=Oop [60]=NarrowOop }
                      ;*laload {reexecute=0 rethrow=0 return_oop=0}
                      ; - it.unimi.dsi.fastutil.longs.LongArrayFIFOQueue::dequeueLong@27 (line 86)
                      ; - net.minecraft.client.Minecraft::handler$zlh000$embeddium$preRender@39 (line 33459)
                      ; - net.minecraft.client.Minecraft::m_91383_@3
  0x000002cc972e6b8c: 70fd 94fb | baf6 ffff | ff66 6690 

  0x000002cc972e6b98: ;   {runtime_call UncommonTrapBlob}
  0x000002cc972e6b98: c5f8 77e8 

  0x000002cc972e6b9c: ; ImmutableOopMap {}
                      ;*invokevirtual startCollect {reexecute=0 rethrow=0 return_oop=0}
                      ; - net.minecraft.client.Minecraft::handler$cgh000$reflex$afterRender@10 (line 12429)
                      ; - net.minecraft.client.Minecraft::m_91383_@9 (line 1084)
  0x000002cc972e6b9c: 60fd 94fb | baf6 ffff | ff66 6690 

  0x000002cc972e6ba8: ;   {runtime_call UncommonTrapBlob}
  0x000002cc972e6ba8: c5f8 77e8 

  0x000002cc972e6bac: ; ImmutableOopMap {}
                      ;*invokevirtual m_85403_ {reexecute=0 rethrow=0 return_oop=0}
                      ; - net.minecraft.client.Minecraft::m_91383_@19 (line 1084)
  0x000002cc972e6bac: 50fd 94fb | bade ffff | ff48 8b6c | 2430 4489 | 4424 2044 | 894c 2430 

  0x000002cc972e6bc4: ;   {runtime_call UncommonTrapBlob}
  0x000002cc972e6bc4: c5f8 77e8 

  0x000002cc972e6bc8: ; ImmutableOopMap {rbp=Oop [48]=NarrowOop }
                      ;*invokeinterface m_6180_ {reexecute=0 rethrow=0 return_oop=0}
                      ; - net.minecraft.client.Minecraft::handler$zlh000$embeddium$preRender@11 (line 33456)
                      ; - net.minecraft.client.Minecraft::m_91383_@3
  0x000002cc972e6bc8: 34fd 94fb | bade ffff | ff48 895c | 2420 6690 

  0x000002cc972e6bd8: ;   {runtime_call UncommonTrapBlob}
  0x000002cc972e6bd8: c5f8 77e8 

  0x000002cc972e6bdc: ; ImmutableOopMap {rbp=NarrowOop [32]=Oop }
                      ;*invokeinterface getAsLong {reexecute=0 rethrow=0 return_oop=0}
                      ; - net.minecraft.Util::m_137569_@3 (line 119)
                      ; - net.minecraft.client.Minecraft::m_91383_@22 (line 1085)
  0x000002cc972e6bdc: 20fd 94fb | bade ffff | ff48 895c | 2420 6690 

  0x000002cc972e6bec: ;   {runtime_call UncommonTrapBlob}
  0x000002cc972e6bec: c5f8 77e8 

  0x000002cc972e6bf0: ; ImmutableOopMap {rbp=NarrowOop [32]=Oop }
                      ;*invokeinterface getAsLong {reexecute=0 rethrow=0 return_oop=0}
                      ; - com.mojang.blaze3d.systems.RenderSystem$$Lambda$6915/0x000002ccb533e208::getAsLong@4
                      ; - net.minecraft.Util::m_137569_@3 (line 119)
                      ; - net.minecraft.client.Minecraft::m_91383_@22 (line 1085)
  0x000002cc972e6bf0: 0cfd 94fb | bade ffff | ff4c 8974 | 2420 6690 

  0x000002cc972e6c00: ;   {runtime_call UncommonTrapBlob}
  0x000002cc972e6c00: c5f8 77e8 

  0x000002cc972e6c04: ; ImmutableOopMap {rbp=NarrowOop [32]=Oop }
                      ;*invokeinterface poll {reexecute=0 rethrow=0 return_oop=0}
                      ; - net.minecraft.client.Minecraft::m_91383_@87 (line 1099)
  0x000002cc972e6c04: f8fc 94fb | 4c89 4424 | 4844 8954 | 2440 4889 | 5424 3044 | 895c 242c | 498b e949 | 8bc8 498b 
  0x000002cc972e6c24: d7c5 f877 | 49ba 7027 | 5397 fa7f | 0000 41ff | d24c 8bcd | 448b 5c24 | 2c48 8b54 | 2430 448b 
  0x000002cc972e6c44: 5424 404c | 8b44 2448 | e93a bbff | ffba deff | ffff 498b | ee44 895c | 2420 894c | 2424 4489 
  0x000002cc972e6c64: 4424 3090 

  0x000002cc972e6c68: ;   {runtime_call UncommonTrapBlob}
  0x000002cc972e6c68: c5f8 77e8 

  0x000002cc972e6c6c: ; ImmutableOopMap {rbp=Oop [36]=NarrowOop [48]=NarrowOop }
                      ;*invokeinterface getAsLong {reexecute=0 rethrow=0 return_oop=0}
                      ; - net.minecraft.Util::m_137569_@3 (line 119)
                      ; - net.minecraft.Util::m_137550_@0 (line 115)
                      ; - net.minecraft.client.Minecraft::m_91383_@119 (line 1104)
  0x000002cc972e6c6c: 90fc 94fb | bade ffff | ff4c 8974 | 2420 894c | 242c 6690 

  0x000002cc972e6c80: ;   {runtime_call UncommonTrapBlob}
  0x000002cc972e6c80: c5f8 77e8 

  0x000002cc972e6c84: ; ImmutableOopMap {rbp=NarrowOop [32]=Oop [44]=NarrowOop }
                      ;*invokeinterface getAsLong {reexecute=0 rethrow=0 return_oop=0}
                      ; - com.mojang.blaze3d.systems.RenderSystem$$Lambda$6915/0x000002ccb533e208::getAsLong@4
                      ; - net.minecraft.Util::m_137569_@3 (line 119)
                      ; - net.minecraft.Util::m_137550_@0 (line 115)
                      ; - net.minecraft.client.Minecraft::m_91383_@119 (line 1104)
  0x000002cc972e6c84: 78fc 94fb | bade ffff | ff49 8bee | 448b 5424 | 3044 8954 | 2420 895c | 2424 4489 | 5c24 3090 
  0x000002cc972e6ca4: ;   {runtime_call UncommonTrapBlob}
  0x000002cc972e6ca4: c5f8 77e8 

  0x000002cc972e6ca8: ; ImmutableOopMap {rbp=Oop [48]=NarrowOop }
                      ;*invokeinterface m_6180_ {reexecute=0 rethrow=0 return_oop=0}
                      ; - net.minecraft.client.Minecraft::m_91383_@134 (line 1105)
  0x000002cc972e6ca8: 54fc 94fb | bade ffff | ff44 8b5c | 2430 4489 | 5c24 284c | 8b54 2438 | 4c89 5424 | 3089 5c24 
  0x000002cc972e6cc8: 2c4c 8974 | 2438 4c89 | 7424 4090 

  0x000002cc972e6cd4: ;   {runtime_call UncommonTrapBlob}
  0x000002cc972e6cd4: c5f8 77e8 

  0x000002cc972e6cd8: ; ImmutableOopMap {rbp=NarrowOop [56]=Oop [64]=Oop }
                      ;*invokeinterface peek {reexecute=0 rethrow=0 return_oop=0}
                      ; - net.minecraft.util.thread.BlockableEventLoop::m_7245_@4 (line 121)
                      ; - net.minecraft.util.thread.BlockableEventLoop::m_18699_@1 (line 115)
                      ; - net.minecraft.client.Minecraft::m_91383_@140 (line 1106)
  0x000002cc972e6cd8: 24fc 94fb | bade ffff | ff44 8b54 | 2430 4489 | 5424 284c | 8b54 2438 | 4c89 5424 | 3089 5c24 
  0x000002cc972e6cf8: 2c4c 8974 | 2438 4c89 | 7424 4090 

  0x000002cc972e6d04: ;   {runtime_call UncommonTrapBlob}
  0x000002cc972e6d04: c5f8 77e8 

  0x000002cc972e6d08: ; ImmutableOopMap {rbp=NarrowOop [56]=Oop [64]=Oop }
                      ;*invokeinterface remove {reexecute=0 rethrow=0 return_oop=0}
                      ; - net.minecraft.util.thread.BlockableEventLoop::m_7245_@41 (line 130)
                      ; - net.minecraft.util.thread.BlockableEventLoop::m_18699_@1 (line 115)
                      ; - net.minecraft.client.Minecraft::m_91383_@140 (line 1106)
  0x000002cc972e6d08: f4fb 94fb | 498b cd49 | 8bd7 c5f8 | 7749 ba70 | 2753 97fa | 7f00 0041 | ffd2 e9c2 | c1ff ffba 
  0x000002cc972e6d28: 5cff ffff | 488b 6c24 | 4844 8b54 | 2430 4489 | 5424 204c | 8b54 2438 | 4c89 5424 | 2889 5c24 
  0x000002cc972e6d48: 4066 6690 

  0x000002cc972e6d4c: ;   {runtime_call UncommonTrapBlob}
  0x000002cc972e6d4c: c5f8 77e8 

  0x000002cc972e6d50: ; ImmutableOopMap {rbp=Oop [64]=NarrowOop }
                      ;*ifnonnull {reexecute=1 rethrow=0 return_oop=0}
                      ; - (reexecute) java.util.Objects::requireNonNull@1 (line 208)
                      ; - java.lang.invoke.VarHandleReferences$FieldInstanceReadWrite::setRelease@16 (line 172)
                      ; - java.lang.invoke.VarHandleGuards::guard_LL_V@45 (line 53)
                      ; - java.util.concurrent.ConcurrentLinkedQueue::updateHead@22 (line 293)
                      ; - java.util.concurrent.ConcurrentLinkedQueue::poll@66 (line 395)
                      ; - java.util.AbstractQueue::remove@1 (line 113)
                      ; - net.minecraft.util.thread.BlockableEventLoop::m_7245_@41 (line 130)
                      ; - net.minecraft.util.thread.BlockableEventLoop::m_18699_@1 (line 115)
                      ; - net.minecraft.client.Minecraft::m_91383_@140 (line 1106)
  0x000002cc972e6d50: acfb 94fb | 498b c849 | 8bd7 c5f8 | 7749 ba50 | 2753 97fa | 7f00 0041 | ffd2 e9da | c7ff ff44 
  0x000002cc972e6d70: 8954 242c | 458b eb49 | 8be8 498b | c949 8bd7 | c5f8 7749 | ba70 2753 | 97fa 7f00 | 0041 ffd2 
  0x000002cc972e6d90: 4c8b c545 | 8bdd 448b | 5424 2ce9 | 9cbc ffff | 4489 5424 | 2c45 8beb | 498b e849 | 8bd7 c5f8 
  0x000002cc972e6db0: 7749 ba70 | 2753 97fa | 7f00 0041 | ffd2 4c8b | c545 8bdd | 448b 5424 | 2ce9 40bb | ffff 488b 
  0x000002cc972e6dd0: cf49 8bd7 | c5f8 7749 | ba70 2753 | 97fa 7f00 | 0041 ffd2 | e996 c5ff | ff49 8bd7 | c5f8 7749 
  0x000002cc972e6df0: ba70 2753 | 97fa 7f00 | 0041 ffd2 | e997 c2ff | ff44 8bc1 | 41d1 e045 | 85c0 0f8c | 9914 0000 
  0x000002cc972e6e10: 418b d1d1 | e285 d20f | 8c8c 1400 | 0041 8bf8 | 03fa 443b | d70f 827e | 1400 004a | 8d7c 0310 
  0x000002cc972e6e30: 418b d18b | ca83 e10f | 83e2 f074 | 1c48 8d34 | 1648 8d3c | 5748 f7da | c4e2 7d30 | 0416 c5fe 
  0x000002cc972e6e50: 7f04 5748 | 83c2 1075 | ef8b d183 | e107 83e2 | f874 27c4 | e279 3006 | c5fa 7f07 | 4883 c608 
  0x000002cc972e6e70: 4883 c710 | e911 0000 | 00c4 e279 | 3004 16c5 | fa7f 0457 | 4883 c208 | 75ef 8bd1 | 83fa 047c 
  0x000002cc972e6e90: 19c5 f96e | 06c4 e279 | 30c0 c5f9 | d607 4883 | ea04 4883 | c604 4883 | c708 85d2 | 7418 488d 
  0x000002cc972e6eb0: 3416 488d | 3c57 48f7 | da0f b60c | 1666 890c | 5748 ffc2 | 75f3 e999 | ddff ffba | 45ff ffff 
  0x000002cc972e6ed0: 488b 6c24 | 308b 5c24 | 2889 5c24 | 204c 8b4c | 2438 4c89 | 4c24 3044 | 8954 2424 | 4c89 4424 
  0x000002cc972e6ef0: 3844 895c | 2440 894c | 2444 6690 

  0x000002cc972e6efc: ;   {runtime_call UncommonTrapBlob}
  0x000002cc972e6efc: c5f8 77e8 

  0x000002cc972e6f00: ; ImmutableOopMap {rbp=Oop [36]=NarrowOop [48]=Oop }
                      ;*if_icmple {reexecute=1 rethrow=0 return_oop=0}
                      ; - (reexecute) it.unimi.dsi.fastutil.longs.LongArrayFIFOQueue::reduce@10 (line 126)
                      ; - it.unimi.dsi.fastutil.longs.LongArrayFIFOQueue::dequeueLong@53 (line 88)
                      ; - net.minecraft.client.Minecraft::handler$zlh000$embeddium$preRender@39 (line 33459)
                      ; - net.minecraft.client.Minecraft::m_91383_@3
  0x000002cc972e6f00: fcf9 94fb | 4c8b ee49 | 8bd7 c5f8 | 7749 ba70 | 2753 97fa | 7f00 0041 | ffd2 498b | f5e9 7ab6 
  0x000002cc972e6f20: ffff 498b | d7c5 f877 | 49ba 7027 | 5397 fa7f | 0000 41ff | d2e9 15b6 | ffff 498b | d7c5 f877 
  0x000002cc972e6f40: 49ba 7027 | 5397 fa7f | 0000 41ff | d2e9 b2b6 | ffff ba45 | ffff ff48 | 8b6c 2430 | 448b 4424 
  0x000002cc972e6f60: 2844 8944 | 2420 4c8b | 5424 384c | 8954 2430 | 4489 4c24 | 2444 895c | 2438 6690 

  0x000002cc972e6f7c: ;   {runtime_call UncommonTrapBlob}
  0x000002cc972e6f7c: c5f8 77e8 

  0x000002cc972e6f80: ; ImmutableOopMap {rbp=Oop [48]=Oop [56]=NarrowOop }
                      ;*ifnonnull {reexecute=1 rethrow=0 return_oop=0}
                      ; - (reexecute) me.jellysquid.mods.sodium.client.SodiumClientMod::options@3 (line 60)
                      ; - net.minecraft.client.Minecraft::handler$zlh000$embeddium$preRender@23 (line 33458)
                      ; - net.minecraft.client.Minecraft::m_91383_@3
  0x000002cc972e6f80: 7cf9 94fb | ba45 ffff | ff48 8b6c | 2430 448b | 4c24 2844 | 894c 2420 | 4c8b 5c24 | 384c 895c 
  0x000002cc972e6fa0: 2430 4489 | 5424 2444 | 8944 2438 | 897c 243c 

  0x000002cc972e6fb0: ;   {runtime_call UncommonTrapBlob}
  0x000002cc972e6fb0: c5f8 77e8 

  0x000002cc972e6fb4: ; ImmutableOopMap {rbp=Oop [36]=NarrowOop [48]=Oop }
                      ;*if_icmpne {reexecute=1 rethrow=0 return_oop=0}
                      ; - (reexecute) it.unimi.dsi.fastutil.longs.LongArrayFIFOQueue::dequeueLong@8 (line 85)
                      ; - net.minecraft.client.Minecraft::handler$zlh000$embeddium$preRender@39 (line 33459)
                      ; - net.minecraft.client.Minecraft::m_91383_@3
  0x000002cc972e6fb4: 48f9 94fb | ba45 ffff | ff44 8954 | 242c 4c89 | 4424 4044 | 895c 244c 

  0x000002cc972e6fcc: ;   {runtime_call UncommonTrapBlob}
  0x000002cc972e6fcc: c5f8 77e8 

  0x000002cc972e6fd0: ; ImmutableOopMap {[44]=NarrowOop [48]=Oop [56]=Oop }
                      ;*if_icmpgt {reexecute=1 rethrow=0 return_oop=0}
                      ; - (reexecute) it.unimi.dsi.fastutil.longs.LongArrayFIFOQueue::reduce@20 (line 126)
                      ; - it.unimi.dsi.fastutil.longs.LongArrayFIFOQueue::dequeueLong@53 (line 88)
                      ; - net.minecraft.client.Minecraft::handler$zlh000$embeddium$preRender@39 (line 33459)
                      ; - net.minecraft.client.Minecraft::m_91383_@3
  0x000002cc972e6fd0: 2cf9 94fb | ba45 ffff | ff44 894c | 242c 6690 

  0x000002cc972e6fe0: ;   {runtime_call UncommonTrapBlob}
  0x000002cc972e6fe0: c5f8 77e8 

  0x000002cc972e6fe4: ; ImmutableOopMap {[44]=NarrowOop [48]=Oop [56]=Oop }
                      ;*ifnonnull {reexecute=1 rethrow=0 return_oop=0}
                      ; - (reexecute) me.jellysquid.mods.sodium.client.SodiumClientMod::options@3 (line 60)
                      ; - net.minecraft.client.Minecraft::handler$zlh000$embeddium$preRender@23 (line 33458)
                      ; - net.minecraft.client.Minecraft::m_91383_@3
  0x000002cc972e6fe4: 18f9 94fb | ba45 ffff | ff48 8b6c | 2430 448b | 5424 2844 | 8954 2420 | 8944 2424 

  0x000002cc972e7000: ;   {runtime_call UncommonTrapBlob}
  0x000002cc972e7000: c5f8 77e8 

  0x000002cc972e7004: ; ImmutableOopMap {rbp=Oop }
                      ;*ifeq {reexecute=1 rethrow=0 return_oop=0}
                      ; - (reexecute) org.lwjgl.glfw.GLFW::glfwWindowShouldClose@20 (line 2246)
                      ; - com.mojang.blaze3d.platform.GLX::_shouldClose@4 (line 92)
                      ; - com.mojang.blaze3d.platform.Window::m_85411_@1 (line 121)
                      ; - net.minecraft.client.Minecraft::m_91383_@30 (line 1086)
  0x000002cc972e7004: f8f8 94fb | ba45 ffff | ff4c 8974 | 2420 6690 

  0x000002cc972e7014: ;   {runtime_call UncommonTrapBlob}
  0x000002cc972e7014: c5f8 77e8 

  0x000002cc972e7018: ; ImmutableOopMap {rbp=NarrowOop [32]=Oop }
                      ;*ifnull {reexecute=1 rethrow=0 return_oop=0}
                      ; - (reexecute) net.minecraft.client.Minecraft::m_91383_@44 (line 1090)
  0x000002cc972e7018: e4f8 94fb | ba45 ffff | ff4c 8974 | 2420 4c8b | 4424 384c | 8944 2430 | 4889 7c24 | 3844 8954 
  0x000002cc972e7038: 242c 4c89 | 4c24 4044 | 895c 2448 

  0x000002cc972e7044: ;   {runtime_call UncommonTrapBlob}
  0x000002cc972e7044: c5f8 77e8 

  0x000002cc972e7048: ; ImmutableOopMap {[32]=Oop [44]=NarrowOop [56]=Oop [64]=Oop [72]=NarrowOop }
                      ;*ifeq {reexecute=1 rethrow=0 return_oop=0}
                      ; - (reexecute) java.util.concurrent.ConcurrentLinkedQueue::poll@24 (line 387)
                      ; - net.minecraft.client.Minecraft::m_91383_@87 (line 1099)
  0x000002cc972e7048: b4f8 94fb | 488b cf49 | 8bd7 c5f8 | 7749 ba70 | 2753 97fa | 7f00 0041 | ffd2 e928 | c4ff ff49 
  0x000002cc972e7068: 8bd7 c5f8 | 7749 ba70 | 2753 97fa | 7f00 0041 | ffd2 e977 | c4ff ffba | 45ff ffff | 4c8b 5424 
  0x000002cc972e7088: 484c 8954 | 2420 448b | 5c24 3044 | 895c 2428 | 4c8b 5424 | 384c 8954 | 2430 448b | 5424 5044 
  0x000002cc972e70a8: 8954 242c | 4889 7424 | 4889 5c24 | 5066 6690 

  0x000002cc972e70b8: ;   {runtime_call UncommonTrapBlob}
  0x000002cc972e70b8: c5f8 77e8 

  0x000002cc972e70bc: ; ImmutableOopMap {[32]=Oop [72]=Oop [80]=NarrowOop [88]=Oop [96]=NarrowOop }
                      ;*ifeq {reexecute=1 rethrow=0 return_oop=0}
                      ; - (reexecute) java.util.concurrent.ConcurrentLinkedQueue::poll@24 (line 387)
                      ; - java.util.AbstractQueue::remove@1 (line 113)
                      ; - net.minecraft.util.thread.BlockableEventLoop::m_7245_@41 (line 130)
                      ; - net.minecraft.util.thread.BlockableEventLoop::m_18699_@1 (line 115)
                      ; - net.minecraft.client.Minecraft::m_91383_@140 (line 1106)
  0x000002cc972e70bc: 40f8 94fb | bae4 ffff | ff48 895c | 2420 897c | 2430 6690 

  0x000002cc972e70d0: ;   {runtime_call UncommonTrapBlob}
  0x000002cc972e70d0: c5f8 77e8 

  0x000002cc972e70d4: ; ImmutableOopMap {[32]=Oop [48]=NarrowOop }
                      ;*aaload {reexecute=0 rethrow=0 return_oop=0}
                      ; - java.lang.Long::valueOf@29 (line 1209)
                      ; - io.tythee.CpuTimeCollector::startCollect@4 (line 9)
                      ; - net.minecraft.client.Minecraft::handler$cgh000$reflex$afterRender@10 (line 12429)
                      ; - net.minecraft.client.Minecraft::m_91383_@9 (line 1084)
  0x000002cc972e70d4: 28f8 94fb | 49ba 0000 | 0000 0100 | 0000 490b | eae9 84da | ffff 4889 | 5c24 3844 | 8954 242c 
  0x000002cc972e70f4: 498b d04c | 8bc3 448b | c9bf 0100 | 0000 6690 

  0x000002cc972e7104: ;   {optimized virtual_call}
  0x000002cc972e7104: c5f8 77e8 

  0x000002cc972e7108: ; ImmutableOopMap {[32]=Oop [56]=Oop }
                      ;*invokevirtual getBytes {reexecute=0 rethrow=0 return_oop=0}
                      ; - java.lang.StringConcatHelper::prepend@32 (line 356)
                      ; - java.lang.StringConcatHelper::simpleConcat@71 (line 424)
                      ; - java.lang.invoke.DirectMethodHandle$Holder::invokeStatic@11
                      ; - java.lang.invoke.LambdaForm$MH/0x000002ccb400e800::invoke@21
                      ; - java.lang.invoke.Invokers$Holder::linkToTargetMethod@5
                      ; - net.minecraft.client.Minecraft::m_91383_@978 (line 1208)
  0x000002cc972e7108: 74a2 94fb | 448b 5424 | 2c48 8b5c | 2438 e949 | dbff ff48 | 895c 2438 

  0x000002cc972e7120: ;   {oop(" GPU: "{0x0000000675341bb8})}
  0x000002cc972e7120: 48ba b81b | 3475 0600 | 0000 4c8b | c3bf 0100 | 0000 6690 

  0x000002cc972e7134: ;   {optimized virtual_call}
  0x000002cc972e7134: c5f8 77e8 

  0x000002cc972e7138: ; ImmutableOopMap {[32]=Oop [56]=Oop }
                      ;*invokevirtual getBytes {reexecute=0 rethrow=0 return_oop=0}
                      ; - java.lang.StringConcatHelper::prepend@32 (line 356)
                      ; - java.lang.StringConcatHelper::simpleConcat@81 (line 425)
                      ; - java.lang.invoke.DirectMethodHandle$Holder::invokeStatic@11
                      ; - java.lang.invoke.LambdaForm$MH/0x000002ccb400e800::invoke@21
                      ; - java.lang.invoke.Invokers$Holder::linkToTargetMethod@5
                      ; - net.minecraft.client.Minecraft::m_91383_@978 (line 1208)
  0x000002cc972e7138: 44a2 94fb | 488b 5c24 | 38e9 b2db | ffff ba5c | ffff ff49 | 8bee 448b | 4424 2844 | 8944 2420 
  0x000002cc972e7158: 4489 5c24 | 2466 6690 

  0x000002cc972e7160: ;   {runtime_call UncommonTrapBlob}
  0x000002cc972e7160: c5f8 77e8 

  0x000002cc972e7164: ; ImmutableOopMap {rbp=Oop [36]=NarrowOop }
                      ;*ifnonnull {reexecute=1 rethrow=0 return_oop=0}
                      ; - (reexecute) java.util.Objects::requireNonNull@1 (line 208)
                      ; - java.lang.invoke.VarHandleReferences$FieldInstanceReadWrite::setRelease@16 (line 172)
                      ; - java.lang.invoke.VarHandleGuards::guard_LL_V@45 (line 53)
                      ; - java.util.concurrent.ConcurrentLinkedQueue::updateHead@22 (line 293)
                      ; - java.util.concurrent.ConcurrentLinkedQueue::poll@66 (line 395)
                      ; - net.minecraft.client.Minecraft::m_91383_@87 (line 1099)
  0x000002cc972e7164: 98f7 94fb | 4489 5424 | 204c 894c | 2438 4489 | 4424 3448 | 8b6c 2440 | 41b8 0700 

  0x000002cc972e7180: ;   {metadata('java/lang/Object'[])}
  0x000002cc972e7180: 0000 48ba | 2815 00b3 | cc02 0000 

  0x000002cc972e718c: ;   {runtime_call _new_array_Java}
  0x000002cc972e718c: c5f8 77e8 

  0x000002cc972e7190: ; ImmutableOopMap {rbp=Oop [56]=Oop [64]=Oop }
                      ;*anewarray {reexecute=0 rethrow=0 return_oop=1}
                      ; - net.minecraft.client.Minecraft::m_91383_@1009 (line 1214)
  0x000002cc972e7190: 6c8c 9ffb | e95c dcff | ffba 45ff | ffff 4c89 | 7424 204c | 8b54 2438 | 4c89 5424 | 3048 897c 
  0x000002cc972e71b0: 2438 4c89 | 4c24 4044 | 895c 242c 

  0x000002cc972e71bc: ;   {runtime_call UncommonTrapBlob}
  0x000002cc972e71bc: c5f8 77e8 

  0x000002cc972e71c0: ; ImmutableOopMap {rbp=NarrowOop [32]=Oop [44]=NarrowOop [56]=Oop [64]=Oop }
                      ;*if_acmpne {reexecute=1 rethrow=0 return_oop=0}
                      ; - (reexecute) java.util.concurrent.ConcurrentLinkedQueue::poll@73 (line 398)
                      ; - net.minecraft.client.Minecraft::m_91383_@87 (line 1099)
  0x000002cc972e71c0: 3cf7 94fb | 498b d7c5 | f877 49ba | 7027 5397 | fa7f 0000 | 41ff d2e9 | 16e5 ffff | 4c8b d548 
  0x000002cc972e71e0: 8b44 2440 | 448b 4c24 | 3448 8b5c | 2448 e99e | f1ff ffba | 45ff ffff | 4c8b 5424 | 484c 8954 
  0x000002cc972e7200: 2420 448b | 5424 3044 | 8954 2428 | 4c8b 5424 | 384c 8954 | 2430 448b | 5c24 5044 | 895c 242c 
  0x000002cc972e7220: 4889 7424 | 4848 ff74 | 2458 488f | 4424 5090 

  0x000002cc972e7230: ;   {runtime_call UncommonTrapBlob}
  0x000002cc972e7230: c5f8 77e8 

  0x000002cc972e7234: ; ImmutableOopMap {rbp=NarrowOop [32]=Oop [72]=Oop [80]=Oop [96]=NarrowOop }
                      ;*if_acmpne {reexecute=1 rethrow=0 return_oop=0}
                      ; - (reexecute) java.util.concurrent.ConcurrentLinkedQueue::poll@73 (line 398)
                      ; - java.util.AbstractQueue::remove@1 (line 113)
                      ; - net.minecraft.util.thread.BlockableEventLoop::m_7245_@41 (line 130)
                      ; - net.minecraft.util.thread.BlockableEventLoop::m_18699_@1 (line 115)
                      ; - net.minecraft.client.Minecraft::m_91383_@140 (line 1106)
  0x000002cc972e7234: c8f6 94fb | 458b eb49 | 8bc9 498b | d7c5 f877 | 49ba 7027 | 5397 fa7f | 0000 41ff | d245 8bdd 
  0x000002cc972e7254: e97b b8ff | ff45 8beb | 498b d7c5 | f877 49ba | 7027 5397 | fa7f 0000 | 41ff d245 | 8bdd e9c9 
  0x000002cc972e7274: b8ff ffba | 5cff ffff | 498b ee44 | 8b44 2428 | 4489 4424 | 2044 8954 | 2424 4489 | 5c24 3090 
  0x000002cc972e7294: ;   {runtime_call UncommonTrapBlob}
  0x000002cc972e7294: c5f8 77e8 

  0x000002cc972e7298: ; ImmutableOopMap {rbp=Oop [36]=NarrowOop [48]=NarrowOop }
                      ;*ifnonnull {reexecute=1 rethrow=0 return_oop=0}
                      ; - (reexecute) java.util.Objects::requireNonNull@1 (line 208)
                      ; - java.lang.invoke.VarHandleReferences$FieldInstanceReadWrite::setRelease@16 (line 172)
                      ; - java.lang.invoke.VarHandleGuards::guard_LL_V@45 (line 53)
                      ; - java.util.concurrent.ConcurrentLinkedQueue::updateHead@22 (line 293)
                      ; - java.util.concurrent.ConcurrentLinkedQueue::poll@48 (line 391)
                      ; - net.minecraft.client.Minecraft::m_91383_@87 (line 1099)
  0x000002cc972e7298: 64f6 94fb | ba45 ffff | ff44 8b5c | 2430 4489 | 5c24 204c | 8b5c 2438 | 4c89 5c24 | 2844 8b5c 
  0x000002cc972e72b8: 2434 4489 | 5c24 244c | 8974 2430 | 4c89 7424 | 3848 895c | 2440 4c89 | 4424 5044 | 8954 2458 
  0x000002cc972e72d8: ;   {runtime_call UncommonTrapBlob}
  0x000002cc972e72d8: c5f8 77e8 

  0x000002cc972e72dc: ; ImmutableOopMap {[48]=Oop [56]=Oop [64]=Oop [72]=NarrowOop [80]=Oop [88]=NarrowOop }
                      ;*if_acmpne {reexecute=1 rethrow=0 return_oop=0}
                      ; - (reexecute) java.util.concurrent.ConcurrentLinkedQueue::peek@37 (line 413)
                      ; - net.minecraft.util.thread.BlockableEventLoop::m_7245_@4 (line 121)
                      ; - net.minecraft.util.thread.BlockableEventLoop::m_18699_@1 (line 115)
                      ; - net.minecraft.client.Minecraft::m_91383_@140 (line 1106)
  0x000002cc972e72dc: 20f6 94fb | ba5c ffff | ff48 8b6c | 2448 448b | 5c24 3044 | 895c 2420 | 4c8b 5424 | 384c 8954 
  0x000002cc972e72fc: 2428 4489 | 7424 4089 | 5c24 4490 

  0x000002cc972e7308: ;   {runtime_call UncommonTrapBlob}
  0x000002cc972e7308: c5f8 77e8 

  0x000002cc972e730c: ; ImmutableOopMap {rbp=Oop [64]=NarrowOop [68]=NarrowOop }
                      ;*ifnonnull {reexecute=1 rethrow=0 return_oop=0}
                      ; - (reexecute) java.util.Objects::requireNonNull@1 (line 208)
                      ; - java.lang.invoke.VarHandleReferences$FieldInstanceReadWrite::setRelease@16 (line 172)
                      ; - java.lang.invoke.VarHandleGuards::guard_LL_V@45 (line 53)
                      ; - java.util.concurrent.ConcurrentLinkedQueue::updateHead@22 (line 293)
                      ; - java.util.concurrent.ConcurrentLinkedQueue::poll@48 (line 391)
                      ; - java.util.AbstractQueue::remove@1 (line 113)
                      ; - net.minecraft.util.thread.BlockableEventLoop::m_7245_@41 (line 130)
                      ; - net.minecraft.util.thread.BlockableEventLoop::m_18699_@1 (line 115)
                      ; - net.minecraft.client.Minecraft::m_91383_@140 (line 1106)
  0x000002cc972e730c: f0f5 94fb | 4489 5424 | 34e9 00c7 | ffff 498b | f349 8bd7 | c5f8 7749 | ba70 2753 | 97fa 7f00 
  0x000002cc972e732c: 0041 ffd2 | e9fd e3ff | ffba f6ff | ffff 6690 

  0x000002cc972e733c: ;   {runtime_call UncommonTrapBlob}
  0x000002cc972e733c: c5f8 77e8 

  0x000002cc972e7340: ; ImmutableOopMap {}
                      ;*invokevirtual m_91523_ {reexecute=0 rethrow=0 return_oop=0}
                      ; - net.minecraft.client.Minecraft::m_91383_@214 (line 1118)
  0x000002cc972e7340: bcf5 94fb | baf6 ffff | ff66 6690 

  0x000002cc972e734c: ;   {runtime_call UncommonTrapBlob}
  0x000002cc972e734c: c5f8 77e8 

  0x000002cc972e7350: ; ImmutableOopMap {}
                      ;*invokevirtual m_85403_ {reexecute=0 rethrow=0 return_oop=0}
                      ; - net.minecraft.client.Minecraft::m_91383_@224 (line 1119)
  0x000002cc972e7350: acf5 94fb | baf6 ffff | ff66 6690 

  0x000002cc972e735c: ;   {runtime_call UncommonTrapBlob}
  0x000002cc972e735c: c5f8 77e8 

  0x000002cc972e7360: ; ImmutableOopMap {}
                      ;*invokevirtual m_83947_ {reexecute=0 rethrow=0 return_oop=0}
                      ; - net.minecraft.client.Minecraft::m_91383_@374 (line 1137)
  0x000002cc972e7360: 9cf5 94fb | baf6 ffff | ff48 8b6c | 2438 c5fa | 114c 2420 

  0x000002cc972e7374: ;   {runtime_call UncommonTrapBlob}
  0x000002cc972e7374: c5f8 77e8 

  0x000002cc972e7378: ; ImmutableOopMap {}
                      ;*invokevirtual m_109093_ {reexecute=0 rethrow=0 return_oop=0}
                      ; - net.minecraft.client.Minecraft::m_91383_@482 (line 1146)
  0x000002cc972e7378: 84f5 94fb | baf6 ffff | ff66 6690 

  0x000002cc972e7384: ;   {runtime_call UncommonTrapBlob}
  0x000002cc972e7384: c5f8 77e8 

  0x000002cc972e7388: ; ImmutableOopMap {}
                      ;*invokevirtual m_83970_ {reexecute=0 rethrow=0 return_oop=0}
                      ; - net.minecraft.client.Minecraft::m_91383_@577 (line 1160)
  0x000002cc972e7388: 74f5 94fb | baf6 ffff | ff8b eb44 | 8954 2420 

  0x000002cc972e7398: ;   {runtime_call UncommonTrapBlob}
  0x000002cc972e7398: c5f8 77e8 

  0x000002cc972e739c: ; ImmutableOopMap {}
                      ;*invokevirtual m_83938_ {reexecute=0 rethrow=0 return_oop=0}
                      ; - net.minecraft.client.Minecraft::m_91383_@598 (line 1161)
  0x000002cc972e739c: 60f5 94fb | baf6 ffff | ff66 6690 

  0x000002cc972e73a8: ;   {runtime_call UncommonTrapBlob}
  0x000002cc972e73a8: c5f8 77e8 

  0x000002cc972e73ac: ; ImmutableOopMap {}
                      ;*invokevirtual m_85435_ {reexecute=0 rethrow=0 return_oop=0}
                      ; - net.minecraft.client.Minecraft::m_91383_@649 (line 1170)
  0x000002cc972e73ac: 50f5 94fb | baf6 ffff | ff66 6690 

  0x000002cc972e73b8: ;   {runtime_call UncommonTrapBlob}
  0x000002cc972e73b8: c5f8 77e8 

  0x000002cc972e73bc: ; ImmutableOopMap {}
                      ;*invokevirtual m_85403_ {reexecute=0 rethrow=0 return_oop=0}
                      ; - net.minecraft.client.Minecraft::m_91383_@708 (line 1179)
  0x000002cc972e73bc: 40f5 94fb | baf6 ffff | ff49 8beb 

  0x000002cc972e73c8: ;   {runtime_call UncommonTrapBlob}
  0x000002cc972e73c8: c5f8 77e8 

  0x000002cc972e73cc: ; ImmutableOopMap {}
                      ;*invokevirtual m_13755_ {reexecute=0 rethrow=0 return_oop=0}
                      ; - net.minecraft.client.Minecraft::m_91383_@857 (line 1198)
  0x000002cc972e73cc: 30f5 94fb | bade ffff | ff44 8954 | 242c 6690 

  0x000002cc972e73dc: ;   {runtime_call UncommonTrapBlob}
  0x000002cc972e73dc: c5f8 77e8 

  0x000002cc972e73e0: ; ImmutableOopMap {rbp=Oop [44]=NarrowOop }
                      ;*invokeinterface m_6180_ {reexecute=0 rethrow=0 return_oop=0}
                      ; - net.minecraft.client.Minecraft::m_91383_@234 (line 1120)
  0x000002cc972e73e0: 1cf5 94fb | bade ffff | ff48 8bee | 4489 5424 | 2c66 6690 

  0x000002cc972e73f4: ;   {runtime_call UncommonTrapBlob}
  0x000002cc972e73f4: c5f8 77e8 

  0x000002cc972e73f8: ; ImmutableOopMap {rbp=Oop [44]=NarrowOop }
                      ;*invokeinterface m_7238_ {reexecute=0 rethrow=0 return_oop=0}
                      ; - net.minecraft.client.Minecraft::m_91383_@257 (line 1122)
  0x000002cc972e73f8: 04f5 94fb | bade ffff | ff48 8974 | 2420 6690 

  0x000002cc972e7408: ;   {runtime_call UncommonTrapBlob}
  0x000002cc972e7408: c5f8 77e8 

  0x000002cc972e740c: ; ImmutableOopMap {rbp=NarrowOop [32]=Oop }
                      ;*invokeinterface getAsLong {reexecute=0 rethrow=0 return_oop=0}
                      ; - net.minecraft.Util::m_137569_@3 (line 119)
                      ; - net.minecraft.client.Minecraft::m_91383_@274 (line 1124)
  0x000002cc972e740c: f0f4 94fb | bade ffff | ff48 8974 | 2420 6690 

  0x000002cc972e741c: ;   {runtime_call UncommonTrapBlob}
  0x000002cc972e741c: c5f8 77e8 

  0x000002cc972e7420: ; ImmutableOopMap {rbp=NarrowOop [32]=Oop }
                      ;*invokeinterface getAsLong {reexecute=0 rethrow=0 return_oop=0}
                      ; - com.mojang.blaze3d.systems.RenderSystem$$Lambda$6915/0x000002ccb533e208::getAsLong@4
                      ; - net.minecraft.Util::m_137569_@3 (line 119)
                      ; - net.minecraft.client.Minecraft::m_91383_@274 (line 1124)
  0x000002cc972e7420: dcf4 94fb | bade ffff | ff4c 895c | 2420 4c8b | 5424 384c | 8954 2428 

  0x000002cc972e7438: ;   {runtime_call UncommonTrapBlob}
  0x000002cc972e7438: c5f8 77e8 

  0x000002cc972e743c: ; ImmutableOopMap {rbp=NarrowOop [32]=Oop }
                      ;*invokeinterface m_6180_ {reexecute=0 rethrow=0 return_oop=0}
                      ; - net.minecraft.client.Minecraft::m_91383_@387 (line 1139)
  0x000002cc972e743c: c0f4 94fb | bade ffff | ff4c 8944 | 2420 4c8b | 5424 384c | 8954 2428 

  0x000002cc972e7454: ;   {runtime_call UncommonTrapBlob}
  0x000002cc972e7454: c5f8 77e8 

  0x000002cc972e7458: ; ImmutableOopMap {rbp=NarrowOop [32]=Oop }
                      ;*invokeinterface m_7238_ {reexecute=0 rethrow=0 return_oop=0}
                      ; - net.minecraft.client.Minecraft::m_91383_@399 (line 1141)
  0x000002cc972e7458: a4f4 94fb | bade ffff | ff4c 8944 | 2420 4c8b | 5424 384c | 8954 2428 

  0x000002cc972e7470: ;   {runtime_call UncommonTrapBlob}
  0x000002cc972e7470: c5f8 77e8 

  0x000002cc972e7474: ; ImmutableOopMap {rbp=NarrowOop [32]=Oop }
                      ;*invokeinterface m_6182_ {reexecute=0 rethrow=0 return_oop=0}
                      ; - net.minecraft.client.Minecraft::m_91383_@450 (line 1145)
  0x000002cc972e7474: 88f4 94fb | bade ffff | ff4c 8954 | 2420 448b | 5c24 3044 | 895c 2428 

  0x000002cc972e748c: ;   {runtime_call UncommonTrapBlob}
  0x000002cc972e748c: c5f8 77e8 

  0x000002cc972e7490: ; ImmutableOopMap {rbp=NarrowOop [32]=Oop }
                      ;*invokeinterface m_7238_ {reexecute=0 rethrow=0 return_oop=0}
                      ; - net.minecraft.client.Minecraft::m_91383_@489 (line 1147)
  0x000002cc972e7490: 6cf4 94fb | bade ffff | ff4c 8954 | 2420 448b | 5c24 3044 | 895c 2428 

  0x000002cc972e74a8: ;   {runtime_call UncommonTrapBlob}
  0x000002cc972e74a8: c5f8 77e8 

  0x000002cc972e74ac: ; ImmutableOopMap {rbp=NarrowOop [32]=Oop }
                      ;*invokeinterface m_6180_ {reexecute=0 rethrow=0 return_oop=0}
                      ; - net.minecraft.client.Minecraft::m_91383_@568 (line 1159)
  0x000002cc972e74ac: 50f4 94fb | bade ffff | ff4c 895c | 2420 4489 | 4424 2c90 

  0x000002cc972e74c0: ;   {runtime_call UncommonTrapBlob}
  0x000002cc972e74c0: c5f8 77e8 

  0x000002cc972e74c4: ; ImmutableOopMap {rbp=NarrowOop [32]=Oop }
                      ;*invokeinterface m_6182_ {reexecute=0 rethrow=0 return_oop=0}
                      ; - net.minecraft.client.Minecraft::m_91383_@635 (line 1169)
  0x000002cc972e74c4: 38f4 94fb | bade ffff | ff44 8b5c | 2430 4489 | 5c24 2890 

  0x000002cc972e74d8: ;   {runtime_call UncommonTrapBlob}
  0x000002cc972e74d8: c5f8 77e8 

  0x000002cc972e74dc: ; ImmutableOopMap {rbp=NarrowOop [32]=Oop }
                      ;*invokeinterface m_6182_ {reexecute=0 rethrow=0 return_oop=0}
                      ; - net.minecraft.client.Minecraft::m_91383_@683 (line 1176)
  0x000002cc972e74dc: 20f4 94fb | bade ffff | ff48 895c | 2420 448b | 5424 3044 | 8954 2428 

  0x000002cc972e74f4: ;   {runtime_call UncommonTrapBlob}
  0x000002cc972e74f4: c5f8 77e8 

  0x000002cc972e74f8: ; ImmutableOopMap {rbp=NarrowOop [32]=Oop }
                      ;*invokeinterface m_7238_ {reexecute=0 rethrow=0 return_oop=0}
                      ; - net.minecraft.client.Minecraft::m_91383_@696 (line 1178)
  0x000002cc972e74f8: 04f4 94fb | bade ffff | ff66 6690 

  0x000002cc972e7504: ;   {runtime_call UncommonTrapBlob}
  0x000002cc972e7504: c5f8 77e8 

  0x000002cc972e7508: ; ImmutableOopMap {rbp=NarrowOop [64]=Oop }
                      ;*invokeinterface m_6180_ {reexecute=0 rethrow=0 return_oop=0}
                      ; - net.minecraft.client.Minecraft::m_91383_@873 (line 1200)
  0x000002cc972e7508: f4f3 94fb | bade ffff | ff66 6690 

  0x000002cc972e7514: ;   {runtime_call UncommonTrapBlob}
  0x000002cc972e7514: c5f8 77e8 

  0x000002cc972e7518: ; ImmutableOopMap {rbp=NarrowOop [64]=Oop }
                      ;*invokeinterface m_7238_ {reexecute=0 rethrow=0 return_oop=0}
                      ; - net.minecraft.client.Minecraft::m_91383_@1192 (line 1219)
  0x000002cc972e7518: e4f3 94fb | 4889 7c24 | 4844 8954 | 2444 8954 | 2440 4489 | 4c24 3444 | 895c 242c | 4c89 4424 
  0x000002cc972e7538: ;   {metadata({type array byte})}
  0x000002cc972e7538: 3848 ba38 | 6700 b3cc | 0200 0045 | 8bc2 6690 

  0x000002cc972e7548: ;   {runtime_call _new_array_Java}
  0x000002cc972e7548: c5f8 77e8 

  0x000002cc972e754c: ; ImmutableOopMap {[32]=Oop [44]=NarrowOop [56]=Oop }
                      ;*invokevirtual allocateUninitializedArray0 {reexecute=0 rethrow=0 return_oop=1}
                      ; - jdk.internal.misc.Unsafe::allocateUninitializedArray@51 (line 1375)
                      ; - java.lang.StringConcatHelper::newArray@33 (line 497)
                      ; - java.lang.StringConcatHelper::simpleConcat@61 (line 421)
                      ; - java.lang.invoke.DirectMethodHandle$Holder::invokeStatic@11
                      ; - java.lang.invoke.LambdaForm$MH/0x000002ccb400e800::invoke@21
                      ; - java.lang.invoke.Invokers$Holder::linkToTargetMethod@5
                      ; - net.minecraft.client.Minecraft::m_91383_@978 (line 1208)
  0x000002cc972e754c: b088 9ffb | 4c8b 4424 | 3844 8b5c | 242c 448b | 4c24 348b | 5424 4044 | 8b54 2444 | 488b d848 
  0x000002cc972e756c: 8b7c 2448 | e98a d6ff 

  0x000002cc972e7574: ;   {metadata('java/lang/String')}
  0x000002cc972e7574: ff48 baf0 | e900 b3cc | 0200 0048 | 895c 2438 

  0x000002cc972e7584: ;   {runtime_call _new_instance_Java}
  0x000002cc972e7584: c5f8 77e8 

  0x000002cc972e7588: ; ImmutableOopMap {[32]=Oop [52]=NarrowOop [56]=Oop }
                      ;*new {reexecute=0 rethrow=0 return_oop=1}
                      ; - java.lang.StringConcatHelper::newString@6 (line 387)
                      ; - java.lang.StringConcatHelper::simpleConcat@90 (line 426)
                      ; - java.lang.invoke.DirectMethodHandle$Holder::invokeStatic@11
                      ; - java.lang.invoke.LambdaForm$MH/0x000002ccb400e800::invoke@21
                      ; - java.lang.invoke.Invokers$Holder::linkToTargetMethod@5
                      ; - net.minecraft.client.Minecraft::m_91383_@978 (line 1208)
  0x000002cc972e7588: 7485 9ffb | e9bc d7ff | ff44 8b44 | 242c e9c1 | f4ff ff44 | 8944 2434 | 4489 5424 

  0x000002cc972e75a4: ;   {metadata({type array byte})}
  0x000002cc972e75a4: 2c48 ba38 | 6700 b3cc | 0200 0090 

  0x000002cc972e75b0: ;   {runtime_call _new_array_Java}
  0x000002cc972e75b0: c5f8 77e8 

  0x000002cc972e75b4: ; ImmutableOopMap {[32]=Oop [64]=Oop }
                      ;*invokevirtual allocateUninitializedArray0 {reexecute=0 rethrow=0 return_oop=1}
                      ; - jdk.internal.misc.Unsafe::allocateUninitializedArray@51 (line 1375)
                      ; - java.lang.StringConcatHelper::newArray@33 (line 497)
                      ; - java.lang.StringConcatHelper::newArrayWithSuffix@7 (line 475)
                      ; - java.lang.invoke.DirectMethodHandle$Holder::invokeStatic@13
                      ; - java.lang.invoke.LambdaForm$MH/0x000002ccb4011000::invoke@23
                      ; - java.lang.invoke.LambdaForm$MH/0x000002ccb4759400::invoke@33
                      ; - java.lang.invoke.Invokers$Holder::linkToTargetMethod@5
                      ; - net.minecraft.client.Minecraft::m_91383_@973 (line 1208)
  0x000002cc972e75b4: 4888 9ffb | 448b 5424 | 2c44 8b44 | 2434 e9f3 

  0x000002cc972e75c4: ;   {metadata('java/lang/String')}
  0x000002cc972e75c4: d4ff ff48 | baf0 e900 | b3cc 0200 | 0066 6690 

  0x000002cc972e75d4: ;   {runtime_call _new_instance_Java}
  0x000002cc972e75d4: c5f8 77e8 

  0x000002cc972e75d8: ; ImmutableOopMap {rbp=Oop [32]=Oop [64]=Oop }
                      ;*new {reexecute=0 rethrow=0 return_oop=1}
                      ; - java.lang.StringConcatHelper::newString@6 (line 387)
                      ; - java.lang.invoke.DirectMethodHandle$Holder::invokeStatic@13
                      ; - java.lang.invoke.LambdaForm$MH/0x000002ccb4759400::invoke@74
                      ; - java.lang.invoke.Invokers$Holder::linkToTargetMethod@5
                      ; - net.minecraft.client.Minecraft::m_91383_@973 (line 1208)
  0x000002cc972e75d8: 2485 9ffb | 4c8b c0e9 | 4dd5 ffff | ba5c ffff | ff4c 8b54 | 2448 4c89 | 5424 2044 | 8b5c 2430 
  0x000002cc972e75f8: 4489 5c24 | 284c 8b54 | 2438 4c89 | 5424 3090 

  0x000002cc972e7608: ;   {runtime_call UncommonTrapBlob}
  0x000002cc972e7608: c5f8 77e8 

  0x000002cc972e760c: ; ImmutableOopMap {rbp=NarrowOop [32]=Oop }
                      ;*ifnonnull {reexecute=1 rethrow=0 return_oop=0}
                      ; - (reexecute) java.util.Objects::requireNonNull@1 (line 208)
                      ; - java.lang.invoke.VarHandleReferences$FieldInstanceReadWrite::setRelease@16 (line 172)
                      ; - java.lang.invoke.VarHandleGuards::guard_LL_V@45 (line 53)
                      ; - java.util.concurrent.ConcurrentLinkedQueue::updateHead@22 (line 293)
                      ; - java.util.concurrent.ConcurrentLinkedQueue::poll@66 (line 395)
                      ; - java.util.AbstractQueue::remove@1 (line 113)
                      ; - net.minecraft.util.thread.BlockableEventLoop::m_7245_@41 (line 130)
                      ; - net.minecraft.util.thread.BlockableEventLoop::m_18699_@1 (line 115)
                      ; - net.minecraft.client.Minecraft::m_91383_@140 (line 1106)
  0x000002cc972e760c: f0f2 94fb | 498b c849 | 8bd7 c5f8 | 7749 ba50 | 2753 97fa | 7f00 0041 | ffd2 e900 | d1ff ff4c 
  0x000002cc972e762c: 8944 2430 | 4489 5424 | 2c41 8beb | 488b ca49 | 8bd7 c5f8 | 7749 ba70 | 2753 97fa | 7f00 0041 
  0x000002cc972e764c: ffd2 448b | dd44 8b54 | 242c 4c8b | 4424 30e9 | 72b1 ffff | 4c89 4424 | 3044 8954 | 242c 418b 
  0x000002cc972e766c: eb49 8bd7 | c5f8 7749 | ba70 2753 | 97fa 7f00 | 0041 ffd2 | 448b dd44 | 8b54 242c | 4c8b 4424 
  0x000002cc972e768c: 30e9 abb1 | ffff 418b | c8d1 e185 | c90f 8c52 | 0c00 0045 | 8bcb 41d1 | e145 85c9 | 0f8c 430c 
  0x000002cc972e76ac: 0000 8bc1 | 4103 c13b | f80f 8236 | 0c00 0048 | 8d7c 0b10 | 418b d38b | ca83 e10f | 83e2 f074 
  0x000002cc972e76cc: 1c48 8d34 | 1648 8d3c | 5748 f7da | c4e2 7d30 | 0416 c5fe | 7f04 5748 | 83c2 1075 | ef8b d183 
  0x000002cc972e76ec: e107 83e2 | f874 27c4 | e279 3006 | c5fa 7f07 | 4883 c608 | 4883 c710 | e911 0000 | 00c4 e279 
  0x000002cc972e770c: 3004 16c5 | fa7f 0457 | 4883 c208 | 75ef 8bd1 | 83fa 047c | 19c5 f96e | 06c4 e279 | 30c0 c5f9 
  0x000002cc972e772c: d607 4883 | ea04 4883 | c604 4883 | c708 85d2 | 7418 488d | 3416 488d | 3c57 48f7 | da0f b60c 
  0x000002cc972e774c: 1666 890c | 5748 ffc2 | 75f3 e9af | e4ff ff49 | 8bca 498b | d7c5 f877 | 49ba 7027 | 5397 fa7f 
  0x000002cc972e776c: 0000 41ff | d2e9 c5b7 | ffff 498b | d7c5 f877 | 49ba 7027 | 5397 fa7f | 0000 41ff | d2e9 17b8 
  0x000002cc972e778c: ffff baf6 | ffff ff90 

  0x000002cc972e7794: ;   {runtime_call UncommonTrapBlob}
  0x000002cc972e7794: c5f8 77e8 

  0x000002cc972e7798: ; ImmutableOopMap {}
                      ;*invokeinterface m_7238_ {reexecute=0 rethrow=0 return_oop=0}
                      ; - net.minecraft.client.Minecraft::m_91383_@257 (line 1122)
  0x000002cc972e7798: 64f1 94fb | baf6 ffff | ff66 6690 

  0x000002cc972e77a4: ;   {runtime_call UncommonTrapBlob}
  0x000002cc972e77a4: c5f8 77e8 

  0x000002cc972e77a8: ; ImmutableOopMap {}
                      ;*getfield next {reexecute=1 rethrow=0 return_oop=0}
                      ; - (reexecute) java.util.concurrent.ConcurrentLinkedQueue::offer@22 (line 358)
                      ; - java.util.concurrent.ConcurrentLinkedQueue::add@2 (line 283)
                      ; - net.minecraft.util.thread.BlockableEventLoop::m_6937_@5 (line 93)
                      ; - net.minecraft.util.thread.BlockableEventLoop::execute@13 (line 100)
                      ; - net.minecraft.client.sounds.SoundEngine::m_120270_@44 (line 479)
                      ; - net.minecraft.client.sounds.SoundManager::m_120361_@5 (line 256)
                      ; - net.minecraft.client.Minecraft::m_91383_@250 (line 1121)
  0x000002cc972e77a8: 54f1 94fb | 498b d7c5 | f877 49ba | 7027 5397 | fa7f 0000 | 41ff d2e9 | 94be ffff | ba45 ffff 
  0x000002cc972e77c8: ff44 8b44 | 2430 4489 | 4424 2848 | 8944 2430 | 4489 5c24 | 2c66 6690 

  0x000002cc972e77e0: ;   {runtime_call UncommonTrapBlob}
  0x000002cc972e77e0: c5f8 77e8 

  0x000002cc972e77e4: ; ImmutableOopMap {rbp=Oop }
                      ;*ifne {reexecute=1 rethrow=0 return_oop=0}
                      ; - (reexecute) net.minecraft.client.Minecraft::m_91383_@286 (line 1126)
  0x000002cc972e77e4: 18f1 94fb | ba45 ffff | ff4c 8944 | 2420 4c8b | 5424 384c | 8954 2428 

  0x000002cc972e77fc: ;   {runtime_call UncommonTrapBlob}
  0x000002cc972e77fc: c5f8 77e8 

  0x000002cc972e7800: ; ImmutableOopMap {[32]=Oop }
                      ;*ifne {reexecute=1 rethrow=0 return_oop=0}
                      ; - (reexecute) net.minecraft.client.Minecraft::m_91383_@408 (line 1142)
  0x000002cc972e7800: fcf0 94fb | 498b d7c5 | f877 49ba | 7027 5397 | fa7f 0000 | 41ff d2e9 | 00cb ffff | ba45 ffff 
  0x000002cc972e7820: ff4c 8954 | 2420 448b | 5c24 3044 | 895c 2428 

  0x000002cc972e7830: ;   {runtime_call UncommonTrapBlob}
  0x000002cc972e7830: c5f8 77e8 

  0x000002cc972e7834: ; ImmutableOopMap {rbp=NarrowOop [32]=Oop }
                      ;*ifnull {reexecute=1 rethrow=0 return_oop=0}
                      ; - (reexecute) net.minecraft.client.Minecraft::m_91383_@505 (line 1151)
  0x000002cc972e7834: c8f0 94fb | ba45 ffff | ff44 8b44 | 242c 4489 | 4424 2489 | 4424 2c90 

  0x000002cc972e784c: ;   {runtime_call UncommonTrapBlob}
  0x000002cc972e784c: c5f8 77e8 

  0x000002cc972e7850: ; ImmutableOopMap {rbp=Oop }
                      ;*if_icmpge {reexecute=1 rethrow=0 return_oop=0}
                      ; - (reexecute) net.minecraft.client.Minecraft::m_91383_@668 (line 1172)
  0x000002cc972e7850: acf0 94fb | 49ba 0000 | 0000 0100 | 0000 493b | ea0f 85c9 | 0a00 0049 | 8b87 0801 | 0000 4c8b 
  0x000002cc972e7870: d049 83c2 | 184d 3b97 | 1801 0000 | 0f83 0a0a | 0000 4d89 | 9708 0100 | 0041 0f18 | 8200 0100 
  0x000002cc972e7890: 0048 c700 | 0100 0000 

  0x000002cc972e7898: ;   {metadata('java/lang/String')}
  0x000002cc972e7898: c740 08f0 | e900 0044 | 8960 0c48 | c740 1001 | 0000 0044 | 8b5c 2434 | 4489 5814 | e99d d4ff 
  0x000002cc972e78b8: ffba 45ff | ffff 498b | ea44 8b44 | 2430 4489 | 4424 2848 | 8944 2430 | 4489 5c24 | 2c66 6690 
  0x000002cc972e78d8: ;   {runtime_call UncommonTrapBlob}
  0x000002cc972e78d8: c5f8 77e8 

  0x000002cc972e78dc: ; ImmutableOopMap {rbp=Oop [44]=NarrowOop }
                      ;*ifne {reexecute=1 rethrow=0 return_oop=0}
                      ; - (reexecute) com.mojang.blaze3d.systems.RenderSystem::assertOnRenderThread@3 (line 172)
                      ; - com.mojang.blaze3d.systems.TimerQuery$FrameProfile::m_231150_@0 (line 65)
                      ; - net.minecraft.client.Minecraft::m_91383_@331 (line 1130)
  0x000002cc972e78dc: 20f0 94fb | bae4 ffff | ff4c 8954 | 2420 4c8b | 5424 384c | 8954 2428 | 4889 4424 | 3844 895c 
  0x000002cc972e78fc: 2434 4489 | 4c24 4089 | 7424 4489 | 4c24 4c90 

  0x000002cc972e790c: ;   {runtime_call UncommonTrapBlob}
  0x000002cc972e790c: c5f8 77e8 

  0x000002cc972e7910: ; ImmutableOopMap {rbp=NarrowOop [32]=Oop [52]=NarrowOop [68]=NarrowOop }
                      ;*aaload {reexecute=0 rethrow=0 return_oop=0}
                      ; - java.lang.ThreadLocal$ThreadLocalMap::getEntry@18 (line 435)
                      ; - java.lang.ThreadLocal::get@16 (line 165)
                      ; - org.lwjgl.system.MemoryStack::stackGet@3 (line 875)
                      ; - org.lwjgl.opengl.GL15C::glGetQueryObjecti@0 (line 970)
                      ; - com.mojang.blaze3d.systems.TimerQuery$FrameProfile::m_231150_@21 (line 71)
                      ; - net.minecraft.client.Minecraft::m_91383_@331 (line 1130)
  0x000002cc972e7910: ecef 94fb | 498b c849 | 8bd7 c5f8 | 7749 ba70 | 2753 97fa | 7f00 0041 | ffd2 e941 | cdff ff49 
  0x000002cc972e7930: 8bd7 c5f8 | 7749 ba70 | 2753 97fa | 7f00 0041 | ffd2 e991 | cdff ff49 | ba00 0000 | 0001 0000 
  0x000002cc972e7950: 004d 0bea | 458b d5e9 | 50e1 ffff | bade ffff | ff48 8bee | 4c8b 5424 | 384c 8954 | 2420 8b4c 
  0x000002cc972e7970: 2430 894c | 2428 4489 | 5c24 2c44 | 894c 2430 | 4c89 4424 | 3866 6690 

  0x000002cc972e7988: ;   {runtime_call UncommonTrapBlob}
  0x000002cc972e7988: c5f8 77e8 

  0x000002cc972e798c: ; ImmutableOopMap {rbp=Oop [44]=NarrowOop [48]=NarrowOop [56]=Oop }
                      ;*invokeinterface add {reexecute=0 rethrow=0 return_oop=0}
                      ; - net.minecraft.util.thread.BlockableEventLoop::m_6937_@5 (line 93)
                      ; - net.minecraft.util.thread.BlockableEventLoop::execute@13 (line 100)
                      ; - net.minecraft.client.sounds.SoundEngine::m_120270_@44 (line 479)
                      ; - net.minecraft.client.sounds.SoundManager::m_120361_@5 (line 256)
                      ; - net.minecraft.client.Minecraft::m_91383_@250 (line 1121)
  0x000002cc972e798c: 70ef 94fb | baf6 ffff | ff66 6690 

  0x000002cc972e7998: ;   {runtime_call UncommonTrapBlob}
  0x000002cc972e7998: c5f8 77e8 

  0x000002cc972e799c: ; ImmutableOopMap {}
                      ;*invokevirtual m_6992_ {reexecute=0 rethrow=0 return_oop=0}
                      ; - net.minecraft.client.Minecraft::m_91383_@766 (line 1181)
  0x000002cc972e799c: 60ef 94fb | 4889 5c24 | 4089 7c24 | 2c4c 896c | 2438 498b 

  0x000002cc972e79b0: ;   {oop("100%"{0x0000000675341ba0})}
  0x000002cc972e79b0: e948 baa0 | 1b34 7506 | 0000 004c | 8bc3 458b | cabf 0100 | 0000 6690 

  0x000002cc972e79c8: ;   {optimized virtual_call}
  0x000002cc972e79c8: c5f8 77e8 

  0x000002cc972e79cc: ; ImmutableOopMap {rbp=Oop [32]=Oop [64]=Oop }
                      ;*invokevirtual getBytes {reexecute=0 rethrow=0 return_oop=0}
                      ; - java.lang.StringConcatHelper::prepend@32 (line 356)
                      ; - java.lang.StringConcatHelper::simpleConcat@71 (line 424)
                      ; - java.lang.invoke.DirectMethodHandle$Holder::invokeStatic@11
                      ; - java.lang.invoke.LambdaForm$MH/0x000002ccb40c0c00::invoke@21
                      ; - java.lang.invoke.Invokers$Holder::linkToTargetMethod@5
                      ; - net.minecraft.client.Minecraft::m_91383_@958 (line 1208)
  0x000002cc972e79cc: b099 94fb | 4c8b cd4c | 8b6c 2438 | 8b7c 242c | 488b 5c24 | 40e9 ace1 | ffff 458b | d848 895c 
  0x000002cc972e79ec: 2438 498b | ed49 8bd1 | 4c8b c345 | 8bcb bf01 | 0000 0090 

  0x000002cc972e7a00: ;   {optimized virtual_call}
  0x000002cc972e7a00: c5f8 77e8 

  0x000002cc972e7a04: ; ImmutableOopMap {[32]=Oop [56]=Oop }
                      ;*invokevirtual getBytes {reexecute=0 rethrow=0 return_oop=0}
                      ; - java.lang.StringConcatHelper::prepend@32 (line 356)
                      ; - java.lang.StringConcatHelper::simpleConcat@81 (line 425)
                      ; - java.lang.invoke.DirectMethodHandle$Holder::invokeStatic@11
                      ; - java.lang.invoke.LambdaForm$MH/0x000002ccb40c0c00::invoke@21
                      ; - java.lang.invoke.Invokers$Holder::linkToTargetMethod@5
                      ; - net.minecraft.client.Minecraft::m_91383_@958 (line 1208)
  0x000002cc972e7a04: 7899 94fb | 4c8b ed48 | 8b5c 2438 | e9f5 e1ff | ffba f6ff | ffff 418b | e966 6690 

  0x000002cc972e7a20: ;   {runtime_call UncommonTrapBlob}
  0x000002cc972e7a20: c5f8 77e8 

  0x000002cc972e7a24: ; ImmutableOopMap {rbp=NarrowOop }
                      ;*invokevirtual m_83739_ {reexecute=0 rethrow=0 return_oop=0}
                      ; - net.minecraft.client.sounds.SoundEngine::m_252595_@5 (line 480)
                      ; - net.minecraft.client.sounds.SoundEngine$$Lambda$58389/0x000002ccbb3d7c28::run@16
                      ; - net.minecraft.util.thread.BlockableEventLoop::execute@20 (line 102)
                      ; - net.minecraft.client.sounds.SoundEngine::m_120270_@44 (line 479)
                      ; - net.minecraft.client.sounds.SoundManager::m_120361_@5 (line 256)
                      ; - net.minecraft.client.Minecraft::m_91383_@250 (line 1121)
  0x000002cc972e7a24: d8ee 94fb | baf6 ffff | ff8b 6c24 | 4866 6690 

  0x000002cc972e7a34: ;   {runtime_call UncommonTrapBlob}
  0x000002cc972e7a34: c5f8 77e8 

  0x000002cc972e7a38: ; ImmutableOopMap {rbp=NarrowOop [52]=NarrowOop }
                      ;*invokevirtual m_252991_ {reexecute=0 rethrow=0 return_oop=0}
                      ; - net.minecraft.client.sounds.SoundEngine::m_252595_@14 (line 481)
                      ; - net.minecraft.client.sounds.SoundEngine$$Lambda$58389/0x000002ccbb3d7c28::run@16
                      ; - net.minecraft.util.thread.BlockableEventLoop::execute@20 (line 102)
                      ; - net.minecraft.client.sounds.SoundEngine::m_120270_@44 (line 479)
                      ; - net.minecraft.client.sounds.SoundManager::m_120361_@5 (line 256)
                      ; - net.minecraft.client.Minecraft::m_91383_@250 (line 1121)
  0x000002cc972e7a38: c4ee 94fb | ba66 ffff | ff48 8bee | 448b 5c24 | 3044 895c | 2428 4c89 | 4424 3090 

  0x000002cc972e7a54: ;   {runtime_call UncommonTrapBlob}
  0x000002cc972e7a54: c5f8 77e8 

  0x000002cc972e7a58: ; ImmutableOopMap {rbp=Oop [48]=Oop }
                      ;*invokeinterface run {reexecute=0 rethrow=0 return_oop=0}
                      ; - net.minecraft.util.thread.BlockableEventLoop::execute@20 (line 102)
                      ; - net.minecraft.client.sounds.SoundEngine::m_120270_@44 (line 479)
                      ; - net.minecraft.client.sounds.SoundManager::m_120361_@5 (line 256)
                      ; - net.minecraft.client.Minecraft::m_91383_@250 (line 1121)
  0x000002cc972e7a58: a4ee 94fb | bade ffff | ff48 8974 | 2420 488b | 4c24 3848 | 894c 2428 | 8944 2434 | 897c 2438 
  0x000002cc972e7a78: 4489 5c24 | 3cc5 fa11 | 4424 40c5 | fa11 4c24 | 44c5 fa11 | 5424 4890 

  0x000002cc972e7a90: ;   {runtime_call UncommonTrapBlob}
  0x000002cc972e7a90: c5f8 77e8 

  0x000002cc972e7a94: ; ImmutableOopMap {rbp=NarrowOop [32]=Oop [52]=NarrowOop [56]=NarrowOop [60]=NarrowOop }
                      ;*invokeinterface get {reexecute=0 rethrow=0 return_oop=0}
                      ; - org.lwjgl.openal.AL::getICD@3 (line 218)
                      ; - org.lwjgl.openal.AL10::alListener3f@0 (line 483)
                      ; - com.mojang.blaze3d.audio.Listener::m_83739_@23 (line 13)
                      ; - net.minecraft.client.sounds.SoundEngine::m_252595_@5 (line 480)
                      ; - net.minecraft.client.sounds.SoundEngine$$Lambda$58389/0x000002ccbb3d7c28::run@16
                      ; - net.minecraft.util.thread.BlockableEventLoop::execute@20 (line 102)
                      ; - net.minecraft.client.sounds.SoundEngine::m_120270_@44 (line 479)
                      ; - net.minecraft.client.sounds.SoundManager::m_120361_@5 (line 256)
                      ; - net.minecraft.client.Minecraft::m_91383_@250 (line 1121)
  0x000002cc972e7a94: 68ee 94fb | bade ffff | ff4c 8b54 | 2438 4c89 | 5424 284c | 8944 2438 

  0x000002cc972e7aac: ;   {runtime_call UncommonTrapBlob}
  0x000002cc972e7aac: c5f8 77e8 

  0x000002cc972e7ab0: ; ImmutableOopMap {rbp=NarrowOop [56]=Oop [64]=Oop }
                      ;*invokeinterface get {reexecute=0 rethrow=0 return_oop=0}
                      ; - org.lwjgl.openal.AL::getICD@3 (line 218)
                      ; - org.lwjgl.openal.AL10::alListenerfv@0 (line 1643)
                      ; - com.mojang.blaze3d.audio.Listener::m_252991_@49 (line 21)
                      ; - net.minecraft.client.sounds.SoundEngine::m_252595_@14 (line 481)
                      ; - net.minecraft.client.sounds.SoundEngine$$Lambda$58389/0x000002ccbb3d7c28::run@16
                      ; - net.minecraft.util.thread.BlockableEventLoop::execute@20 (line 102)
                      ; - net.minecraft.client.sounds.SoundEngine::m_120270_@44 (line 479)
                      ; - net.minecraft.client.sounds.SoundManager::m_120361_@5 (line 256)
                      ; - net.minecraft.client.Minecraft::m_91383_@250 (line 1121)
  0x000002cc972e7ab0: 4cee 94fb | ba45 ffff | ff49 8bea | 4c8b 5424 | 384c 8954 | 2420 448b | 5424 3044 | 8954 2428 
  0x000002cc972e7ad0: 4889 4424 | 3089 4c24 | 2c4c 895c | 2438 6690 

  0x000002cc972e7ae0: ;   {runtime_call UncommonTrapBlob}
  0x000002cc972e7ae0: c5f8 77e8 

  0x000002cc972e7ae4: ; ImmutableOopMap {rbp=Oop [44]=NarrowOop [56]=Oop }
                      ;*if_acmpne {reexecute=1 rethrow=0 return_oop=0}
                      ; - (reexecute) toni.sodiumextras.EmbyConfig$FPSDisplaySystemMode::gpu@11 (line 404)
                      ; - net.minecraft.client.Minecraft::wrapOperation$eef000$sodiumextras$redirect$isRecording@39 (line 18935)
                      ; - net.minecraft.client.Minecraft::m_91383_@303 (line 1126)
  0x000002cc972e7ae4: 18ee 94fb | ba5c ffff | ff49 8bee | 448b 4424 | 2844 8944 | 2420 4489 | 5c24 2490 

  0x000002cc972e7b00: ;   {runtime_call UncommonTrapBlob}
  0x000002cc972e7b00: c5f8 77e8 

  0x000002cc972e7b04: ; ImmutableOopMap {rbp=Oop [36]=NarrowOop }
                      ;*ifnonnull {reexecute=1 rethrow=0 return_oop=0}
                      ; - (reexecute) java.util.Objects::requireNonNull@1 (line 208)
                      ; - java.lang.invoke.VarHandleReferences$FieldInstanceReadWrite::setRelease@16 (line 172)
                      ; - java.lang.invoke.VarHandleGuards::guard_LL_V@45 (line 53)
                      ; - java.util.concurrent.ConcurrentLinkedQueue::updateHead@22 (line 293)
                      ; - java.util.concurrent.ConcurrentLinkedQueue::poll@66 (line 395)
                      ; - net.minecraft.client.Minecraft::m_91383_@87 (line 1099)
  0x000002cc972e7b04: f8ed 94fb | baf6 ffff | ff66 6690 

  0x000002cc972e7b10: ;   {runtime_call UncommonTrapBlob}
  0x000002cc972e7b10: c5f8 77e8 

  0x000002cc972e7b14: ; ImmutableOopMap {}
                      ;*invokevirtual m_231151_ {reexecute=0 rethrow=0 return_oop=0}
                      ; - net.minecraft.client.Minecraft::m_91383_@900 (line 1202)
  0x000002cc972e7b14: e8ed 94fb | ba45 ffff | ff4c 8954 | 2420 4c8b | 5424 384c | 8954 2428 | 4889 4424 | 3889 4c24 
  0x000002cc972e7b34: 3466 6690 

  0x000002cc972e7b38: ;   {runtime_call UncommonTrapBlob}
  0x000002cc972e7b38: c5f8 77e8 

  0x000002cc972e7b3c: ; ImmutableOopMap {rbp=NarrowOop [32]=Oop [52]=NarrowOop }
                      ;*ifnonnull {reexecute=1 rethrow=0 return_oop=0}
                      ; - (reexecute) com.google.common.base.Preconditions::checkNotNull@1 (line 906)
                      ; - net.minecraftforge.common.ForgeConfigSpec$ConfigValue::get@6 (line 842)
                      ; - net.minecraft.client.Minecraft::wrapOperation$eef000$sodiumextras$redirect$isRecording@33 (line 18935)
                      ; - net.minecraft.client.Minecraft::m_91383_@303 (line 1126)
  0x000002cc972e7b3c: c0ed 94fb | ba45 ffff | ff49 8bea | 4c8b 5424 | 384c 8954 | 2420 448b | 4424 3044 | 8944 2428 
  0x000002cc972e7b5c: 4889 4424 | 3089 4c24 | 2c4c 895c | 2440 6690 

  0x000002cc972e7b6c: ;   {runtime_call UncommonTrapBlob}
  0x000002cc972e7b6c: c5f8 77e8 

  0x000002cc972e7b70: ; ImmutableOopMap {rbp=Oop [44]=NarrowOop [64]=Oop }
                      ;*if_acmpeq {reexecute=1 rethrow=0 return_oop=0}
                      ; - (reexecute) toni.sodiumextras.EmbyConfig$FPSDisplaySystemMode::gpu@4 (line 404)
                      ; - net.minecraft.client.Minecraft::wrapOperation$eef000$sodiumextras$redirect$isRecording@39 (line 18935)
                      ; - net.minecraft.client.Minecraft::m_91383_@303 (line 1126)
  0x000002cc972e7b70: 8ced 94fb | ba45 ffff | ff4c 8954 | 2420 4c8b | 5424 384c | 8954 2428 | 4889 4424 | 3889 4c24 
  0x000002cc972e7b90: 3466 6690 

  0x000002cc972e7b94: ;   {runtime_call UncommonTrapBlob}
  0x000002cc972e7b94: c5f8 77e8 

  0x000002cc972e7b98: ; ImmutableOopMap {[32]=Oop [52]=NarrowOop }
                      ;*ifeq {reexecute=1 rethrow=0 return_oop=0}
                      ; - (reexecute) net.minecraftforge.common.ForgeConfigSpec$ConfigValue::get@59 (line 858)
                      ; - net.minecraft.client.Minecraft::wrapOperation$eef000$sodiumextras$redirect$isRecording@33 (line 18935)
                      ; - net.minecraft.client.Minecraft::m_91383_@303 (line 1126)
  0x000002cc972e7b98: 64ed 94fb | ba45 ffff | ff48 8b6c | 2420 4c8b | 5c24 384c | 895c 2420 | 448b 4c24 | 3044 894c 
  0x000002cc972e7bb8: 2428 4c8b | 5c24 484c | 895c 2438 | 448b 5c24 | 3444 895c | 242c 4489 | 5424 3090 

  0x000002cc972e7bd4: ;   {runtime_call UncommonTrapBlob}
  0x000002cc972e7bd4: c5f8 77e8 

  0x000002cc972e7bd8: ; ImmutableOopMap {rbp=Oop [44]=NarrowOop [88]=Oop }
                      ;*iflt {reexecute=1 rethrow=0 return_oop=0}
                      ; - (reexecute) org.lwjgl.system.MemoryStack::checkPointer@1 (line 278)
                      ; - org.lwjgl.system.MemoryStack::setPointer@8 (line 271)
                      ; - org.lwjgl.opengl.GL15C::glGetQueryObjecti@36 (line 976)
                      ; - com.mojang.blaze3d.systems.TimerQuery$FrameProfile::m_231150_@21 (line 71)
                      ; - net.minecraft.client.Minecraft::m_91383_@331 (line 1130)
  0x000002cc972e7bd8: 24ed 94fb | ba45 ffff | ff4c 8954 | 2420 4c8b | 5424 384c | 8954 2428 | 4889 4424 | 3844 895c 
  0x000002cc972e7bf8: 2434 4489 | 4c24 4048 | 897c 2448 | 894c 2444 | 4889 7424 | 5066 6690 

  0x000002cc972e7c10: ;   {runtime_call UncommonTrapBlob}
  0x000002cc972e7c10: c5f8 77e8 

  0x000002cc972e7c14: ; ImmutableOopMap {[32]=Oop [52]=NarrowOop [72]=Oop }
                      ;*ifge {reexecute=1 rethrow=0 return_oop=0}
                      ; - (reexecute) org.lwjgl.system.MemoryStack::nmalloc@46 (line 314)
                      ; - org.lwjgl.system.MemoryStack::callocInt@7 (line 438)
                      ; - org.lwjgl.opengl.GL15C::glGetQueryObjecti@11 (line 972)
                      ; - com.mojang.blaze3d.systems.TimerQuery$FrameProfile::m_231150_@21 (line 71)
                      ; - net.minecraft.client.Minecraft::m_91383_@331 (line 1130)
  0x000002cc972e7c14: e8ec 94fb | ba45 ffff | ff4c 8b5c | 2438 4c89 | 5c24 284c | 8b5c 2448 | 4c89 5c24 | 3844 8954 
  0x000002cc972e7c34: 2440 6690 

  0x000002cc972e7c38: ;   {runtime_call UncommonTrapBlob}
  0x000002cc972e7c38: c5f8 77e8 

  0x000002cc972e7c3c: ; ImmutableOopMap {[32]=Oop [52]=NarrowOop [88]=Oop }
                      ;*if_icmpge {reexecute=1 rethrow=0 return_oop=0}
                      ; - (reexecute) org.lwjgl.system.MemoryStack::checkPointer@9 (line 278)
                      ; - org.lwjgl.system.MemoryStack::setPointer@8 (line 271)
                      ; - org.lwjgl.opengl.GL15C::glGetQueryObjecti@36 (line 976)
                      ; - com.mojang.blaze3d.systems.TimerQuery$FrameProfile::m_231150_@21 (line 71)
                      ; - net.minecraft.client.Minecraft::m_91383_@331 (line 1130)
  0x000002cc972e7c3c: c0ec 94fb | ba45 ffff | ff44 8b44 | 242c 4489 | 4424 2489 | 4424 2c90 

  0x000002cc972e7c54: ;   {runtime_call UncommonTrapBlob}
  0x000002cc972e7c54: c5f8 77e8 

  0x000002cc972e7c58: ; ImmutableOopMap {rbp=Oop }
                      ;*ifne {reexecute=1 rethrow=0 return_oop=0}
                      ; - (reexecute) net.minecraft.client.Minecraft::m_91383_@769 (line 1181)
  0x000002cc972e7c58: a4ec 94fb | bade ffff | ff49 8bee | 448b 4424 | 3044 8944 | 2420 895c | 2424 4489 | 5424 3090 
  0x000002cc972e7c78: ;   {runtime_call UncommonTrapBlob}
  0x000002cc972e7c78: c5f8 77e8 

  0x000002cc972e7c7c: ; ImmutableOopMap {rbp=Oop [48]=NarrowOop }
                      ;*invokeinterface m_7238_ {reexecute=0 rethrow=0 return_oop=0}
                      ; - net.minecraft.client.Minecraft::m_91383_@147 (line 1107)
  0x000002cc972e7c7c: 80ec 94fb | bade ffff | ff49 8bee | 4489 5424 | 2466 6690 

  0x000002cc972e7c90: ;   {runtime_call UncommonTrapBlob}
  0x000002cc972e7c90: c5f8 77e8 

  0x000002cc972e7c94: ; ImmutableOopMap {rbp=Oop [36]=NarrowOop }
                      ;*invokeinterface m_7238_ {reexecute=0 rethrow=0 return_oop=0}
                      ; - net.minecraft.client.Minecraft::m_91383_@205 (line 1115)
  0x000002cc972e7c94: 68ec 94fb | baf6 ffff | ff48 8b6c | 2420 4c8b | 5424 384c | 8954 2420 | 448b 5424 | 3044 8954 
  0x000002cc972e7cb4: 2428 6690 

  0x000002cc972e7cb8: ;   {runtime_call UncommonTrapBlob}
  0x000002cc972e7cb8: c5f8 77e8 

  0x000002cc972e7cbc: ; ImmutableOopMap {rbp=Oop [44]=NarrowOop [64]=Oop }
                      ;*invokevirtual get {reexecute=0 rethrow=0 return_oop=0}
                      ; - org.lwjgl.opengl.GL33C::glGetQueryObjecti64@29 (line 611)
                      ; - org.lwjgl.opengl.ARBTimerQuery::glGetQueryObjecti64@2 (line 95)
                      ; - com.mojang.blaze3d.systems.TimerQuery$FrameProfile::m_231150_@34 (line 72)
                      ; - net.minecraft.client.Minecraft::m_91383_@331 (line 1130)
  0x000002cc972e7cbc: 40ec 94fb | bae4 ffff | ff4c 8b54 | 2438 4c89 | 5424 284c | 8b54 2448 | 4c89 5424 | 3844 8944 
  0x000002cc972e7cdc: 2444 895c | 2448 4489 | 5c24 5090 

  0x000002cc972e7ce8: ;   {runtime_call UncommonTrapBlob}
  0x000002cc972e7ce8: c5f8 77e8 

  0x000002cc972e7cec: ; ImmutableOopMap {rbp=NarrowOop [32]=Oop [52]=NarrowOop [72]=NarrowOop }
                      ;*aaload {reexecute=0 rethrow=0 return_oop=0}
                      ; - java.lang.ThreadLocal$ThreadLocalMap::getEntry@18 (line 435)
                      ; - java.lang.ThreadLocal::get@16 (line 165)
                      ; - org.lwjgl.system.MemoryStack::stackGet@3 (line 875)
                      ; - org.lwjgl.opengl.GL33C::glGetQueryObjecti64@0 (line 607)
                      ; - org.lwjgl.opengl.ARBTimerQuery::glGetQueryObjecti64@2 (line 95)
                      ; - com.mojang.blaze3d.systems.TimerQuery$FrameProfile::m_231150_@34 (line 72)
                      ; - net.minecraft.client.Minecraft::m_91383_@331 (line 1130)
  0x000002cc972e7cec: 10ec 94fb | 897c 2424 | 4489 4c24 | 2045 8beb | 448b f049 | 8bea 498b | d7c5 f877 | 49ba 7027 
  0x000002cc972e7d0c: 5397 fa7f | 0000 41ff | d24c 8bd5 | 418b c645 | 8bdd 448b | 4c24 208b | 7c24 24e9 | 81ba ffff 
  0x000002cc972e7d2c: 418b eb48 | 8bca 498b | d7c5 f877 | 49ba 7027 | 5397 fa7f | 0000 41ff | d244 8bdd | e91e c8ff 
  0x000002cc972e7d4c: ff45 8beb | 498b d7c5 | f877 49ba | 7027 5397 | fa7f 0000 | 41ff d245 | 8bdd e96b | c8ff ff89 
  0x000002cc972e7d6c: 7c24 344c | 896c 2440 | 4489 5424 | 2c48 8944 

  0x000002cc972e7d7c: ;   {metadata({type array byte})}
  0x000002cc972e7d7c: 2438 48ba | 3867 00b3 | cc02 0000 | 448b c790 

  0x000002cc972e7d8c: ;   {runtime_call _new_array_Java}
  0x000002cc972e7d8c: c5f8 77e8 

  0x000002cc972e7d90: ; ImmutableOopMap {[32]=Oop [56]=Oop }
                      ;*invokevirtual allocateUninitializedArray0 {reexecute=0 rethrow=0 return_oop=1}
                      ; - jdk.internal.misc.Unsafe::allocateUninitializedArray@51 (line 1375)
                      ; - java.lang.StringConcatHelper::newArray@33 (line 497)
                      ; - java.lang.StringConcatHelper::simpleConcat@61 (line 421)
                      ; - java.lang.invoke.DirectMethodHandle$Holder::invokeStatic@11
                      ; - java.lang.invoke.LambdaForm$MH/0x000002ccb40c0c00::invoke@21
                      ; - java.lang.invoke.Invokers$Holder::linkToTargetMethod@5
                      ; - net.minecraft.client.Minecraft::m_91383_@958 (line 1208)
  0x000002cc972e7d90: 6c80 9ffb | 4c8b 4c24 | 3844 8b54 | 242c 4c8b | 6c24 408b | 7c24 3448 | 8bd8 e99c 

  0x000002cc972e7dac: ;   {metadata('java/lang/String')}
  0x000002cc972e7dac: ddff ff48 | baf0 e900 | b3cc 0200 | 0048 895c | 2438 6690 

  0x000002cc972e7dc0: ;   {runtime_call _new_instance_Java}
  0x000002cc972e7dc0: c5f8 77e8 

  0x000002cc972e7dc4: ; ImmutableOopMap {rbp=NarrowOop [32]=Oop [56]=Oop }
                      ;*new {reexecute=0 rethrow=0 return_oop=1}
                      ; - java.lang.StringConcatHelper::newString@6 (line 387)
                      ; - java.lang.StringConcatHelper::simpleConcat@90 (line 426)
                      ; - java.lang.invoke.DirectMethodHandle$Holder::invokeStatic@11
                      ; - java.lang.invoke.LambdaForm$MH/0x000002ccb40c0c00::invoke@21
                      ; - java.lang.invoke.Invokers$Holder::linkToTargetMethod@5
                      ; - net.minecraft.client.Minecraft::m_91383_@958 (line 1208)
  0x000002cc972e7dc4: 387d 9ffb | 4c8b c0e9 | 8bde ffff | 498b d7c5 | f877 49ba | 7027 5397 | fa7f 0000 | 41ff d244 
  0x000002cc972e7de4: 8b5c 2434 | e9b3 bcff | ffba deff | ffff 498b | ee44 8b44 | 2430 4489 | 4424 2089 | 5c24 2444 
  0x000002cc972e7e04: 895c 2430 | 4489 5424 | 3466 6690 

  0x000002cc972e7e10: ;   {runtime_call UncommonTrapBlob}
  0x000002cc972e7e10: c5f8 77e8 

  0x000002cc972e7e14: ; ImmutableOopMap {rbp=Oop [52]=NarrowOop }
                      ;*invokeinterface m_6174_ {reexecute=0 rethrow=0 return_oop=0}
                      ; - net.minecraft.client.Minecraft::m_91383_@186 (line 1111)
  0x000002cc972e7e14: e8ea 94fb | 49ba 0000 | 0000 0100 | 0000 4d3b | ea0f 8515 | 0500 0049 | 8b87 0801 | 0000 4c8b 
  0x000002cc972e7e34: d049 83c2 | 184d 3b97 | 1801 0000 | 0f83 8e04 | 0000 4d89 | 9708 0100 | 0041 0f18 | 8200 0100 
  0x000002cc972e7e54: 0048 c700 | 0100 0000 

  0x000002cc972e7e5c: ;   {metadata('java/lang/String')}
  0x000002cc972e7e5c: c740 08f0 | e900 0044 | 8960 0c48 | c740 1001 | 0000 0089 | 6814 4c8b | c0e9 c2cc | ffff 498b 
  0x000002cc972e7e7c: d7c5 f877 | 49ba 7027 | 5397 fa7f | 0000 41ff | d2e9 68ca | ffff baf6 | ffff ff90 

  0x000002cc972e7e98: ;   {runtime_call UncommonTrapBlob}
  0x000002cc972e7e98: c5f8 77e8 

  0x000002cc972e7e9c: ; ImmutableOopMap {}
                      ;*invokeinterface m_7238_ {reexecute=0 rethrow=0 return_oop=0}
                      ; - net.minecraft.client.Minecraft::m_91383_@205 (line 1115)
  0x000002cc972e7e9c: 60ea 94fb 

  0x000002cc972e7ea0: ;   {metadata('java/lang/NullPointerException')}
  0x000002cc972e7ea0: 48ba 401a | 06b3 cc02 | 0000 488b | 6c24 304c | 8944 2448 | 4c89 4424 | 5066 6690 

  0x000002cc972e7ebc: ;   {runtime_call _new_instance_Java}
  0x000002cc972e7ebc: c5f8 77e8 

  0x000002cc972e7ec0: ; ImmutableOopMap {rbp=Oop [48]=Oop [56]=Oop }
                      ;*new {reexecute=0 rethrow=0 return_oop=1}
                      ; - org.lwjgl.system.Checks::check@6 (line 188)
                      ; - org.lwjgl.opengl.GL32C::glClientWaitSync@7 (line 716)
                      ; - net.minecraft.client.Minecraft::handler$zlh000$embeddium$preRender@50 (line 33477)
                      ; - net.minecraft.client.Minecraft::m_91383_@3
  0x000002cc972e7ec0: 3c7c 9ffb | 4c8b 4424 | 48e9 2fdf 

  0x000002cc972e7ecc: ;   {metadata('java/lang/NullPointerException')}
  0x000002cc972e7ecc: ffff 48ba | 401a 06b3 | cc02 0000 | 4c89 5c24 | 4066 6690 

  0x000002cc972e7ee0: ;   {runtime_call _new_instance_Java}
  0x000002cc972e7ee0: c5f8 77e8 

  0x000002cc972e7ee4: ; ImmutableOopMap {[48]=Oop }
                      ;*new {reexecute=0 rethrow=0 return_oop=1}
                      ; - org.lwjgl.system.Checks::check@6 (line 188)
                      ; - org.lwjgl.glfw.GLFW::glfwWindowShouldClose@11 (line 2244)
                      ; - com.mojang.blaze3d.platform.GLX::_shouldClose@4 (line 92)
                      ; - com.mojang.blaze3d.platform.Window::m_85411_@1 (line 121)
                      ; - net.minecraft.client.Minecraft::m_91383_@30 (line 1086)
  0x000002cc972e7ee4: 187c 9ffb | 4c8b 5c24 | 40e9 82df | ffff 493b | c2bd ffff | ffff 7c08 | 400f 95c5 | 400f b6ed 
  0x000002cc972e7f04: ba76 ffff | ff66 6690 

  0x000002cc972e7f0c: ;   {runtime_call UncommonTrapBlob}
  0x000002cc972e7f0c: c5f8 77e8 

  0x000002cc972e7f10: ; ImmutableOopMap {[64]=Oop }
                      ;*iflt {reexecute=1 rethrow=0 return_oop=0}
                      ; - (reexecute) net.minecraft.client.Minecraft::m_91383_@929 (line 1205)
  0x000002cc972e7f10: ece9 94fb | ba45 ffff | ff48 8974 | 2428 6690 

  0x000002cc972e7f20: ;   {runtime_call UncommonTrapBlob}
  0x000002cc972e7f20: c5f8 77e8 

  0x000002cc972e7f24: ; ImmutableOopMap {rbp=NarrowOop [40]=Oop [56]=Oop [64]=Oop }
                      ;*if_acmpne {reexecute=1 rethrow=0 return_oop=0}
                      ; - (reexecute) net.minecraft.client.Minecraft::m_91383_@1102 (line 1214)
  0x000002cc972e7f24: d8e9 94fb | 498b d7c5 | f877 49ba | 7027 5397 | fa7f 0000 | 41ff d2e9 | e3ce ffff | 498b d7c5 
  0x000002cc972e7f44: f877 49ba | 7027 5397 | fa7f 0000 | 41ff d2e9 | 27cf ffff | 498b d7c5 | f877 49ba | 7027 5397 
  0x000002cc972e7f64: fa7f 0000 | 41ff d2e9 | 92cf ffff | 498b d7c5 | f877 49ba | 7027 5397 | fa7f 0000 | 41ff d2e9 
  0x000002cc972e7f84: d2cf ffff | 498b d7c5 | f877 49ba | 7027 5397 | fa7f 0000 | 41ff d2e9 | 1dd0 ffff | 498b d7c5 
  0x000002cc972e7fa4: f877 49ba | 7027 5397 | fa7f 0000 | 41ff d2e9 | 60d0 ffff | 498b e849 | 8bd7 c5f8 | 7749 ba70 
  0x000002cc972e7fc4: 2753 97fa | 7f00 0041 | ffd2 4c8b | c5e9 9bd0 | ffff 498b | d7c5 f877 | 49ba 7027 | 5397 fa7f 
  0x000002cc972e7fe4: 0000 41ff | d2e9 fcd0 | ffff ba45 | ffff ff48 | 8974 2428 

  0x000002cc972e7ff8: ;   {runtime_call UncommonTrapBlob}
  0x000002cc972e7ff8: c5f8 77e8 

  0x000002cc972e7ffc: ; ImmutableOopMap {[40]=Oop [56]=Oop [64]=Oop }
                      ;*ifeq {reexecute=1 rethrow=0 return_oop=0}
                      ; - (reexecute) net.minecraft.client.Minecraft::m_91383_@1061 (line 1214)
  0x000002cc972e7ffc: 00e9 94fb | 4963 cae9 | 9acb ffff | bacc ffff | ff44 8b54 | 2430 4489 | 5424 2c48 | 895c 2438 
  0x000002cc972e801c: 4489 4c24 | 4066 6690 

  0x000002cc972e8024: ;   {runtime_call UncommonTrapBlob}
  0x000002cc972e8024: c5f8 77e8 

  0x000002cc972e8028: ; ImmutableOopMap {[32]=Oop [56]=Oop }
                      ;*invokestatic arraycopy {reexecute=0 rethrow=0 return_oop=0}
                      ; - java.lang.String::getBytes@22 (line 4459)
                      ; - java.lang.StringConcatHelper::prepend@21 (line 354)
                      ; - java.lang.StringConcatHelper::simpleConcat@81 (line 425)
                      ; - java.lang.invoke.DirectMethodHandle$Holder::invokeStatic@11
                      ; - java.lang.invoke.LambdaForm$MH/0x000002ccb400e800::invoke@21
                      ; - java.lang.invoke.Invokers$Holder::linkToTargetMethod@5
                      ; - net.minecraft.client.Minecraft::m_91383_@978 (line 1208)
  0x000002cc972e8028: d4e8 94fb | bacc ffff | ff44 8b54 | 2430 4489 | 5424 2c44 | 895c 2438 | 4889 5c24 | 4089 4c24 
  0x000002cc972e8048: 3c44 894c | 2448 6690 

  0x000002cc972e8050: ;   {runtime_call UncommonTrapBlob}
  0x000002cc972e8050: c5f8 77e8 

  0x000002cc972e8054: ; ImmutableOopMap {[32]=Oop [56]=NarrowOop [64]=Oop }
                      ;*invokestatic arraycopy {reexecute=0 rethrow=0 return_oop=0}
                      ; - java.lang.String::getBytes@22 (line 4459)
                      ; - java.lang.StringConcatHelper::prepend@21 (line 354)
                      ; - java.lang.StringConcatHelper::simpleConcat@71 (line 424)
                      ; - java.lang.invoke.DirectMethodHandle$Holder::invokeStatic@11
                      ; - java.lang.invoke.LambdaForm$MH/0x000002ccb400e800::invoke@21
                      ; - java.lang.invoke.Invokers$Holder::linkToTargetMethod@5
                      ; - net.minecraft.client.Minecraft::m_91383_@978 (line 1208)
  0x000002cc972e8054: a8e8 94fb | 4d63 d8e9 | fac9 ffff | bacc ffff | ff44 8b4c | 2430 4489 | 4c24 2c4c | 8b44 2438 
  0x000002cc972e8074: 4c89 4424 | 304c 895c | 2440 4489 | 5424 4890 

  0x000002cc972e8084: ;   {runtime_call UncommonTrapBlob}
  0x000002cc972e8084: c5f8 77e8 

  0x000002cc972e8088: ; ImmutableOopMap {[32]=Oop [64]=Oop }
                      ;*invokestatic arraycopy {reexecute=0 rethrow=0 return_oop=0}
                      ; - java.lang.String::getBytes@22 (line 4459)
                      ; - java.lang.StringConcatHelper::newArrayWithSuffix@24 (line 477)
                      ; - java.lang.invoke.DirectMethodHandle$Holder::invokeStatic@13
                      ; - java.lang.invoke.LambdaForm$MH/0x000002ccb4011000::invoke@23
                      ; - java.lang.invoke.LambdaForm$MH/0x000002ccb4759400::invoke@33
                      ; - java.lang.invoke.Invokers$Holder::linkToTargetMethod@5
                      ; - net.minecraft.client.Minecraft::m_91383_@973 (line 1208)
  0x000002cc972e8088: 74e8 94fb | 4863 e8ba | 5b00 0000 

  0x000002cc972e8094: ;   {runtime_call UncommonTrapBlob}
  0x000002cc972e8094: c5f8 77e8 

  0x000002cc972e8098: ; ImmutableOopMap {[64]=Oop }
                      ;*new {reexecute=0 rethrow=0 return_oop=0}
                      ; - java.lang.StringConcatHelper::newString@34 (line 391)
                      ; - java.lang.invoke.DirectMethodHandle$Holder::invokeStatic@13
                      ; - java.lang.invoke.LambdaForm$MH/0x000002ccb4759400::invoke@74
                      ; - java.lang.invoke.Invokers$Holder::linkToTargetMethod@5
                      ; - net.minecraft.client.Minecraft::m_91383_@973 (line 1208)
  0x000002cc972e8098: 64e8 94fb 

  0x000002cc972e809c: ;   {metadata('java/lang/String')}
  0x000002cc972e809c: 48ba f0e9 | 00b3 cc02 | 0000 6690 

  0x000002cc972e80a8: ;   {runtime_call _new_instance_Java}
  0x000002cc972e80a8: c5f8 77e8 

  0x000002cc972e80ac: ; ImmutableOopMap {[32]=Oop [64]=Oop }
                      ;*new {reexecute=0 rethrow=0 return_oop=1}
                      ; - java.lang.StringConcatHelper::simpleConcat@17 (line 411)
                      ; - java.lang.invoke.DirectMethodHandle$Holder::invokeStatic@11
                      ; - java.lang.invoke.LambdaForm$MH/0x000002ccb40c0c00::invoke@21
                      ; - java.lang.invoke.Invokers$Holder::linkToTargetMethod@5
                      ; - net.minecraft.client.Minecraft::m_91383_@958 (line 1208)
  0x000002cc972e80ac: 507a 9ffb | e977 e2ff | ffba 45ff | ffff 448b | 4c24 3044 | 894c 242c | 4c89 4424 | 3044 8954 
  0x000002cc972e80cc: 2438 6690 

  0x000002cc972e80d0: ;   {runtime_call UncommonTrapBlob}
  0x000002cc972e80d0: c5f8 77e8 

  0x000002cc972e80d4: ; ImmutableOopMap {[32]=Oop [48]=Oop }
                      ;*iflt {reexecute=1 rethrow=0 return_oop=0}
                      ; - (reexecute) java.lang.StringConcatHelper::checkOverflow@2 (line 54)
                      ; - java.lang.StringConcatHelper::mix@23 (line 138)
                      ; - java.lang.StringConcatHelper::simpleConcat@54 (line 420)
                      ; - java.lang.invoke.DirectMethodHandle$Holder::invokeStatic@11
                      ; - java.lang.invoke.LambdaForm$MH/0x000002ccb400e800::invoke@21
                      ; - java.lang.invoke.Invokers$Holder::linkToTargetMethod@5
                      ; - net.minecraft.client.Minecraft::m_91383_@978 (line 1208)
  0x000002cc972e80d4: 28e8 94fb | ba45 ffff | ff44 8b5c | 2430 4489 | 5c24 2c4c | 8944 2430 | 4489 5424 | 3c66 6690 
  0x000002cc972e80f4: ;   {runtime_call UncommonTrapBlob}
  0x000002cc972e80f4: c5f8 77e8 

  0x000002cc972e80f8: ; ImmutableOopMap {[32]=Oop [48]=Oop }
                      ;*ifge {reexecute=1 rethrow=0 return_oop=0}
                      ; - (reexecute) java.lang.StringConcatHelper::newArray@13 (line 494)
                      ; - java.lang.StringConcatHelper::simpleConcat@61 (line 421)
                      ; - java.lang.invoke.DirectMethodHandle$Holder::invokeStatic@11
                      ; - java.lang.invoke.LambdaForm$MH/0x000002ccb400e800::invoke@21
                      ; - java.lang.invoke.Invokers$Holder::linkToTargetMethod@5
                      ; - net.minecraft.client.Minecraft::m_91383_@978 (line 1208)
  0x000002cc972e80f8: 04e8 94fb | ba45 ffff | ff44 8b44 | 2430 4489 | 4424 2c4c | 8b5c 2438 | 4c89 5c24 | 3089 4424 
  0x000002cc972e8118: 3866 6690 

  0x000002cc972e811c: ;   {runtime_call UncommonTrapBlob}
  0x000002cc972e811c: c5f8 77e8 

  0x000002cc972e8120: ; ImmutableOopMap {[64]=Oop }
                      ;*iflt {reexecute=1 rethrow=0 return_oop=0}
                      ; - (reexecute) java.lang.StringConcatHelper::checkOverflow@2 (line 54)
                      ; - java.lang.StringConcatHelper::mix@7 (line 123)
                      ; - java.lang.invoke.DirectMethodHandle$Holder::invokeStatic@13
                      ; - java.lang.invoke.LambdaForm$MH/0x000002ccb4759000::invoke@23
                      ; - java.lang.invoke.LambdaForm$MH/0x000002ccb4759400::invoke@15
                      ; - java.lang.invoke.Invokers$Holder::linkToTargetMethod@5
                      ; - net.minecraft.client.Minecraft::m_91383_@973 (line 1208)
  0x000002cc972e8120: dce7 94fb | ba45 ffff | ff44 8b54 | 2430 4489 | 5424 2c4c | 8b54 2438 | 4c89 5424 | 3044 8944 
  0x000002cc972e8140: 243c 6690 

  0x000002cc972e8144: ;   {runtime_call UncommonTrapBlob}
  0x000002cc972e8144: c5f8 77e8 

  0x000002cc972e8148: ; ImmutableOopMap {[64]=Oop }
                      ;*ifge {reexecute=1 rethrow=0 return_oop=0}
                      ; - (reexecute) java.lang.StringConcatHelper::newArray@13 (line 494)
                      ; - java.lang.StringConcatHelper::newArrayWithSuffix@7 (line 475)
                      ; - java.lang.invoke.DirectMethodHandle$Holder::invokeStatic@13
                      ; - java.lang.invoke.LambdaForm$MH/0x000002ccb4011000::invoke@23
                      ; - java.lang.invoke.LambdaForm$MH/0x000002ccb4759400::invoke@33
                      ; - java.lang.invoke.Invokers$Holder::linkToTargetMethod@5
                      ; - net.minecraft.client.Minecraft::m_91383_@973 (line 1208)
  0x000002cc972e8148: b4e7 94fb 

  0x000002cc972e814c: ;   {metadata('java/lang/String')}
  0x000002cc972e814c: 48ba f0e9 | 00b3 cc02 | 0000 6690 

  0x000002cc972e8158: ;   {runtime_call _new_instance_Java}
  0x000002cc972e8158: c5f8 77e8 

  0x000002cc972e815c: ; ImmutableOopMap {[32]=Oop }
                      ;*new {reexecute=0 rethrow=0 return_oop=1}
                      ; - java.lang.StringConcatHelper::simpleConcat@33 (line 415)
                      ; - java.lang.invoke.DirectMethodHandle$Holder::invokeStatic@11
                      ; - java.lang.invoke.LambdaForm$MH/0x000002ccb400e800::invoke@21
                      ; - java.lang.invoke.Invokers$Holder::linkToTargetMethod@5
                      ; - net.minecraft.client.Minecraft::m_91383_@978 (line 1208)
  0x000002cc972e815c: a079 9ffb | e968 e3ff | ff4c 63df | e980 d9ff | ffba ccff | ffff 488b | 6c24 2044 | 8b44 2430 
  0x000002cc972e817c: 4489 4424 | 2044 8b5c | 2428 4489 | 5c24 244c | 894c 2428 | 4c89 6c24 | 3848 895c | 2440 4489 
  0x000002cc972e819c: 5424 4890 

  0x000002cc972e81a0: ;   {runtime_call UncommonTrapBlob}
  0x000002cc972e81a0: c5f8 77e8 

  0x000002cc972e81a4: ; ImmutableOopMap {rbp=Oop [40]=Oop [64]=Oop }
                      ;*invokestatic arraycopy {reexecute=0 rethrow=0 return_oop=0}
                      ; - java.lang.String::getBytes@22 (line 4459)
                      ; - java.lang.StringConcatHelper::prepend@21 (line 354)
                      ; - java.lang.StringConcatHelper::simpleConcat@71 (line 424)
                      ; - java.lang.invoke.DirectMethodHandle$Holder::invokeStatic@11
                      ; - java.lang.invoke.LambdaForm$MH/0x000002ccb40c0c00::invoke@21
                      ; - java.lang.invoke.Invokers$Holder::linkToTargetMethod@5
                      ; - net.minecraft.client.Minecraft::m_91383_@958 (line 1208)
  0x000002cc972e81a4: 58e7 94fb | bacc ffff | ff48 8b6c | 2420 8b4c | 2430 894c | 2420 448b | 4c24 2844 | 894c 2424 
  0x000002cc972e81c4: 4c89 6c24 | 3044 8954 | 2438 4889 | 5c24 4044 | 8944 243c | 4489 5c24 | 4866 6690 

  0x000002cc972e81e0: ;   {runtime_call UncommonTrapBlob}
  0x000002cc972e81e0: c5f8 77e8 

  0x000002cc972e81e4: ; ImmutableOopMap {rbp=Oop [56]=NarrowOop [64]=Oop }
                      ;*invokestatic arraycopy {reexecute=0 rethrow=0 return_oop=0}
                      ; - java.lang.String::getBytes@22 (line 4459)
                      ; - java.lang.StringConcatHelper::prepend@21 (line 354)
                      ; - java.lang.StringConcatHelper::simpleConcat@81 (line 425)
                      ; - java.lang.invoke.DirectMethodHandle$Holder::invokeStatic@11
                      ; - java.lang.invoke.LambdaForm$MH/0x000002ccb40c0c00::invoke@21
                      ; - java.lang.invoke.Invokers$Holder::linkToTargetMethod@5
                      ; - net.minecraft.client.Minecraft::m_91383_@958 (line 1208)
  0x000002cc972e81e4: 18e7 94fb | ba45 ffff | ff44 8b44 | 2430 4489 | 4424 2044 | 8b5c 2428 | 4489 5c24 | 2448 8944 
  0x000002cc972e8204: 2428 4c89 | 6c24 3044 | 8954 2438 

  0x000002cc972e8210: ;   {runtime_call UncommonTrapBlob}
  0x000002cc972e8210: c5f8 77e8 

  0x000002cc972e8214: ; ImmutableOopMap {[40]=Oop [64]=Oop }
                      ;*iflt {reexecute=1 rethrow=0 return_oop=0}
                      ; - (reexecute) java.lang.StringConcatHelper::checkOverflow@2 (line 54)
                      ; - java.lang.StringConcatHelper::mix@23 (line 138)
                      ; - java.lang.StringConcatHelper::simpleConcat@46 (line 419)
                      ; - java.lang.invoke.DirectMethodHandle$Holder::invokeStatic@11
                      ; - java.lang.invoke.LambdaForm$MH/0x000002ccb40c0c00::invoke@21
                      ; - java.lang.invoke.Invokers$Holder::linkToTargetMethod@5
                      ; - net.minecraft.client.Minecraft::m_91383_@958 (line 1208)
  0x000002cc972e8214: e8e6 94fb | ba45 ffff | ff44 8b54 | 2430 4489 | 5424 2c48 | 8944 2430 | 897c 2438 

  0x000002cc972e8230: ;   {runtime_call UncommonTrapBlob}
  0x000002cc972e8230: c5f8 77e8 

  0x000002cc972e8234: ; ImmutableOopMap {[48]=Oop [64]=Oop }
                      ;*iflt {reexecute=1 rethrow=0 return_oop=0}
                      ; - (reexecute) java.lang.StringConcatHelper::checkOverflow@2 (line 54)
                      ; - java.lang.StringConcatHelper::mix@23 (line 138)
                      ; - java.lang.StringConcatHelper::simpleConcat@54 (line 420)
                      ; - java.lang.invoke.DirectMethodHandle$Holder::invokeStatic@11
                      ; - java.lang.invoke.LambdaForm$MH/0x000002ccb40c0c00::invoke@21
                      ; - java.lang.invoke.Invokers$Holder::linkToTargetMethod@5
                      ; - net.minecraft.client.Minecraft::m_91383_@958 (line 1208)
  0x000002cc972e8234: c8e6 94fb | ba45 ffff | ff44 8b5c | 2430 4489 | 5c24 2c48 | 8944 2430 | 897c 243c 

  0x000002cc972e8250: ;   {runtime_call UncommonTrapBlob}
  0x000002cc972e8250: c5f8 77e8 

  0x000002cc972e8254: ; ImmutableOopMap {[48]=Oop [64]=Oop }
                      ;*ifge {reexecute=1 rethrow=0 return_oop=0}
                      ; - (reexecute) java.lang.StringConcatHelper::newArray@13 (line 494)
                      ; - java.lang.StringConcatHelper::simpleConcat@61 (line 421)
                      ; - java.lang.invoke.DirectMethodHandle$Holder::invokeStatic@11
                      ; - java.lang.invoke.LambdaForm$MH/0x000002ccb40c0c00::invoke@21
                      ; - java.lang.invoke.Invokers$Holder::linkToTargetMethod@5
                      ; - net.minecraft.client.Minecraft::m_91383_@958 (line 1208)
  0x000002cc972e8254: a8e6 94fb | bade ffff | ff49 8bea | 4c8b 5424 | 384c 8954 | 2420 448b | 5424 3044 | 8954 2428 
  0x000002cc972e8274: 4889 4424 | 3089 4c24 | 2c89 5c24 | 3866 6690 

  0x000002cc972e8284: ;   {runtime_call UncommonTrapBlob}
  0x000002cc972e8284: c5f8 77e8 

  0x000002cc972e8288: ; ImmutableOopMap {rbp=Oop [44]=NarrowOop [56]=NarrowOop }
                      ;*invokeinterface get {reexecute=0 rethrow=0 return_oop=0}
                      ; - net.minecraftforge.common.ForgeConfigSpec$ConfigValue::get@50 (line 856)
                      ; - net.minecraft.client.Minecraft::wrapOperation$eef000$sodiumextras$redirect$isRecording@33 (line 18935)
                      ; - net.minecraft.client.Minecraft::m_91383_@303 (line 1126)
  0x000002cc972e8288: 74e6 94fb 

  0x000002cc972e828c: ;   {metadata('java/lang/String')}
  0x000002cc972e828c: 48ba f0e9 | 00b3 cc02 | 0000 4889 | 5c24 3890 

  0x000002cc972e829c: ;   {runtime_call _new_instance_Java}
  0x000002cc972e829c: c5f8 77e8 

  0x000002cc972e82a0: ; ImmutableOopMap {[32]=Oop [52]=NarrowOop [56]=Oop }
                      ;*new {reexecute=0 rethrow=0 return_oop=1}
                      ; - java.lang.StringConcatHelper::newString@24 (line 389)
                      ; - java.lang.StringConcatHelper::simpleConcat@90 (line 426)
                      ; - java.lang.invoke.DirectMethodHandle$Holder::invokeStatic@11
                      ; - java.lang.invoke.LambdaForm$MH/0x000002ccb400e800::invoke@21
                      ; - java.lang.invoke.Invokers$Holder::linkToTargetMethod@5
                      ; - net.minecraft.client.Minecraft::m_91383_@978 (line 1208)
  0x000002cc972e82a0: 5c78 9ffb | e9fa f5ff | ffba ceff | ffff 448b | 4424 3044 | 8944 242c | 4489 5c24 | 3848 895c 
  0x000002cc972e82c0: 2440 894c | 243c 4489 | 4c24 4890 

  0x000002cc972e82cc: ;   {runtime_call UncommonTrapBlob}
  0x000002cc972e82cc: c5f8 77e8 

  0x000002cc972e82d0: ; ImmutableOopMap {[32]=Oop [56]=NarrowOop [64]=Oop }
                      ;*invokestatic inflate {reexecute=0 rethrow=0 return_oop=0}
                      ; - java.lang.String::getBytes@40 (line 4461)
                      ; - java.lang.StringConcatHelper::prepend@21 (line 354)
                      ; - java.lang.StringConcatHelper::simpleConcat@71 (line 424)
                      ; - java.lang.invoke.DirectMethodHandle$Holder::invokeStatic@11
                      ; - java.lang.invoke.LambdaForm$MH/0x000002ccb400e800::invoke@21
                      ; - java.lang.invoke.Invokers$Holder::linkToTargetMethod@5
                      ; - net.minecraft.client.Minecraft::m_91383_@978 (line 1208)
  0x000002cc972e82d0: 2ce6 94fb 

  0x000002cc972e82d4: ;   {metadata('java/lang/String')}
  0x000002cc972e82d4: 48ba f0e9 | 00b3 cc02 | 0000 4889 | 5c24 3890 

  0x000002cc972e82e4: ;   {runtime_call _new_instance_Java}
  0x000002cc972e82e4: c5f8 77e8 

  0x000002cc972e82e8: ; ImmutableOopMap {rbp=NarrowOop [32]=Oop [56]=Oop }
                      ;*new {reexecute=0 rethrow=0 return_oop=1}
                      ; - java.lang.StringConcatHelper::newString@24 (line 389)
                      ; - java.lang.StringConcatHelper::simpleConcat@90 (line 426)
                      ; - java.lang.invoke.DirectMethodHandle$Holder::invokeStatic@11
                      ; - java.lang.invoke.LambdaForm$MH/0x000002ccb40c0c00::invoke@21
                      ; - java.lang.invoke.Invokers$Holder::linkToTargetMethod@5
                      ; - net.minecraft.client.Minecraft::m_91383_@958 (line 1208)
  0x000002cc972e82e8: 1478 9ffb | e976 fbff | ffba ceff | ffff 488b | 6c24 208b | 4c24 3089 | 4c24 2044 | 8b4c 2428 
  0x000002cc972e8308: 4489 4c24 | 244c 896c | 2430 4489 | 5424 3848 | 895c 2440 | 4489 4424 | 3c44 895c | 2448 6690 
  0x000002cc972e8328: ;   {runtime_call UncommonTrapBlob}
  0x000002cc972e8328: c5f8 77e8 

  0x000002cc972e832c: ; ImmutableOopMap {rbp=Oop [56]=NarrowOop [64]=Oop }
                      ;*invokestatic inflate {reexecute=0 rethrow=0 return_oop=0}
                      ; - java.lang.String::getBytes@40 (line 4461)
                      ; - java.lang.StringConcatHelper::prepend@21 (line 354)
                      ; - java.lang.StringConcatHelper::simpleConcat@81 (line 425)
                      ; - java.lang.invoke.DirectMethodHandle$Holder::invokeStatic@11
                      ; - java.lang.invoke.LambdaForm$MH/0x000002ccb40c0c00::invoke@21
                      ; - java.lang.invoke.Invokers$Holder::linkToTargetMethod@5
                      ; - net.minecraft.client.Minecraft::m_91383_@958 (line 1208)
  0x000002cc972e832c: d0e5 94fb | ba5b 0000 | 0066 6690 

  0x000002cc972e8338: ;   {runtime_call UncommonTrapBlob}
  0x000002cc972e8338: c5f8 77e8 

  0x000002cc972e833c: ; ImmutableOopMap {[32]=Oop }
                      ;*new {reexecute=0 rethrow=0 return_oop=0}
                      ; - java.lang.StringConcatHelper::newString@34 (line 391)
                      ; - java.lang.StringConcatHelper::simpleConcat@90 (line 426)
                      ; - java.lang.invoke.DirectMethodHandle$Holder::invokeStatic@11
                      ; - java.lang.invoke.LambdaForm$MH/0x000002ccb400e800::invoke@21
                      ; - java.lang.invoke.Invokers$Holder::linkToTargetMethod@5
                      ; - net.minecraft.client.Minecraft::m_91383_@978 (line 1208)
  0x000002cc972e833c: c0e5 94fb | ba5b 0000 | 0048 8b6c | 2420 448b | 5424 2844 | 8954 2424 | 4c89 6c24 | 2866 6690 
  0x000002cc972e835c: ;   {runtime_call UncommonTrapBlob}
  0x000002cc972e835c: c5f8 77e8 

  0x000002cc972e8360: ; ImmutableOopMap {rbp=Oop }
                      ;*new {reexecute=0 rethrow=0 return_oop=0}
                      ; - java.lang.StringConcatHelper::newString@34 (line 391)
                      ; - java.lang.StringConcatHelper::simpleConcat@90 (line 426)
                      ; - java.lang.invoke.DirectMethodHandle$Holder::invokeStatic@11
                      ; - java.lang.invoke.LambdaForm$MH/0x000002ccb40c0c00::invoke@21
                      ; - java.lang.invoke.Invokers$Holder::linkToTargetMethod@5
                      ; - net.minecraft.client.Minecraft::m_91383_@958 (line 1208)
  0x000002cc972e8360: 9ce5 94fb | bade ffff | ff49 8bea | 4c8b 5424 | 384c 8954 | 2420 448b | 5424 3044 | 8954 2428 
  0x000002cc972e8380: 4889 4424 | 3089 4c24 | 2c4c 895c | 2438 6690 

  0x000002cc972e8390: ;   {runtime_call UncommonTrapBlob}
  0x000002cc972e8390: c5f8 77e8 

  0x000002cc972e8394: ; ImmutableOopMap {rbp=Oop [44]=NarrowOop [56]=Oop }
                      ;*checkcast {reexecute=0 rethrow=0 return_oop=0}
                      ; - net.minecraft.client.Minecraft::wrapOperation$eef000$sodiumextras$redirect$isRecording@36 (line 18935)
                      ; - net.minecraft.client.Minecraft::m_91383_@303 (line 1126)
  0x000002cc972e8394: 68e5 94fb | bade ffff | ff48 8974 | 2428 6690 

  0x000002cc972e83a4: ;   {runtime_call UncommonTrapBlob}
  0x000002cc972e83a4: c5f8 77e8 

  0x000002cc972e83a8: ; ImmutableOopMap {rbp=NarrowOop [40]=Oop [56]=Oop [64]=Oop }
                      ;*checkcast {reexecute=0 rethrow=0 return_oop=0}
                      ; - net.minecraft.client.Minecraft::m_91383_@1055 (line 1214)
  0x000002cc972e83a8: 54e5 94fb | bade ffff | ff49 8bee | 448b 5c24 | 2844 895c | 2420 4489 | 5424 2490 

  0x000002cc972e83c4: ;   {runtime_call UncommonTrapBlob}
  0x000002cc972e83c4: c5f8 77e8 

  0x000002cc972e83c8: ; ImmutableOopMap {rbp=Oop [36]=NarrowOop }
                      ;*checkcast {reexecute=0 rethrow=0 return_oop=0}
                      ; - net.minecraft.client.Minecraft::m_91383_@92 (line 1099)
  0x000002cc972e83c8: 34e5 94fb | bade ffff | ff49 8bea | 4c8b 5424 | 384c 8954 | 2420 448b | 4424 3044 | 8944 2428 
  0x000002cc972e83e8: 4889 4424 | 3044 895c | 242c 4489 | 4c24 3848 | 897c 2440 

  0x000002cc972e83fc: ;   {runtime_call UncommonTrapBlob}
  0x000002cc972e83fc: c5f8 77e8 

  0x000002cc972e8400: ; ImmutableOopMap {rbp=Oop [44]=NarrowOop [64]=Oop }
                      ;*checkcast {reexecute=0 rethrow=0 return_oop=0}
                      ; - org.lwjgl.system.MemoryStack::stackGet@6 (line 875)
                      ; - org.lwjgl.opengl.GL15C::glGetQueryObjecti@0 (line 970)
                      ; - com.mojang.blaze3d.systems.TimerQuery$FrameProfile::m_231150_@21 (line 71)
                      ; - net.minecraft.client.Minecraft::m_91383_@331 (line 1130)
  0x000002cc972e8400: fce4 94fb | bade ffff | ff48 8b6c | 2420 4c8b | 5c24 384c | 895c 2420 | 448b 5c24 | 3044 895c 
  0x000002cc972e8420: 2428 4489 | 4c24 3844 | 8944 243c | 4c89 5424 | 4066 6690 

  0x000002cc972e8434: ;   {runtime_call UncommonTrapBlob}
  0x000002cc972e8434: c5f8 77e8 

  0x000002cc972e8438: ; ImmutableOopMap {rbp=Oop [56]=NarrowOop [64]=Oop }
                      ;*checkcast {reexecute=0 rethrow=0 return_oop=0}
                      ; - org.lwjgl.system.MemoryStack::stackGet@6 (line 875)
                      ; - org.lwjgl.opengl.GL33C::glGetQueryObjecti64@0 (line 607)
                      ; - org.lwjgl.opengl.ARBTimerQuery::glGetQueryObjecti64@2 (line 95)
                      ; - com.mojang.blaze3d.systems.TimerQuery$FrameProfile::m_231150_@34 (line 72)
                      ; - net.minecraft.client.Minecraft::m_91383_@331 (line 1130)
  0x000002cc972e8438: c4e4 94fb | bade ffff | ff49 8bee | 448b 5c24 | 2844 895c | 2420 4489 | 5424 2490 

  0x000002cc972e8454: ;   {runtime_call UncommonTrapBlob}
  0x000002cc972e8454: c5f8 77e8 

  0x000002cc972e8458: ; ImmutableOopMap {rbp=Oop [36]=NarrowOop }
                      ;*checkcast {reexecute=0 rethrow=0 return_oop=0}
                      ; - net.minecraft.client.Minecraft::m_91383_@92 (line 1099)
  0x000002cc972e8458: a4e4 94fb | ba66 ffff | ff4c 8b54 | 2438 4c89 | 5424 2044 | 8b5c 2430 | 4489 5c24 | 2848 8944 
  0x000002cc972e8478: 2430 894c | 2438 6690 

  0x000002cc972e8480: ;   {runtime_call UncommonTrapBlob}
  0x000002cc972e8480: c5f8 77e8 

  0x000002cc972e8484: ; ImmutableOopMap {rbp=Oop [56]=NarrowOop }
                      ;*checkcast {reexecute=0 rethrow=0 return_oop=0}
                      ; - net.minecraft.client.Minecraft::mixinextras$bridge$m_142763_$359@14
                      ; - net.minecraft.client.Minecraft$$Lambda$40281/0x000002ccb9e5ac20::call@1
                      ; - net.minecraft.client.Minecraft::wrapOperation$eef000$sodiumextras$redirect$isRecording@16 (line 18935)
                      ; - net.minecraft.client.Minecraft::m_91383_@303 (line 1126)
  0x000002cc972e8484: 78e4 94fb | 448b 5008 | 49bb 0000 | 00b3 cc02 | 0000 4d03 | da4d 8b53 

  0x000002cc972e849c: ;   {metadata('java/lang/Exception')}
  0x000002cc972e849c: 4049 bbd8 | 0402 b3cc | 0200 004d | 3bd3 753d | 488b f04c | 8bd5 458b | 5a10 498b | fb48 c1e7 
  0x000002cc972e84bc: ;   {oop(a 'org/apache/logging/slf4j/Log4jLogger'{0x000000061b89e568})}
  0x000002cc972e84bc: 0348 ba68 | e589 1b06 

  0x000002cc972e84c4: ;   {oop(a 'org/apache/logging/slf4j/Log4jMarker'{0x00000005e9da3090})}
  0x000002cc972e84c4: 0000 0049 | b890 30da | e905 0000 

  0x000002cc972e84d0: ;   {oop("Error executing task on {}"{0x0000000670b94400})}
  0x000002cc972e84d0: 0049 b900 | 44b9 7006 | 0000 0090 

  0x000002cc972e84dc: ;   {optimized virtual_call}
  0x000002cc972e84dc: c5f8 77e8 

  0x000002cc972e84e0: ; ImmutableOopMap {rbp=Oop [32]=Oop }
                      ;*invokeinterface error {reexecute=0 rethrow=0 return_oop=0}
                      ; - net.minecraft.util.thread.BlockableEventLoop::m_6367_@23 (line 158)
                      ; - net.minecraft.util.thread.ReentrantBlockableEventLoop::m_6367_@12 (line 23)
                      ; - net.minecraft.util.thread.BlockableEventLoop::m_7245_@49 (line 130)
                      ; - net.minecraft.util.thread.BlockableEventLoop::m_18699_@1 (line 115)
                      ; - net.minecraft.client.Minecraft::m_91383_@140 (line 1106)
  0x000002cc972e84e0: 9c8e 94fb | e933 acff | ff4c 8bd5 | 41ff 4a18 | e920 d9ff | ffba f6ff | ffff 6690 

  0x000002cc972e84fc: ;   {runtime_call UncommonTrapBlob}
  0x000002cc972e84fc: c5f8 77e8 

  0x000002cc972e8500: ; ImmutableOopMap {}
                      ;*getfield item {reexecute=1 rethrow=0 return_oop=0}
                      ; - (reexecute) java.util.concurrent.ConcurrentLinkedQueue::poll@8 (line 387)
                      ; - net.minecraft.client.Minecraft::m_91383_@87 (line 1099)
  0x000002cc972e8500: fce3 94fb | baf6 ffff | ff66 6690 

  0x000002cc972e850c: ;   {runtime_call UncommonTrapBlob}
  0x000002cc972e850c: c5f8 77e8 

  0x000002cc972e8510: ; ImmutableOopMap {}
                      ;*getfield item {reexecute=1 rethrow=0 return_oop=0}
                      ; - (reexecute) java.util.concurrent.ConcurrentLinkedQueue::poll@8 (line 387)
                      ; - java.util.AbstractQueue::remove@1 (line 113)
                      ; - net.minecraft.util.thread.BlockableEventLoop::m_7245_@41 (line 130)
                      ; - net.minecraft.util.thread.BlockableEventLoop::m_18699_@1 (line 115)
                      ; - net.minecraft.client.Minecraft::m_91383_@140 (line 1106)
  0x000002cc972e8510: ece3 94fb | baf6 ffff | ff66 6690 

  0x000002cc972e851c: ;   {runtime_call UncommonTrapBlob}
  0x000002cc972e851c: c5f8 77e8 

  0x000002cc972e8520: ; ImmutableOopMap {}
                      ;*invokeinterface run {reexecute=0 rethrow=0 return_oop=0}
                      ; - net.minecraft.client.Minecraft::m_91383_@103 (line 1100)
  0x000002cc972e8520: dce3 94fb | baf6 ffff | ff66 6690 

  0x000002cc972e852c: ;   {runtime_call UncommonTrapBlob}
  0x000002cc972e852c: c5f8 77e8 

  0x000002cc972e8530: ; ImmutableOopMap {}
                      ;*invokeinterface poll {reexecute=0 rethrow=0 return_oop=0}
                      ; - net.minecraft.client.Minecraft::m_91383_@87 (line 1099)
  0x000002cc972e8530: cce3 94fb | baf6 ffff | ff66 6690 

  0x000002cc972e853c: ;   {runtime_call UncommonTrapBlob}
  0x000002cc972e853c: c5f8 77e8 

  0x000002cc972e8540: ; ImmutableOopMap {}
                      ;*invokeinterface peek {reexecute=0 rethrow=0 return_oop=0}
                      ; - net.minecraft.util.thread.BlockableEventLoop::m_7245_@4 (line 121)
                      ; - net.minecraft.util.thread.BlockableEventLoop::m_18699_@1 (line 115)
                      ; - net.minecraft.client.Minecraft::m_91383_@140 (line 1106)
  0x000002cc972e8540: bce3 94fb | baf6 ffff | ff66 6690 

  0x000002cc972e854c: ;   {runtime_call UncommonTrapBlob}
  0x000002cc972e854c: c5f8 77e8 

  0x000002cc972e8550: ; ImmutableOopMap {}
                      ;*getfield item {reexecute=1 rethrow=0 return_oop=0}
                      ; - (reexecute) java.util.concurrent.ConcurrentLinkedQueue::peek@8 (line 408)
                      ; - net.minecraft.util.thread.BlockableEventLoop::m_7245_@4 (line 121)
                      ; - net.minecraft.util.thread.BlockableEventLoop::m_18699_@1 (line 115)
                      ; - net.minecraft.client.Minecraft::m_91383_@140 (line 1106)
  0x000002cc972e8550: ace3 94fb | baf6 ffff | ff66 6690 

  0x000002cc972e855c: ;   {runtime_call UncommonTrapBlob}
  0x000002cc972e855c: c5f8 77e8 

  0x000002cc972e8560: ; ImmutableOopMap {}
                      ;*invokeinterface remove {reexecute=0 rethrow=0 return_oop=0}
                      ; - net.minecraft.util.thread.BlockableEventLoop::m_7245_@41 (line 130)
                      ; - net.minecraft.util.thread.BlockableEventLoop::m_18699_@1 (line 115)
                      ; - net.minecraft.client.Minecraft::m_91383_@140 (line 1106)
  0x000002cc972e8560: 9ce3 94fb | e9ac d8ff | ffe9 a7d8 | ffff e9a2 | d8ff ffe9 | 9dd8 ffff | e998 d8ff | ffe9 93d8 
  0x000002cc972e8580: ffff e98e | d8ff ff44 | 8b58 0849 | ba00 0000 | b3cc 0200 | 004d 03d3 | 4d8b 5240 

  0x000002cc972e859c: ;   {metadata('java/lang/Exception')}
  0x000002cc972e859c: 49bb d804 | 02b3 cc02 | 0000 4d3b | d375 3a48 | 8bf0 448b | 5510 498b | fa48 c1e7 

  0x000002cc972e85b8: ;   {oop(a 'org/apache/logging/slf4j/Log4jLogger'{0x000000061b89e568})}
  0x000002cc972e85b8: 0348 ba68 | e589 1b06 

  0x000002cc972e85c0: ;   {oop(a 'org/apache/logging/slf4j/Log4jMarker'{0x00000005e9da3090})}
  0x000002cc972e85c0: 0000 0049 | b890 30da | e905 0000 

  0x000002cc972e85cc: ;   {oop("Error executing task on {}"{0x0000000670b94400})}
  0x000002cc972e85cc: 0049 b900 | 44b9 7006 | 0000 0090 

  0x000002cc972e85d8: ;   {optimized virtual_call}
  0x000002cc972e85d8: c5f8 77e8 

  0x000002cc972e85dc: ; ImmutableOopMap {rbp=Oop [32]=Oop }
                      ;*invokeinterface error {reexecute=0 rethrow=0 return_oop=0}
                      ; - net.minecraft.util.thread.BlockableEventLoop::m_6367_@23 (line 158)
                      ; - net.minecraft.util.thread.ReentrantBlockableEventLoop::m_6367_@12 (line 23)
                      ; - net.minecraft.util.thread.BlockableEventLoop::m_7245_@49 (line 130)
                      ; - net.minecraft.util.thread.BlockableEventLoop::m_18699_@1 (line 115)
                      ; - net.minecraft.client.Minecraft::m_91383_@140 (line 1106)
  0x000002cc972e85dc: a08d 94fb | e973 aaff | ffff 4d18 | e928 d8ff | ffba f6ff | ffff 6690 

  0x000002cc972e85f4: ;   {runtime_call UncommonTrapBlob}
  0x000002cc972e85f4: c5f8 77e8 

  0x000002cc972e85f8: ; ImmutableOopMap {}
                      ;*getfield item {reexecute=1 rethrow=0 return_oop=0}
                      ; - (reexecute) java.util.concurrent.ConcurrentLinkedQueue::poll@8 (line 387)
                      ; - net.minecraft.client.Minecraft::m_91383_@87 (line 1099)
  0x000002cc972e85f8: 04e3 94fb | baf6 ffff | ff66 6690 

  0x000002cc972e8604: ;   {runtime_call UncommonTrapBlob}
  0x000002cc972e8604: c5f8 77e8 

  0x000002cc972e8608: ; ImmutableOopMap {}
                      ;*getfield item {reexecute=1 rethrow=0 return_oop=0}
                      ; - (reexecute) java.util.concurrent.ConcurrentLinkedQueue::poll@8 (line 387)
                      ; - java.util.AbstractQueue::remove@1 (line 113)
                      ; - net.minecraft.util.thread.BlockableEventLoop::m_7245_@41 (line 130)
                      ; - net.minecraft.util.thread.BlockableEventLoop::m_18699_@1 (line 115)
                      ; - net.minecraft.client.Minecraft::m_91383_@140 (line 1106)
  0x000002cc972e8608: f4e2 94fb | baf6 ffff | ff66 6690 

  0x000002cc972e8614: ;   {runtime_call UncommonTrapBlob}
  0x000002cc972e8614: c5f8 77e8 

  0x000002cc972e8618: ; ImmutableOopMap {}
                      ;*invokevirtual m_91307_ {reexecute=0 rethrow=0 return_oop=0}
                      ; - net.minecraft.client.Minecraft::handler$zlh000$embeddium$preRender@3 (line 33455)
                      ; - net.minecraft.client.Minecraft::m_91383_@3
  0x000002cc972e8618: e4e2 94fb | baf6 ffff | ff66 6690 

  0x000002cc972e8624: ;   {runtime_call UncommonTrapBlob}
  0x000002cc972e8624: c5f8 77e8 

  0x000002cc972e8628: ; ImmutableOopMap {}
                      ;*invokeinterface m_6180_ {reexecute=0 rethrow=0 return_oop=0}
                      ; - net.minecraft.client.Minecraft::handler$zlh000$embeddium$preRender@11 (line 33456)
                      ; - net.minecraft.client.Minecraft::m_91383_@3
  0x000002cc972e8628: d4e2 94fb | baf6 ffff | ff66 6690 

  0x000002cc972e8634: ;   {runtime_call UncommonTrapBlob}
  0x000002cc972e8634: c5f8 77e8 

  0x000002cc972e8638: ; ImmutableOopMap {}
                      ;*invokevirtual size {reexecute=0 rethrow=0 return_oop=0}
                      ; - net.minecraft.client.Minecraft::handler$zlh000$embeddium$preRender@20 (line 33458)
                      ; - net.minecraft.client.Minecraft::m_91383_@3
  0x000002cc972e8638: c4e2 94fb | baf6 ffff | ff66 6690 

  0x000002cc972e8644: ;   {runtime_call UncommonTrapBlob}
  0x000002cc972e8644: c5f8 77e8 

  0x000002cc972e8648: ; ImmutableOopMap {}
                      ;*getfield cpuRenderAheadLimit {reexecute=1 rethrow=0 return_oop=0}
                      ; - (reexecute) net.minecraft.client.Minecraft::handler$zlh000$embeddium$preRender@29 (line 33458)
                      ; - net.minecraft.client.Minecraft::m_91383_@3
  0x000002cc972e8648: b4e2 94fb | baf6 ffff | ff66 6690 

  0x000002cc972e8654: ;   {runtime_call UncommonTrapBlob}
  0x000002cc972e8654: c5f8 77e8 

  0x000002cc972e8658: ; ImmutableOopMap {}
                      ;*invokevirtual dequeueLong {reexecute=0 rethrow=0 return_oop=0}
                      ; - net.minecraft.client.Minecraft::handler$zlh000$embeddium$preRender@39 (line 33459)
                      ; - net.minecraft.client.Minecraft::m_91383_@3
  0x000002cc972e8658: a4e2 94fb | baf6 ffff | ff41 8be8 

  0x000002cc972e8664: ;   {runtime_call UncommonTrapBlob}
  0x000002cc972e8664: c5f8 77e8 

  0x000002cc972e8668: ; ImmutableOopMap {}
                      ;*laload {reexecute=0 rethrow=0 return_oop=0}
                      ; - it.unimi.dsi.fastutil.longs.LongArrayFIFOQueue::dequeueLong@27 (line 86)
                      ; - net.minecraft.client.Minecraft::handler$zlh000$embeddium$preRender@39 (line 33459)
                      ; - net.minecraft.client.Minecraft::m_91383_@3
  0x000002cc972e8668: 94e2 94fb | baf6 ffff | ff66 6690 

  0x000002cc972e8674: ;   {runtime_call UncommonTrapBlob}
  0x000002cc972e8674: c5f8 77e8 

  0x000002cc972e8678: ; ImmutableOopMap {}
                      ;*invokeinterface getAsLong {reexecute=0 rethrow=0 return_oop=0}
                      ; - net.minecraft.Util::m_137569_@3 (line 119)
                      ; - net.minecraft.client.Minecraft::m_91383_@22 (line 1085)
  0x000002cc972e8678: 84e2 94fb | baf6 ffff | ff66 6690 

  0x000002cc972e8684: ;   {runtime_call UncommonTrapBlob}
  0x000002cc972e8684: c5f8 77e8 

  0x000002cc972e8688: ; ImmutableOopMap {}
                      ;*invokeinterface getAsLong {reexecute=0 rethrow=0 return_oop=0}
                      ; - com.mojang.blaze3d.systems.RenderSystem$$Lambda$6915/0x000002ccb533e208::getAsLong@4
                      ; - net.minecraft.Util::m_137569_@3 (line 119)
                      ; - net.minecraft.client.Minecraft::m_91383_@22 (line 1085)
  0x000002cc972e8688: 74e2 94fb | baf6 ffff | ff66 6690 

  0x000002cc972e8694: ;   {runtime_call UncommonTrapBlob}
  0x000002cc972e8694: c5f8 77e8 

  0x000002cc972e8698: ; ImmutableOopMap {}
                      ;*invokevirtual size {reexecute=0 rethrow=0 return_oop=0}
                      ; - net.minecraft.client.Minecraft::handler$zlh000$embeddium$preRender@20 (line 33458)
                      ; - net.minecraft.client.Minecraft::m_91383_@3
  0x000002cc972e8698: 64e2 94fb | baf6 ffff | ff66 6690 

  0x000002cc972e86a4: ;   {runtime_call UncommonTrapBlob}
  0x000002cc972e86a4: c5f8 77e8 

  0x000002cc972e86a8: ; ImmutableOopMap {}
                      ;*getfield cpuRenderAheadLimit {reexecute=1 rethrow=0 return_oop=0}
                      ; - (reexecute) net.minecraft.client.Minecraft::handler$zlh000$embeddium$preRender@29 (line 33458)
                      ; - net.minecraft.client.Minecraft::m_91383_@3
  0x000002cc972e86a8: 54e2 94fb | baf6 ffff | ff66 6690 

  0x000002cc972e86b4: ;   {runtime_call UncommonTrapBlob}
  0x000002cc972e86b4: c5f8 77e8 

  0x000002cc972e86b8: ; ImmutableOopMap {}
                      ;*invokevirtual m_85411_ {reexecute=0 rethrow=0 return_oop=0}
                      ; - net.minecraft.client.Minecraft::m_91383_@30 (line 1086)
  0x000002cc972e86b8: 44e2 94fb | baf6 ffff | ff66 6690 

  0x000002cc972e86c4: ;   {runtime_call UncommonTrapBlob}
  0x000002cc972e86c4: c5f8 77e8 

  0x000002cc972e86c8: ; ImmutableOopMap {}
                      ;*invokeinterface poll {reexecute=0 rethrow=0 return_oop=0}
                      ; - net.minecraft.client.Minecraft::m_91383_@87 (line 1099)
  0x000002cc972e86c8: 34e2 94fb | baf6 ffff | ff66 6690 

  0x000002cc972e86d4: ;   {runtime_call UncommonTrapBlob}
  0x000002cc972e86d4: c5f8 77e8 

  0x000002cc972e86d8: ; ImmutableOopMap {}
                      ;*invokeinterface getAsLong {reexecute=0 rethrow=0 return_oop=0}
                      ; - net.minecraft.Util::m_137569_@3 (line 119)
                      ; - net.minecraft.Util::m_137550_@0 (line 115)
                      ; - net.minecraft.client.Minecraft::m_91383_@119 (line 1104)
  0x000002cc972e86d8: 24e2 94fb | baf6 ffff | ff66 6690 

  0x000002cc972e86e4: ;   {runtime_call UncommonTrapBlob}
  0x000002cc972e86e4: c5f8 77e8 

  0x000002cc972e86e8: ; ImmutableOopMap {}
                      ;*invokeinterface getAsLong {reexecute=0 rethrow=0 return_oop=0}
                      ; - com.mojang.blaze3d.systems.RenderSystem$$Lambda$6915/0x000002ccb533e208::getAsLong@4
                      ; - net.minecraft.Util::m_137569_@3 (line 119)
                      ; - net.minecraft.Util::m_137550_@0 (line 115)
                      ; - net.minecraft.client.Minecraft::m_91383_@119 (line 1104)
  0x000002cc972e86e8: 14e2 94fb | baf6 ffff | ff49 8be8 

  0x000002cc972e86f4: ;   {runtime_call UncommonTrapBlob}
  0x000002cc972e86f4: c5f8 77e8 

  0x000002cc972e86f8: ; ImmutableOopMap {}
                      ;*invokevirtual m_92525_ {reexecute=0 rethrow=0 return_oop=0}
                      ; - net.minecraft.client.Minecraft::m_91383_@122 (line 1104)
  0x000002cc972e86f8: 04e2 94fb | baf6 ffff | ff66 6690 

  0x000002cc972e8704: ;   {runtime_call UncommonTrapBlob}
  0x000002cc972e8704: c5f8 77e8 

  0x000002cc972e8708: ; ImmutableOopMap {}
                      ;*invokeinterface m_6180_ {reexecute=0 rethrow=0 return_oop=0}
                      ; - net.minecraft.client.Minecraft::m_91383_@134 (line 1105)
  0x000002cc972e8708: f4e1 94fb | baf6 ffff | ff66 6690 

  0x000002cc972e8714: ;   {runtime_call UncommonTrapBlob}
  0x000002cc972e8714: c5f8 77e8 

  0x000002cc972e8718: ; ImmutableOopMap {}
                      ;*invokeinterface peek {reexecute=0 rethrow=0 return_oop=0}
                      ; - net.minecraft.util.thread.BlockableEventLoop::m_7245_@4 (line 121)
                      ; - net.minecraft.util.thread.BlockableEventLoop::m_18699_@1 (line 115)
                      ; - net.minecraft.client.Minecraft::m_91383_@140 (line 1106)
  0x000002cc972e8718: e4e1 94fb | baf6 ffff | ff66 6690 

  0x000002cc972e8724: ;   {runtime_call UncommonTrapBlob}
  0x000002cc972e8724: c5f8 77e8 

  0x000002cc972e8728: ; ImmutableOopMap {}
                      ;*getfield item {reexecute=1 rethrow=0 return_oop=0}
                      ; - (reexecute) java.util.concurrent.ConcurrentLinkedQueue::peek@8 (line 408)
                      ; - net.minecraft.util.thread.BlockableEventLoop::m_7245_@4 (line 121)
                      ; - net.minecraft.util.thread.BlockableEventLoop::m_18699_@1 (line 115)
                      ; - net.minecraft.client.Minecraft::m_91383_@140 (line 1106)
  0x000002cc972e8728: d4e1 94fb | baf6 ffff | ff66 6690 

  0x000002cc972e8734: ;   {runtime_call UncommonTrapBlob}
  0x000002cc972e8734: c5f8 77e8 

  0x000002cc972e8738: ; ImmutableOopMap {}
                      ;*invokeinterface remove {reexecute=0 rethrow=0 return_oop=0}
                      ; - net.minecraft.util.thread.BlockableEventLoop::m_7245_@41 (line 130)
                      ; - net.minecraft.util.thread.BlockableEventLoop::m_18699_@1 (line 115)
                      ; - net.minecraft.client.Minecraft::m_91383_@140 (line 1106)
  0x000002cc972e8738: c4e1 94fb | e9d4 d6ff | ffe9 cfd6 | ffff e9ca | d6ff ffe9 | c5d6 ffff | e9c0 d6ff | ffe9 bbd6 
  0x000002cc972e8758: ffff e9b6 | d6ff ffe9 | b1d6 ffff | e9ac d6ff | ffe9 a7d6 | ffff e9a2 | d6ff ffe9 | 9dd6 ffff 
  0x000002cc972e8778: e998 d6ff | ffe9 93d6 | ffff e98e | d6ff ffe9 | 89d6 ffff | e984 d6ff | ffe9 7fd6 | ffff e97a 
  0x000002cc972e8798: d6ff ffe9 | 75d6 ffff | e970 d6ff | ffe9 6bd6 | ffff e966 | d6ff ffe9 | 61d6 ffff | e95c d6ff 
  0x000002cc972e87b8: ffe9 57d6 | ffff e952 | d6ff ffe9 | 4dd6 ffff | e948 d6ff | ffe9 43d6 | ffff e93e | d6ff ffe9 
  0x000002cc972e87d8: 39d6 ffff | 488b e8eb | 0d48 8be8 | eb08 488b | e8eb 0348 | 8be8 4c8b | 5424 384c | 8954 2428 
  0x000002cc972e87f8: 488b 5424 | 4044 8b44 | 2434 4c8b | 5424 484c | 8954 2438 

  0x000002cc972e880c: ;   {optimized virtual_call}
  0x000002cc972e880c: c5f8 77e8 

  0x000002cc972e8810: ; ImmutableOopMap {rbp=Oop [32]=Oop [80]=Oop }
                      ;*invokevirtual setPointer {reexecute=0 rethrow=0 return_oop=0}
                      ; - org.lwjgl.opengl.GL33C::glGetQueryObjecti64@46 (line 613)
                      ; - org.lwjgl.opengl.ARBTimerQuery::glGetQueryObjecti64@2 (line 95)
                      ; - com.mojang.blaze3d.systems.TimerQuery$FrameProfile::m_231150_@34 (line 72)
                      ; - net.minecraft.client.Minecraft::m_91383_@331 (line 1130)
  0x000002cc972e8810: 6c8b 94fb | 488b c5e9 | f9d5 ffff | e9f4 d5ff | ffe9 efd5 | ffff baf6 | ffff ff90 

  0x000002cc972e882c: ;   {runtime_call UncommonTrapBlob}
  0x000002cc972e882c: c5f8 77e8 

  0x000002cc972e8830: ; ImmutableOopMap {}
                      ;*invokeinterface m_6180_ {reexecute=0 rethrow=0 return_oop=0}
                      ; - net.minecraft.client.Minecraft::m_91383_@234 (line 1120)
  0x000002cc972e8830: cce0 94fb | baf6 ffff | ff66 6690 

  0x000002cc972e883c: ;   {runtime_call UncommonTrapBlob}
  0x000002cc972e883c: c5f8 77e8 

  0x000002cc972e8840: ; ImmutableOopMap {}
                      ;*invokevirtual m_109153_ {reexecute=0 rethrow=0 return_oop=0}
                      ; - net.minecraft.client.Minecraft::m_91383_@247 (line 1121)
  0x000002cc972e8840: bce0 94fb | baf6 ffff | ff41 8be9 

  0x000002cc972e884c: ;   {runtime_call UncommonTrapBlob}
  0x000002cc972e884c: c5f8 77e8 

  0x000002cc972e8850: ; ImmutableOopMap {rbp=NarrowOop }
                      ;*invokevirtual m_120361_ {reexecute=0 rethrow=0 return_oop=0}
                      ; - net.minecraft.client.Minecraft::m_91383_@250 (line 1121)
  0x000002cc972e8850: ace0 94fb | baf6 ffff | ff41 8be9 

  0x000002cc972e885c: ;   {runtime_call UncommonTrapBlob}
  0x000002cc972e885c: c5f8 77e8 

  0x000002cc972e8860: ; ImmutableOopMap {rbp=NarrowOop }
                      ;*invokevirtual m_120270_ {reexecute=0 rethrow=0 return_oop=0}
                      ; - net.minecraft.client.sounds.SoundManager::m_120361_@5 (line 256)
                      ; - net.minecraft.client.Minecraft::m_91383_@250 (line 1121)
  0x000002cc972e8860: 9ce0 94fb | baf6 ffff | ff66 6690 

  0x000002cc972e886c: ;   {runtime_call UncommonTrapBlob}
  0x000002cc972e886c: c5f8 77e8 

  0x000002cc972e8870: ; ImmutableOopMap {}
                      ;*invokeinterface getAsLong {reexecute=0 rethrow=0 return_oop=0}
                      ; - net.minecraft.Util::m_137569_@3 (line 119)
                      ; - net.minecraft.client.Minecraft::m_91383_@274 (line 1124)
  0x000002cc972e8870: 8ce0 94fb | baf6 ffff | ff66 6690 

  0x000002cc972e887c: ;   {runtime_call UncommonTrapBlob}
  0x000002cc972e887c: c5f8 77e8 

  0x000002cc972e8880: ; ImmutableOopMap {}
                      ;*invokeinterface getAsLong {reexecute=0 rethrow=0 return_oop=0}
                      ; - com.mojang.blaze3d.systems.RenderSystem$$Lambda$6915/0x000002ccb533e208::getAsLong@4
                      ; - net.minecraft.Util::m_137569_@3 (line 119)
                      ; - net.minecraft.client.Minecraft::m_91383_@274 (line 1124)
  0x000002cc972e8880: 7ce0 94fb | baf6 ffff | ff66 6690 

  0x000002cc972e888c: ;   {runtime_call UncommonTrapBlob}
  0x000002cc972e888c: c5f8 77e8 

  0x000002cc972e8890: ; ImmutableOopMap {}
                      ;*getfield f_92063_ {reexecute=1 rethrow=0 return_oop=0}
                      ; - (reexecute) net.minecraft.client.Minecraft::m_91383_@283 (line 1126)
  0x000002cc972e8890: 6ce0 94fb | baf6 ffff | ff66 6690 

  0x000002cc972e889c: ;   {runtime_call UncommonTrapBlob}
  0x000002cc972e889c: c5f8 77e8 

  0x000002cc972e88a0: ; ImmutableOopMap {}
                      ;*invokeinterface m_6180_ {reexecute=0 rethrow=0 return_oop=0}
                      ; - net.minecraft.client.Minecraft::m_91383_@387 (line 1139)
  0x000002cc972e88a0: 5ce0 94fb | baf6 ffff | ff66 6690 

  0x000002cc972e88ac: ;   {runtime_call UncommonTrapBlob}
  0x000002cc972e88ac: c5f8 77e8 

  0x000002cc972e88b0: ; ImmutableOopMap {}
                      ;*invokeinterface m_7238_ {reexecute=0 rethrow=0 return_oop=0}
                      ; - net.minecraft.client.Minecraft::m_91383_@399 (line 1141)
  0x000002cc972e88b0: 4ce0 94fb | baf6 ffff | ff66 6690 

  0x000002cc972e88bc: ;   {runtime_call UncommonTrapBlob}
  0x000002cc972e88bc: c5f8 77e8 

  0x000002cc972e88c0: ; ImmutableOopMap {}
                      ;*invokeinterface m_6182_ {reexecute=0 rethrow=0 return_oop=0}
                      ; - net.minecraft.client.Minecraft::m_91383_@450 (line 1145)
  0x000002cc972e88c0: 3ce0 94fb | baf6 ffff | ff66 6690 

  0x000002cc972e88cc: ;   {runtime_call UncommonTrapBlob}
  0x000002cc972e88cc: c5f8 77e8 

  0x000002cc972e88d0: ; ImmutableOopMap {}
                      ;*invokeinterface m_7238_ {reexecute=0 rethrow=0 return_oop=0}
                      ; - net.minecraft.client.Minecraft::m_91383_@489 (line 1147)
  0x000002cc972e88d0: 2ce0 94fb | baf6 ffff | ff66 6690 

  0x000002cc972e88dc: ;   {runtime_call UncommonTrapBlob}
  0x000002cc972e88dc: c5f8 77e8 

  0x000002cc972e88e0: ; ImmutableOopMap {}
                      ;*invokeinterface m_6180_ {reexecute=0 rethrow=0 return_oop=0}
                      ; - net.minecraft.client.Minecraft::m_91383_@568 (line 1159)
  0x000002cc972e88e0: 1ce0 94fb | baf6 ffff | ff66 6690 

  0x000002cc972e88ec: ;   {runtime_call UncommonTrapBlob}
  0x000002cc972e88ec: c5f8 77e8 

  0x000002cc972e88f0: ; ImmutableOopMap {}
                      ;*invokevirtual m_85441_ {reexecute=0 rethrow=0 return_oop=0}
                      ; - net.minecraft.client.Minecraft::m_91383_@588 (line 1161)
  0x000002cc972e88f0: 0ce0 94fb | baf6 ffff | ff66 6690 

  0x000002cc972e88fc: ;   {runtime_call UncommonTrapBlob}
  0x000002cc972e88fc: c5f8 77e8 

  0x000002cc972e8900: ; ImmutableOopMap {}
                      ;*invokeinterface m_6182_ {reexecute=0 rethrow=0 return_oop=0}
                      ; - net.minecraft.client.Minecraft::m_91383_@635 (line 1169)
  0x000002cc972e8900: fcdf 94fb | baf6 ffff | ff66 6690 

  0x000002cc972e890c: ;   {runtime_call UncommonTrapBlob}
  0x000002cc972e890c: c5f8 77e8 

  0x000002cc972e8910: ; ImmutableOopMap {}
                      ;*invokeinterface m_6182_ {reexecute=0 rethrow=0 return_oop=0}
                      ; - net.minecraft.client.Minecraft::m_91383_@683 (line 1176)
  0x000002cc972e8910: ecdf 94fb | baf6 ffff | ff66 6690 

  0x000002cc972e891c: ;   {runtime_call UncommonTrapBlob}
  0x000002cc972e891c: c5f8 77e8 

  0x000002cc972e8920: ; ImmutableOopMap {}
                      ;*invokeinterface m_7238_ {reexecute=0 rethrow=0 return_oop=0}
                      ; - net.minecraft.client.Minecraft::m_91383_@696 (line 1178)
  0x000002cc972e8920: dcdf 94fb | baf6 ffff | ff66 6690 

  0x000002cc972e892c: ;   {runtime_call UncommonTrapBlob}
  0x000002cc972e892c: c5f8 77e8 

  0x000002cc972e8930: ; ImmutableOopMap {}
                      ;*invokeinterface m_6180_ {reexecute=0 rethrow=0 return_oop=0}
                      ; - net.minecraft.client.Minecraft::m_91383_@873 (line 1200)
  0x000002cc972e8930: ccdf 94fb | baf6 ffff | ff66 6690 

  0x000002cc972e893c: ;   {runtime_call UncommonTrapBlob}
  0x000002cc972e893c: c5f8 77e8 

  0x000002cc972e8940: ; ImmutableOopMap {}
                      ;*invokeinterface m_7238_ {reexecute=0 rethrow=0 return_oop=0}
                      ; - net.minecraft.client.Minecraft::m_91383_@1192 (line 1219)
  0x000002cc972e8940: bcdf 94fb | baf6 ffff | ff66 6690 

  0x000002cc972e894c: ;   {runtime_call UncommonTrapBlob}
  0x000002cc972e894c: c5f8 77e8 

  0x000002cc972e8950: ; ImmutableOopMap {}
                      ;*invokevirtual m_90593_ {reexecute=0 rethrow=0 return_oop=0}
                      ; - net.minecraft.client.sounds.SoundEngine::m_120270_@8 (line 475)
                      ; - net.minecraft.client.sounds.SoundManager::m_120361_@5 (line 256)
                      ; - net.minecraft.client.Minecraft::m_91383_@250 (line 1121)
  0x000002cc972e8950: acdf 94fb | e9bc d4ff | ffba f6ff | ffff 6690 

  0x000002cc972e8960: ;   {runtime_call UncommonTrapBlob}
  0x000002cc972e8960: c5f8 77e8 

  0x000002cc972e8964: ; ImmutableOopMap {}
                      ;*getfield f_92518_ {reexecute=1 rethrow=0 return_oop=0}
                      ; - (reexecute) net.minecraft.client.Minecraft::m_91383_@430 (line 1143)
  0x000002cc972e8964: 98df 94fb | baf6 ffff | ff66 6690 

  0x000002cc972e8970: ;   {runtime_call UncommonTrapBlob}
  0x000002cc972e8970: c5f8 77e8 

  0x000002cc972e8974: ; ImmutableOopMap {}
                      ;*getfield f_92518_ {reexecute=1 rethrow=0 return_oop=0}
                      ; - (reexecute) net.minecraft.client.Minecraft::m_91383_@477 (line 1146)
  0x000002cc972e8974: 88df 94fb | baf6 ffff | ff49 8be8 

  0x000002cc972e8980: ;   {runtime_call UncommonTrapBlob}
  0x000002cc972e8980: c5f8 77e8 

  0x000002cc972e8984: ; ImmutableOopMap {rbp=Oop }
                      ;*invokevirtual execute {reexecute=0 rethrow=0 return_oop=0}
                      ; - net.minecraft.client.sounds.SoundEngine::m_120270_@44 (line 479)
                      ; - net.minecraft.client.sounds.SoundManager::m_120361_@5 (line 256)
                      ; - net.minecraft.client.Minecraft::m_91383_@250 (line 1121)
  0x000002cc972e8984: 78df 94fb | ba5c ffff | ff44 8b54 | 2430 4489 | 5424 2848 | 8944 2430 | 894c 242c 

  0x000002cc972e89a0: ;   {runtime_call UncommonTrapBlob}
  0x000002cc972e89a0: c5f8 77e8 

  0x000002cc972e89a4: ; ImmutableOopMap {rbp=Oop [44]=NarrowOop }
                      ;*checkcast {reexecute=0 rethrow=0 return_oop=0}
                      ; - net.minecraft.client.Minecraft::mixinextras$bridge$m_142763_$359@14
                      ; - net.minecraft.client.Minecraft$$Lambda$40281/0x000002ccb9e5ac20::call@1
                      ; - net.minecraft.client.Minecraft::wrapOperation$eef000$sodiumextras$redirect$isRecording@16 (line 18935)
                      ; - net.minecraft.client.Minecraft::m_91383_@303 (line 1126)
  0x000002cc972e89a4: 58df 94fb | e968 d4ff | ffba f4ff | ffff 498b | ea44 8b5c | 2430 4489 | 5c24 2848 | 8944 2430 
  0x000002cc972e89c4: 894c 242c 

  0x000002cc972e89c8: ;   {runtime_call UncommonTrapBlob}
  0x000002cc972e89c8: c5f8 77e8 

  0x000002cc972e89cc: ; ImmutableOopMap {rbp=Oop [44]=NarrowOop }
                      ;*checkcast {reexecute=0 rethrow=0 return_oop=0}
                      ; - net.minecraft.client.Minecraft::wrapOperation$eef000$sodiumextras$redirect$isRecording@36 (line 18935)
                      ; - net.minecraft.client.Minecraft::m_91383_@303 (line 1126)
  0x000002cc972e89cc: 30df 94fb | baf4 ffff | ff49 8bea | 4c8b 5424 | 384c 8954 | 2420 448b | 5424 3044 | 8954 2428 
  0x000002cc972e89ec: 4889 4424 | 3044 895c | 242c 4489 | 4c24 3890 

  0x000002cc972e89fc: ;   {runtime_call UncommonTrapBlob}
  0x000002cc972e89fc: c5f8 77e8 

  0x000002cc972e8a00: ; ImmutableOopMap {rbp=Oop [44]=NarrowOop }
                      ;*checkcast {reexecute=0 rethrow=0 return_oop=0}
                      ; - org.lwjgl.system.MemoryStack::stackGet@6 (line 875)
                      ; - org.lwjgl.opengl.GL15C::glGetQueryObjecti@0 (line 970)
                      ; - com.mojang.blaze3d.systems.TimerQuery$FrameProfile::m_231150_@21 (line 71)
                      ; - net.minecraft.client.Minecraft::m_91383_@331 (line 1130)
  0x000002cc972e8a00: fcde 94fb | baf6 ffff | ff49 8bea | 4c8b 5424 | 384c 8954 | 2420 448b | 4424 3044 | 8944 2428 
  0x000002cc972e8a20: 4889 4424 | 3044 895c | 242c 4489 | 4c24 3890 

  0x000002cc972e8a30: ;   {runtime_call UncommonTrapBlob}
  0x000002cc972e8a30: c5f8 77e8 

  0x000002cc972e8a34: ; ImmutableOopMap {rbp=Oop [44]=NarrowOop }
                      ;*arraylength {reexecute=0 rethrow=0 return_oop=0}
                      ; - java.lang.ThreadLocal$ThreadLocalMap::getEntry@8 (line 434)
                      ; - java.lang.ThreadLocal::get@16 (line 165)
                      ; - org.lwjgl.system.MemoryStack::stackGet@3 (line 875)
                      ; - org.lwjgl.opengl.GL15C::glGetQueryObjecti@0 (line 970)
                      ; - com.mojang.blaze3d.systems.TimerQuery$FrameProfile::m_231150_@21 (line 71)
                      ; - net.minecraft.client.Minecraft::m_91383_@331 (line 1130)
  0x000002cc972e8a34: c8de 94fb | baf6 ffff | ff49 8be8 

  0x000002cc972e8a40: ;   {runtime_call UncommonTrapBlob}
  0x000002cc972e8a40: c5f8 77e8 

  0x000002cc972e8a44: ; ImmutableOopMap {rbp=Oop }
                      ;*invokeinterface add {reexecute=0 rethrow=0 return_oop=0}
                      ; - net.minecraft.util.thread.BlockableEventLoop::m_6937_@5 (line 93)
                      ; - net.minecraft.util.thread.BlockableEventLoop::execute@13 (line 100)
                      ; - net.minecraft.client.sounds.SoundEngine::m_120270_@44 (line 479)
                      ; - net.minecraft.client.sounds.SoundManager::m_120361_@5 (line 256)
                      ; - net.minecraft.client.Minecraft::m_91383_@250 (line 1121)
  0x000002cc972e8a44: b8de 94fb | e9c8 d3ff | ffe9 c3d3 | ffff e9be | d3ff ffe9 | b9d3 ffff | e9b4 d3ff | ffba f6ff 
  0x000002cc972e8a64: ffff 418b | e989 7c24 | 2044 895c | 2424 6690 

  0x000002cc972e8a74: ;   {runtime_call UncommonTrapBlob}
  0x000002cc972e8a74: c5f8 77e8 

  0x000002cc972e8a78: ; ImmutableOopMap {rbp=NarrowOop [32]=NarrowOop [36]=NarrowOop }
                      ;*invokevirtual m_252595_ {reexecute=0 rethrow=0 return_oop=0}
                      ; - net.minecraft.client.sounds.SoundEngine$$Lambda$58389/0x000002ccbb3d7c28::run@16
                      ; - net.minecraft.util.thread.BlockableEventLoop::execute@20 (line 102)
                      ; - net.minecraft.client.sounds.SoundEngine::m_120270_@44 (line 479)
                      ; - net.minecraft.client.sounds.SoundManager::m_120361_@5 (line 256)
                      ; - net.minecraft.client.Minecraft::m_91383_@250 (line 1121)
  0x000002cc972e8a78: 84de 94fb | baf6 ffff | ff66 6690 

  0x000002cc972e8a84: ;   {runtime_call UncommonTrapBlob}
  0x000002cc972e8a84: c5f8 77e8 

  0x000002cc972e8a88: ; ImmutableOopMap {}
                      ;*getfield f_82479_ {reexecute=1 rethrow=0 return_oop=0}
                      ; - (reexecute) com.mojang.blaze3d.audio.Listener::m_83739_@9 (line 13)
                      ; - net.minecraft.client.sounds.SoundEngine::m_252595_@5 (line 480)
                      ; - net.minecraft.client.sounds.SoundEngine$$Lambda$58389/0x000002ccbb3d7c28::run@16
                      ; - net.minecraft.util.thread.BlockableEventLoop::execute@20 (line 102)
                      ; - net.minecraft.client.sounds.SoundEngine::m_120270_@44 (line 479)
                      ; - net.minecraft.client.sounds.SoundManager::m_120361_@5 (line 256)
                      ; - net.minecraft.client.Minecraft::m_91383_@250 (line 1121)
  0x000002cc972e8a88: 74de 94fb | baf6 ffff | ff66 6690 

  0x000002cc972e8a94: ;   {runtime_call UncommonTrapBlob}
  0x000002cc972e8a94: c5f8 77e8 

  0x000002cc972e8a98: ; ImmutableOopMap {}
                      ;*invokeinterface get {reexecute=0 rethrow=0 return_oop=0}
                      ; - org.lwjgl.openal.AL::getICD@3 (line 218)
                      ; - org.lwjgl.openal.AL10::alListener3f@0 (line 483)
                      ; - com.mojang.blaze3d.audio.Listener::m_83739_@23 (line 13)
                      ; - net.minecraft.client.sounds.SoundEngine::m_252595_@5 (line 480)
                      ; - net.minecraft.client.sounds.SoundEngine$$Lambda$58389/0x000002ccbb3d7c28::run@16
                      ; - net.minecraft.util.thread.BlockableEventLoop::execute@20 (line 102)
                      ; - net.minecraft.client.sounds.SoundEngine::m_120270_@44 (line 479)
                      ; - net.minecraft.client.sounds.SoundManager::m_120361_@5 (line 256)
                      ; - net.minecraft.client.Minecraft::m_91383_@250 (line 1121)
  0x000002cc972e8a98: 64de 94fb | baf6 ffff | ff66 6690 

  0x000002cc972e8aa4: ;   {runtime_call UncommonTrapBlob}
  0x000002cc972e8aa4: c5f8 77e8 

  0x000002cc972e8aa8: ; ImmutableOopMap {}
                      ;*invokevirtual x {reexecute=0 rethrow=0 return_oop=0}
                      ; - com.mojang.blaze3d.audio.Listener::m_252991_@10 (line 21)
                      ; - net.minecraft.client.sounds.SoundEngine::m_252595_@14 (line 481)
                      ; - net.minecraft.client.sounds.SoundEngine$$Lambda$58389/0x000002ccbb3d7c28::run@16
                      ; - net.minecraft.util.thread.BlockableEventLoop::execute@20 (line 102)
                      ; - net.minecraft.client.sounds.SoundEngine::m_120270_@44 (line 479)
                      ; - net.minecraft.client.sounds.SoundManager::m_120361_@5 (line 256)
                      ; - net.minecraft.client.Minecraft::m_91383_@250 (line 1121)
  0x000002cc972e8aa8: 54de 94fb | baf6 ffff | ff66 6690 

  0x000002cc972e8ab4: ;   {runtime_call UncommonTrapBlob}
  0x000002cc972e8ab4: c5f8 77e8 

  0x000002cc972e8ab8: ; ImmutableOopMap {}
                      ;*invokevirtual x {reexecute=0 rethrow=0 return_oop=0}
                      ; - com.mojang.blaze3d.audio.Listener::m_252991_@31 (line 21)
                      ; - net.minecraft.client.sounds.SoundEngine::m_252595_@14 (line 481)
                      ; - net.minecraft.client.sounds.SoundEngine$$Lambda$58389/0x000002ccbb3d7c28::run@16
                      ; - net.minecraft.util.thread.BlockableEventLoop::execute@20 (line 102)
                      ; - net.minecraft.client.sounds.SoundEngine::m_120270_@44 (line 479)
                      ; - net.minecraft.client.sounds.SoundManager::m_120361_@5 (line 256)
                      ; - net.minecraft.client.Minecraft::m_91383_@250 (line 1121)
  0x000002cc972e8ab8: 44de 94fb | baf6 ffff | ff66 6690 

  0x000002cc972e8ac4: ;   {runtime_call UncommonTrapBlob}
  0x000002cc972e8ac4: c5f8 77e8 

  0x000002cc972e8ac8: ; ImmutableOopMap {}
                      ;*invokeinterface get {reexecute=0 rethrow=0 return_oop=0}
                      ; - org.lwjgl.openal.AL::getICD@3 (line 218)
                      ; - org.lwjgl.openal.AL10::alListenerfv@0 (line 1643)
                      ; - com.mojang.blaze3d.audio.Listener::m_252991_@49 (line 21)
                      ; - net.minecraft.client.sounds.SoundEngine::m_252595_@14 (line 481)
                      ; - net.minecraft.client.sounds.SoundEngine$$Lambda$58389/0x000002ccbb3d7c28::run@16
                      ; - net.minecraft.util.thread.BlockableEventLoop::execute@20 (line 102)
                      ; - net.minecraft.client.sounds.SoundEngine::m_120270_@44 (line 479)
                      ; - net.minecraft.client.sounds.SoundManager::m_120361_@5 (line 256)
                      ; - net.minecraft.client.Minecraft::m_91383_@250 (line 1121)
  0x000002cc972e8ac8: 34de 94fb | e944 d3ff | ffe9 3fd3 | ffff baf6 | ffff ff90 

  0x000002cc972e8adc: ;   {runtime_call UncommonTrapBlob}
  0x000002cc972e8adc: c5f8 77e8 

  0x000002cc972e8ae0: ; ImmutableOopMap {}
                      ;*invokeinterface m_7238_ {reexecute=0 rethrow=0 return_oop=0}
                      ; - net.minecraft.client.Minecraft::m_91383_@147 (line 1107)
  0x000002cc972e8ae0: 1cde 94fb | baf4 ffff | ff48 8b6c | 2420 4c8b | 5424 384c | 8954 2420 | 448b 5c24 | 3044 895c 
  0x000002cc972e8b00: 2428 4489 | 4c24 3844 | 8944 243c 

  0x000002cc972e8b0c: ;   {runtime_call UncommonTrapBlob}
  0x000002cc972e8b0c: c5f8 77e8 

  0x000002cc972e8b10: ; ImmutableOopMap {rbp=Oop [56]=NarrowOop }
                      ;*checkcast {reexecute=0 rethrow=0 return_oop=0}
                      ; - org.lwjgl.system.MemoryStack::stackGet@6 (line 875)
                      ; - org.lwjgl.opengl.GL33C::glGetQueryObjecti64@0 (line 607)
                      ; - org.lwjgl.opengl.ARBTimerQuery::glGetQueryObjecti64@2 (line 95)
                      ; - com.mojang.blaze3d.systems.TimerQuery$FrameProfile::m_231150_@34 (line 72)
                      ; - net.minecraft.client.Minecraft::m_91383_@331 (line 1130)
  0x000002cc972e8b10: ecdd 94fb | baf6 ffff | ff48 8b6c | 2420 4c8b | 5424 384c | 8954 2420 | 448b 5424 | 3044 8954 
  0x000002cc972e8b30: 2428 4489 | 4c24 3844 | 8944 243c 

  0x000002cc972e8b3c: ;   {runtime_call UncommonTrapBlob}
  0x000002cc972e8b3c: c5f8 77e8 

  0x000002cc972e8b40: ; ImmutableOopMap {rbp=Oop [56]=NarrowOop }
                      ;*arraylength {reexecute=0 rethrow=0 return_oop=0}
                      ; - java.lang.ThreadLocal$ThreadLocalMap::getEntry@8 (line 434)
                      ; - java.lang.ThreadLocal::get@16 (line 165)
                      ; - org.lwjgl.system.MemoryStack::stackGet@3 (line 875)
                      ; - org.lwjgl.opengl.GL33C::glGetQueryObjecti64@0 (line 607)
                      ; - org.lwjgl.opengl.ARBTimerQuery::glGetQueryObjecti64@2 (line 95)
                      ; - com.mojang.blaze3d.systems.TimerQuery$FrameProfile::m_231150_@34 (line 72)
                      ; - net.minecraft.client.Minecraft::m_91383_@331 (line 1130)
  0x000002cc972e8b40: bcdd 94fb | e9cc d2ff | ffe9 c7d2 | ffff e9c2 | d2ff ffba | f6ff ffff 

  0x000002cc972e8b58: ;   {runtime_call UncommonTrapBlob}
  0x000002cc972e8b58: c5f8 77e8 

  0x000002cc972e8b5c: ; ImmutableOopMap {}
                      ;*invokeinterface m_6174_ {reexecute=0 rethrow=0 return_oop=0}
                      ; - net.minecraft.client.Minecraft::m_91383_@186 (line 1111)
  0x000002cc972e8b5c: a0dd 94fb | baf6 ffff | ff66 6690 

  0x000002cc972e8b68: ;   {runtime_call UncommonTrapBlob}
  0x000002cc972e8b68: c5f8 77e8 

  0x000002cc972e8b6c: ; ImmutableOopMap {}
                      ;*invokevirtual m_231817_ {reexecute=0 rethrow=0 return_oop=0}
                      ; - net.minecraft.client.Minecraft::m_91383_@1049 (line 1214)
  0x000002cc972e8b6c: 90dd 94fb | baf6 ffff | ff66 6690 

  0x000002cc972e8b78: ;   {runtime_call UncommonTrapBlob}
  0x000002cc972e8b78: c5f8 77e8 

  0x000002cc972e8b7c: ; ImmutableOopMap {}
                      ;*invokevirtual m_231551_ {reexecute=0 rethrow=0 return_oop=0}
                      ; - net.minecraft.client.Minecraft::m_91383_@1052 (line 1214)
  0x000002cc972e8b7c: 80dd 94fb | baf4 ffff | ff48 8bee | 448b 5424 | 3044 8954 | 2428 448b | 5c24 3444 | 895c 242c 
  0x000002cc972e8b9c: 4c8b 5424 | 384c 8954 | 2430 6690 

  0x000002cc972e8ba8: ;   {runtime_call UncommonTrapBlob}
  0x000002cc972e8ba8: c5f8 77e8 

  0x000002cc972e8bac: ; ImmutableOopMap {rbp=Oop [48]=Oop [64]=Oop }
                      ;*checkcast {reexecute=0 rethrow=0 return_oop=0}
                      ; - net.minecraft.client.Minecraft::m_91383_@1055 (line 1214)
  0x000002cc972e8bac: 50dd 94fb | baf6 ffff | ff66 6690 

  0x000002cc972e8bb8: ;   {runtime_call UncommonTrapBlob}
  0x000002cc972e8bb8: c5f8 77e8 

  0x000002cc972e8bbc: ; ImmutableOopMap {}
                      ;*invokevirtual m_231551_ {reexecute=0 rethrow=0 return_oop=0}
                      ; - net.minecraft.client.Minecraft::m_91383_@1083 (line 1214)
  0x000002cc972e8bbc: 40dd 94fb | baf6 ffff | ff66 6690 

  0x000002cc972e8bc8: ;   {runtime_call UncommonTrapBlob}
  0x000002cc972e8bc8: c5f8 77e8 

  0x000002cc972e8bcc: ; ImmutableOopMap {}
                      ;*invokevirtual m_231551_ {reexecute=0 rethrow=0 return_oop=0}
                      ; - net.minecraft.client.Minecraft::m_91383_@1096 (line 1214)
  0x000002cc972e8bcc: 30dd 94fb | baf6 ffff | ff66 6690 

  0x000002cc972e8bd8: ;   {runtime_call UncommonTrapBlob}
  0x000002cc972e8bd8: c5f8 77e8 

  0x000002cc972e8bdc: ; ImmutableOopMap {}
                      ;*invokevirtual m_231551_ {reexecute=0 rethrow=0 return_oop=0}
                      ; - net.minecraft.client.Minecraft::m_91383_@1146 (line 1214)
  0x000002cc972e8bdc: 20dd 94fb | baf6 ffff | ff66 6690 

  0x000002cc972e8be8: ;   {runtime_call UncommonTrapBlob}
  0x000002cc972e8be8: c5f8 77e8 

  0x000002cc972e8bec: ; ImmutableOopMap {}
                      ;*invokevirtual isReflexEnabled {reexecute=0 rethrow=0 return_oop=0}
                      ; - io.tythee.ReflexScheduler::Wait@12 (line 114)
                      ; - net.minecraft.client.Minecraft::handler$cgh000$reflex$afterRender@3 (line 12427)
                      ; - net.minecraft.client.Minecraft::m_91383_@9 (line 1084)
  0x000002cc972e8bec: 10dd 94fb | e920 d2ff | ffba f6ff | ffff 6690 

  0x000002cc972e8bfc: ;   {runtime_call UncommonTrapBlob}
  0x000002cc972e8bfc: c5f8 77e8 

  0x000002cc972e8c00: ; ImmutableOopMap {}
                      ;*arraylength {reexecute=0 rethrow=0 return_oop=0}
                      ; - java.lang.String::isEmpty@4 (line 1494)
                      ; - java.lang.StringConcatHelper::simpleConcat@27 (line 413)
                      ; - java.lang.invoke.DirectMethodHandle$Holder::invokeStatic@11
                      ; - java.lang.invoke.LambdaForm$MH/0x000002ccb400e800::invoke@21
                      ; - java.lang.invoke.Invokers$Holder::linkToTargetMethod@5
                      ; - net.minecraft.client.Minecraft::m_91383_@978 (line 1208)
  0x000002cc972e8c00: fcdc 94fb | e90c d2ff | ffe9 07d2 | ffff e902 | d2ff ffe9 | fdd1 ffff | ba5c ffff | ff66 6690 
  0x000002cc972e8c20: ;   {runtime_call UncommonTrapBlob}
  0x000002cc972e8c20: c5f8 77e8 

  0x000002cc972e8c24: ; ImmutableOopMap {[64]=Oop }
                      ;*ifnull {reexecute=1 rethrow=0 return_oop=0}
                      ; - (reexecute) java.lang.StringConcatHelper::stringOf@1 (line 453)
                      ; - java.lang.StringConcatHelper::simpleConcat@1 (line 407)
                      ; - java.lang.invoke.DirectMethodHandle$Holder::invokeStatic@11
                      ; - java.lang.invoke.LambdaForm$MH/0x000002ccb40c0c00::invoke@21
                      ; - java.lang.invoke.Invokers$Holder::linkToTargetMethod@5
                      ; - net.minecraft.client.Minecraft::m_91383_@958 (line 1208)
  0x000002cc972e8c24: d8dc 94fb | baf6 ffff | ff66 6690 

  0x000002cc972e8c30: ;   {runtime_call UncommonTrapBlob}
  0x000002cc972e8c30: c5f8 77e8 

  0x000002cc972e8c34: ; ImmutableOopMap {}
                      ;*arraylength {reexecute=0 rethrow=0 return_oop=0}
                      ; - java.lang.String::isEmpty@4 (line 1494)
                      ; - java.lang.StringConcatHelper::simpleConcat@11 (line 409)
                      ; - java.lang.invoke.DirectMethodHandle$Holder::invokeStatic@11
                      ; - java.lang.invoke.LambdaForm$MH/0x000002ccb40c0c00::invoke@21
                      ; - java.lang.invoke.Invokers$Holder::linkToTargetMethod@5
                      ; - net.minecraft.client.Minecraft::m_91383_@958 (line 1208)
  0x000002cc972e8c34: c8dc 94fb | baf6 ffff | ff66 6690 

  0x000002cc972e8c40: ;   {runtime_call UncommonTrapBlob}
  0x000002cc972e8c40: c5f8 77e8 

  0x000002cc972e8c44: ; ImmutableOopMap {}
                      ;*arraylength {reexecute=0 rethrow=0 return_oop=0}
                      ; - java.lang.String::length@4 (line 1481)
                      ; - java.lang.StringConcatHelper::prepend@2 (line 352)
                      ; - java.lang.StringConcatHelper::simpleConcat@81 (line 425)
                      ; - java.lang.invoke.DirectMethodHandle$Holder::invokeStatic@11
                      ; - java.lang.invoke.LambdaForm$MH/0x000002ccb40c0c00::invoke@21
                      ; - java.lang.invoke.Invokers$Holder::linkToTargetMethod@5
                      ; - net.minecraft.client.Minecraft::m_91383_@958 (line 1208)
  0x000002cc972e8c44: b8dc 94fb | e9c8 d1ff | ffe9 c3d1 | ffff e9be | d1ff ffe9 | b9d1 ffff | e9b4 d1ff | ffe9 afd1 
  0x000002cc972e8c64: ffff baf6 | ffff ff90 

  0x000002cc972e8c6c: ;   {runtime_call UncommonTrapBlob}
  0x000002cc972e8c6c: c5f8 77e8 

  0x000002cc972e8c70: ; ImmutableOopMap {}
                      ;*getfield f_92518_ {reexecute=1 rethrow=0 return_oop=0}
                      ; - (reexecute) net.minecraft.client.Minecraft::m_91383_@800 (line 1184)
  0x000002cc972e8c70: 8cdc 94fb | baf6 ffff | ff66 6690 

  0x000002cc972e8c7c: ;   {runtime_call UncommonTrapBlob}
  0x000002cc972e8c7c: c5f8 77e8 

  0x000002cc972e8c80: ; ImmutableOopMap {}
                      ;*invokeinterface get {reexecute=0 rethrow=0 return_oop=0}
                      ; - net.minecraftforge.common.ForgeConfigSpec$ConfigValue::get@50 (line 856)
                      ; - net.minecraft.client.Minecraft::wrapOperation$eef000$sodiumextras$redirect$isRecording@33 (line 18935)
                      ; - net.minecraft.client.Minecraft::m_91383_@303 (line 1126)
  0x000002cc972e8c80: 7cdc 94fb | 488b e8eb | 2beb 0048 | 8be8 eb24 | 488b e8eb | 0348 8be8 | 4c8b 5424 | 384c 8954 
  0x000002cc972e8ca0: 2428 488b | 5424 5844 | 8b44 2460 

  0x000002cc972e8cac: ;   {optimized virtual_call}
  0x000002cc972e8cac: c5f8 77e8 

  0x000002cc972e8cb0: ; ImmutableOopMap {rbp=Oop [32]=Oop [80]=Oop }
                      ;*invokevirtual setPointer {reexecute=0 rethrow=0 return_oop=0}
                      ; - org.lwjgl.opengl.GL15C::glGetQueryObjecti@46 (line 976)
                      ; - com.mojang.blaze3d.systems.TimerQuery$FrameProfile::m_231150_@21 (line 71)
                      ; - net.minecraft.client.Minecraft::m_91383_@331 (line 1130)
  0x000002cc972e8cb0: cc86 94fb | 488b c5e9 | 59d1 ffff | e954 d1ff | ffe9 4fd1 | ffff e94a | d1ff ffe9 | 45d1 ffff 
  0x000002cc972e8cd0: baf6 ffff | ffc5 f97e | cd66 6690 

  0x000002cc972e8cdc: ;   {runtime_call UncommonTrapBlob}
  0x000002cc972e8cdc: c5f8 77e8 

  0x000002cc972e8ce0: ; ImmutableOopMap {}
                      ;*putfield f_92518_ {reexecute=1 rethrow=0 return_oop=0}
                      ; - (reexecute) net.minecraft.client.Minecraft::m_91383_@817 (line 1186)
  0x000002cc972e8ce0: 1cdc 94fb | e92c d1ff | ffe9 27d1 | ffff e922 | d1ff ffe9 | 1dd1 ffff | e918 d1ff | ffe9 13d1 
  0x000002cc972e8d00: ffff e90e | d1ff ffe9 | 09d1 ffff | e904 d1ff | ffe9 ffd0 | ffff e9fa | d0ff ffe9 | f5d0 ffff 
  0x000002cc972e8d20: e9f0 d0ff | ffe9 ebd0 

  0x000002cc972e8d28: ;   {internal_word}
  0x000002cc972e8d28: ffff 49ba | c344 2e97 | cc02 0000 | 4d89 9768 

  0x000002cc972e8d38: ;   {runtime_call SafepointBlob}
  0x000002cc972e8d38: 0300 00e9 | c0ec 94fb 
[Stub Code]
  0x000002cc972e8d40: ;   {no_reloc}
  0x000002cc972e8d40: 48bb 0000 | 0000 0000 

  0x000002cc972e8d48: ;   {runtime_call}
  0x000002cc972e8d48: 0000 e9fb 

  0x000002cc972e8d4c: ;   {static_stub}
  0x000002cc972e8d4c: ffff ff48 | bb00 0000 | 0000 0000 

  0x000002cc972e8d58: ;   {runtime_call}
  0x000002cc972e8d58: 00e9 fbff 

  0x000002cc972e8d5c: ;   {static_stub}
  0x000002cc972e8d5c: ffff 48bb | 0000 0000 | 0000 0000 

  0x000002cc972e8d68: ;   {runtime_call}
  0x000002cc972e8d68: e9fb ffff 

  0x000002cc972e8d6c: ;   {static_stub}
  0x000002cc972e8d6c: ff48 bb00 | 0000 0000 

  0x000002cc972e8d74: ;   {runtime_call}
  0x000002cc972e8d74: 0000 00e9 | fbff ffff 

  0x000002cc972e8d7c: ;   {static_stub}
  0x000002cc972e8d7c: 48bb 0000 | 0000 0000 

  0x000002cc972e8d84: ;   {runtime_call}
  0x000002cc972e8d84: 0000 e9fb 

  0x000002cc972e8d88: ;   {static_stub}
  0x000002cc972e8d88: ffff ff48 | bb00 0000 | 0000 0000 

  0x000002cc972e8d94: ;   {runtime_call}
  0x000002cc972e8d94: 00e9 fbff 

  0x000002cc972e8d98: ;   {static_stub}
  0x000002cc972e8d98: ffff 48bb | 0000 0000 | 0000 0000 

  0x000002cc972e8da4: ;   {runtime_call}
  0x000002cc972e8da4: e9fb ffff 

  0x000002cc972e8da8: ;   {static_stub}
  0x000002cc972e8da8: ff48 bb00 | 0000 0000 

  0x000002cc972e8db0: ;   {runtime_call}
  0x000002cc972e8db0: 0000 00e9 | fbff ffff 

  0x000002cc972e8db8: ;   {static_stub}
  0x000002cc972e8db8: 48bb 1059 | 2e19 cd02 

  0x000002cc972e8dc0: ;   {runtime_call I2C/C2I adapters}
  0x000002cc972e8dc0: 0000 e992 

  0x000002cc972e8dc4: ;   {static_stub}
  0x000002cc972e8dc4: cf94 fb48 | bb00 0000 | 0000 0000 

  0x000002cc972e8dd0: ;   {runtime_call}
  0x000002cc972e8dd0: 00e9 fbff 

  0x000002cc972e8dd4: ;   {static_stub}
  0x000002cc972e8dd4: ffff 48bb | 0000 0000 | 0000 0000 

  0x000002cc972e8de0: ;   {runtime_call}
  0x000002cc972e8de0: e9fb ffff 

  0x000002cc972e8de4: ;   {static_stub}
  0x000002cc972e8de4: ff48 bb00 | 0000 0000 

  0x000002cc972e8dec: ;   {runtime_call}
  0x000002cc972e8dec: 0000 00e9 | fbff ffff 

  0x000002cc972e8df4: ;   {static_stub}
  0x000002cc972e8df4: 48bb 0000 | 0000 0000 

  0x000002cc972e8dfc: ;   {runtime_call}
  0x000002cc972e8dfc: 0000 e9fb 

  0x000002cc972e8e00: ;   {static_stub}
  0x000002cc972e8e00: ffff ff48 | bb00 0000 | 0000 0000 

  0x000002cc972e8e0c: ;   {runtime_call}
  0x000002cc972e8e0c: 00e9 fbff 

  0x000002cc972e8e10: ;   {static_stub}
  0x000002cc972e8e10: ffff 48bb | 0000 0000 | 0000 0000 

  0x000002cc972e8e1c: ;   {runtime_call}
  0x000002cc972e8e1c: e9fb ffff 

  0x000002cc972e8e20: ;   {static_stub}
  0x000002cc972e8e20: ff48 bb00 | 0000 0000 

  0x000002cc972e8e28: ;   {runtime_call}
  0x000002cc972e8e28: 0000 00e9 | fbff ffff 

  0x000002cc972e8e30: ;   {static_stub}
  0x000002cc972e8e30: 48bb 0000 | 0000 0000 

  0x000002cc972e8e38: ;   {runtime_call}
  0x000002cc972e8e38: 0000 e9fb 

  0x000002cc972e8e3c: ;   {static_stub}
  0x000002cc972e8e3c: ffff ff48 | bb00 0000 | 0000 0000 

  0x000002cc972e8e48: ;   {runtime_call}
  0x000002cc972e8e48: 00e9 fbff 

  0x000002cc972e8e4c: ;   {static_stub}
  0x000002cc972e8e4c: ffff 48bb | 0000 0000 | 0000 0000 

  0x000002cc972e8e58: ;   {runtime_call}
  0x000002cc972e8e58: e9fb ffff 

  0x000002cc972e8e5c: ;   {static_stub}
  0x000002cc972e8e5c: ff48 bb00 | 0000 0000 

  0x000002cc972e8e64: ;   {runtime_call}
  0x000002cc972e8e64: 0000 00e9 | fbff ffff 

  0x000002cc972e8e6c: ;   {static_stub}
  0x000002cc972e8e6c: 48bb 0000 | 0000 0000 

  0x000002cc972e8e74: ;   {runtime_call}
  0x000002cc972e8e74: 0000 e9fb 

  0x000002cc972e8e78: ;   {static_stub}
  0x000002cc972e8e78: ffff ff48 | bb00 0000 | 0000 0000 

  0x000002cc972e8e84: ;   {runtime_call}
  0x000002cc972e8e84: 00e9 fbff 

  0x000002cc972e8e88: ;   {static_stub}
  0x000002cc972e8e88: ffff 48bb | 0000 0000 | 0000 0000 

  0x000002cc972e8e94: ;   {runtime_call}
  0x000002cc972e8e94: e9fb ffff 

  0x000002cc972e8e98: ;   {static_stub}
  0x000002cc972e8e98: ff48 bb00 | 0000 0000 

  0x000002cc972e8ea0: ;   {runtime_call}
  0x000002cc972e8ea0: 0000 00e9 | fbff ffff 

  0x000002cc972e8ea8: ;   {static_stub}
  0x000002cc972e8ea8: 48bb 0000 | 0000 0000 

  0x000002cc972e8eb0: ;   {runtime_call}
  0x000002cc972e8eb0: 0000 e9fb 

  0x000002cc972e8eb4: ;   {static_stub}
  0x000002cc972e8eb4: ffff ff48 | bb00 0000 | 0000 0000 

  0x000002cc972e8ec0: ;   {runtime_call}
  0x000002cc972e8ec0: 00e9 fbff 

  0x000002cc972e8ec4: ;   {static_stub}
  0x000002cc972e8ec4: ffff 48bb | 0000 0000 | 0000 0000 

  0x000002cc972e8ed0: ;   {runtime_call}
  0x000002cc972e8ed0: e9fb ffff 

  0x000002cc972e8ed4: ;   {static_stub}
  0x000002cc972e8ed4: ff48 bb08 | c7d0 18cd 

  0x000002cc972e8edc: ;   {runtime_call I2C/C2I adapters}
  0x000002cc972e8edc: 0200 00e9 | 82e0 ccfb 

  0x000002cc972e8ee4: ;   {static_stub}
  0x000002cc972e8ee4: 48bb 0000 | 0000 0000 

  0x000002cc972e8eec: ;   {runtime_call}
  0x000002cc972e8eec: 0000 e9fb 

  0x000002cc972e8ef0: ;   {static_stub}
  0x000002cc972e8ef0: ffff ff48 | bb00 0000 | 0000 0000 

  0x000002cc972e8efc: ;   {runtime_call}
  0x000002cc972e8efc: 00e9 fbff 

  0x000002cc972e8f00: ;   {static_stub}
  0x000002cc972e8f00: ffff 48bb | 0000 0000 | 0000 0000 

  0x000002cc972e8f0c: ;   {runtime_call}
  0x000002cc972e8f0c: e9fb ffff 

  0x000002cc972e8f10: ;   {static_stub}
  0x000002cc972e8f10: ff48 bb00 | 0000 0000 

  0x000002cc972e8f18: ;   {runtime_call}
  0x000002cc972e8f18: 0000 00e9 | fbff ffff 

  0x000002cc972e8f20: ;   {static_stub}
  0x000002cc972e8f20: 48bb 0000 | 0000 0000 

  0x000002cc972e8f28: ;   {runtime_call}
  0x000002cc972e8f28: 0000 e9fb 

  0x000002cc972e8f2c: ;   {static_stub}
  0x000002cc972e8f2c: ffff ff48 | bb00 0000 | 0000 0000 

  0x000002cc972e8f38: ;   {runtime_call}
  0x000002cc972e8f38: 00e9 fbff 

  0x000002cc972e8f3c: ;   {static_stub}
  0x000002cc972e8f3c: ffff 48bb | 0000 0000 | 0000 0000 

  0x000002cc972e8f48: ;   {runtime_call}
  0x000002cc972e8f48: e9fb ffff 

  0x000002cc972e8f4c: ;   {static_stub}
  0x000002cc972e8f4c: ff48 bb00 | 0000 0000 

  0x000002cc972e8f54: ;   {runtime_call}
  0x000002cc972e8f54: 0000 00e9 | fbff ffff 

  0x000002cc972e8f5c: ;   {static_stub}
  0x000002cc972e8f5c: 48bb 0000 | 0000 0000 

  0x000002cc972e8f64: ;   {runtime_call}
  0x000002cc972e8f64: 0000 e9fb 

  0x000002cc972e8f68: ;   {static_stub}
  0x000002cc972e8f68: ffff ff48 | bb00 0000 | 0000 0000 

  0x000002cc972e8f74: ;   {runtime_call}
  0x000002cc972e8f74: 00e9 fbff 

  0x000002cc972e8f78: ;   {static_stub}
  0x000002cc972e8f78: ffff 48bb | 0000 0000 | 0000 0000 

  0x000002cc972e8f84: ;   {runtime_call}
  0x000002cc972e8f84: e9fb ffff 

  0x000002cc972e8f88: ;   {static_stub}
  0x000002cc972e8f88: ff48 bb00 | 0000 0000 

  0x000002cc972e8f90: ;   {runtime_call}
  0x000002cc972e8f90: 0000 00e9 | fbff ffff 

  0x000002cc972e8f98: ;   {static_stub}
  0x000002cc972e8f98: 48bb 0000 | 0000 0000 

  0x000002cc972e8fa0: ;   {runtime_call}
  0x000002cc972e8fa0: 0000 e9fb 

  0x000002cc972e8fa4: ;   {static_stub}
  0x000002cc972e8fa4: ffff ff48 | bb00 0000 | 0000 0000 

  0x000002cc972e8fb0: ;   {runtime_call}
  0x000002cc972e8fb0: 00e9 fbff 

  0x000002cc972e8fb4: ;   {static_stub}
  0x000002cc972e8fb4: ffff 48bb | 0000 0000 | 0000 0000 

  0x000002cc972e8fc0: ;   {runtime_call}
  0x000002cc972e8fc0: e9fb ffff 

  0x000002cc972e8fc4: ;   {static_stub}
  0x000002cc972e8fc4: ff48 bb00 | 0000 0000 

  0x000002cc972e8fcc: ;   {runtime_call}
  0x000002cc972e8fcc: 0000 00e9 | fbff ffff 

  0x000002cc972e8fd4: ;   {static_stub}
  0x000002cc972e8fd4: 48bb 0000 | 0000 0000 

  0x000002cc972e8fdc: ;   {runtime_call}
  0x000002cc972e8fdc: 0000 e9fb 

  0x000002cc972e8fe0: ;   {static_stub}
  0x000002cc972e8fe0: ffff ff48 | bb00 0000 | 0000 0000 

  0x000002cc972e8fec: ;   {runtime_call}
  0x000002cc972e8fec: 00e9 fbff 

  0x000002cc972e8ff0: ;   {static_stub}
  0x000002cc972e8ff0: ffff 48bb | 0000 0000 | 0000 0000 

  0x000002cc972e8ffc: ;   {runtime_call}
  0x000002cc972e8ffc: e9fb ffff 

  0x000002cc972e9000: ;   {static_stub}
  0x000002cc972e9000: ff48 bbb0 | 39d4 f6cc 

  0x000002cc972e9008: ;   {runtime_call I2C/C2I adapters}
  0x000002cc972e9008: 0200 00e9 | 49cd 94fb 

  0x000002cc972e9010: ;   {static_stub}
  0x000002cc972e9010: 48bb 0000 | 0000 0000 

  0x000002cc972e9018: ;   {runtime_call}
  0x000002cc972e9018: 0000 e9fb 

  0x000002cc972e901c: ;   {static_stub}
  0x000002cc972e901c: ffff ff48 | bb00 0000 | 0000 0000 

  0x000002cc972e9028: ;   {runtime_call}
  0x000002cc972e9028: 00e9 fbff 

  0x000002cc972e902c: ;   {static_stub}
  0x000002cc972e902c: ffff 48bb | 0000 0000 | 0000 0000 

  0x000002cc972e9038: ;   {runtime_call}
  0x000002cc972e9038: e9fb ffff 

  0x000002cc972e903c: ;   {static_stub}
  0x000002cc972e903c: ff48 bb00 | 0000 0000 

  0x000002cc972e9044: ;   {runtime_call}
  0x000002cc972e9044: 0000 00e9 | fbff ffff 

  0x000002cc972e904c: ;   {static_stub}
  0x000002cc972e904c: 48bb 0000 | 0000 0000 

  0x000002cc972e9054: ;   {runtime_call}
  0x000002cc972e9054: 0000 e9fb 

  0x000002cc972e9058: ;   {static_stub}
  0x000002cc972e9058: ffff ff48 | bb00 0000 | 0000 0000 

  0x000002cc972e9064: ;   {runtime_call}
  0x000002cc972e9064: 00e9 fbff 

  0x000002cc972e9068: ;   {static_stub}
  0x000002cc972e9068: ffff 48bb | 0000 0000 | 0000 0000 

  0x000002cc972e9074: ;   {runtime_call}
  0x000002cc972e9074: e9fb ffff 

  0x000002cc972e9078: ;   {static_stub}
  0x000002cc972e9078: ff48 bb00 | 0000 0000 

  0x000002cc972e9080: ;   {runtime_call}
  0x000002cc972e9080: 0000 00e9 | fbff ffff 

  0x000002cc972e9088: ;   {static_stub}
  0x000002cc972e9088: 48bb 0000 | 0000 0000 

  0x000002cc972e9090: ;   {runtime_call}
  0x000002cc972e9090: 0000 e9fb 

  0x000002cc972e9094: ;   {static_stub}
  0x000002cc972e9094: ffff ff48 | bb00 0000 | 0000 0000 

  0x000002cc972e90a0: ;   {runtime_call}
  0x000002cc972e90a0: 00e9 fbff 

  0x000002cc972e90a4: ;   {static_stub}
  0x000002cc972e90a4: ffff 48bb | 0000 0000 | 0000 0000 

  0x000002cc972e90b0: ;   {runtime_call}
  0x000002cc972e90b0: e9fb ffff 

  0x000002cc972e90b4: ;   {static_stub}
  0x000002cc972e90b4: ff48 bb00 | 0000 0000 

  0x000002cc972e90bc: ;   {runtime_call}
  0x000002cc972e90bc: 0000 00e9 | fbff ffff 

  0x000002cc972e90c4: ;   {static_stub}
  0x000002cc972e90c4: 48bb 0000 | 0000 0000 

  0x000002cc972e90cc: ;   {runtime_call}
  0x000002cc972e90cc: 0000 e9fb 

  0x000002cc972e90d0: ;   {static_stub}
  0x000002cc972e90d0: ffff ff48 | bb00 0000 | 0000 0000 

  0x000002cc972e90dc: ;   {runtime_call}
  0x000002cc972e90dc: 00e9 fbff 

  0x000002cc972e90e0: ;   {static_stub}
  0x000002cc972e90e0: ffff 48bb | 0000 0000 | 0000 0000 

  0x000002cc972e90ec: ;   {runtime_call}
  0x000002cc972e90ec: e9fb ffff 

  0x000002cc972e90f0: ;   {static_stub}
  0x000002cc972e90f0: ff48 bb00 | 0000 0000 

  0x000002cc972e90f8: ;   {runtime_call}
  0x000002cc972e90f8: 0000 00e9 | fbff ffff 

  0x000002cc972e9100: ;   {static_stub}
  0x000002cc972e9100: 48bb 0000 | 0000 0000 

  0x000002cc972e9108: ;   {runtime_call}
  0x000002cc972e9108: 0000 e9fb 

  0x000002cc972e910c: ;   {static_stub}
  0x000002cc972e910c: ffff ff48 | bb00 0000 | 0000 0000 

  0x000002cc972e9118: ;   {runtime_call}
  0x000002cc972e9118: 00e9 fbff 

  0x000002cc972e911c: ;   {static_stub}
  0x000002cc972e911c: ffff 48bb | 0000 0000 | 0000 0000 

  0x000002cc972e9128: ;   {runtime_call}
  0x000002cc972e9128: e9fb ffff 

  0x000002cc972e912c: ;   {static_stub}
  0x000002cc972e912c: ff48 bb00 | 0000 0000 

  0x000002cc972e9134: ;   {runtime_call}
  0x000002cc972e9134: 0000 00e9 | fbff ffff 

  0x000002cc972e913c: ;   {static_stub}
  0x000002cc972e913c: 48bb 0000 | 0000 0000 

  0x000002cc972e9144: ;   {runtime_call}
  0x000002cc972e9144: 0000 e9fb 

  0x000002cc972e9148: ;   {static_stub}
  0x000002cc972e9148: ffff ff48 | bb00 0000 | 0000 0000 

  0x000002cc972e9154: ;   {runtime_call}
  0x000002cc972e9154: 00e9 fbff 

  0x000002cc972e9158: ;   {static_stub}
  0x000002cc972e9158: ffff 48bb | 0000 0000 | 0000 0000 

  0x000002cc972e9164: ;   {runtime_call}
  0x000002cc972e9164: e9fb ffff 

  0x000002cc972e9168: ;   {static_stub}
  0x000002cc972e9168: ff48 bb00 | 0000 0000 

  0x000002cc972e9170: ;   {runtime_call}
  0x000002cc972e9170: 0000 00e9 | fbff ffff 

  0x000002cc972e9178: ;   {static_stub}
  0x000002cc972e9178: 48bb 0000 | 0000 0000 

  0x000002cc972e9180: ;   {runtime_call}
  0x000002cc972e9180: 0000 e9fb 

  0x000002cc972e9184: ;   {static_stub}
  0x000002cc972e9184: ffff ff48 | bb00 0000 | 0000 0000 

  0x000002cc972e9190: ;   {runtime_call}
  0x000002cc972e9190: 00e9 fbff 

  0x000002cc972e9194: ;   {static_stub}
  0x000002cc972e9194: ffff 48bb | 0000 0000 | 0000 0000 

  0x000002cc972e91a0: ;   {runtime_call}
  0x000002cc972e91a0: e9fb ffff 

  0x000002cc972e91a4: ;   {runtime_call ExceptionBlob}
  0x000002cc972e91a4: ffe9 d6ba | 9efb e800 | 0000 0048 | 832c 2405 

  0x000002cc972e91b4: ;   {runtime_call DeoptimizationBlob}
  0x000002cc972e91b4: e9e7 da94 | fbf4 f4f4 | f4f4 f4f4 
[/MachCode]


---------------  P R O C E S S  ---------------

Threads class SMR info:
_java_thread_list=0x000002cde07d5e40, length=188, elements={
0x000002cc82643410, 0x000002ccb181f0d0, 0x000002ccb181f7b0, 0x000002ccb183d1d0,
0x000002ccb183d6b0, 0x000002ccb183db90, 0x000002ccb184b0a0, 0x000002ccb184fe70,
0x000002ccb1854460, 0x000002ccb18669a0, 0x000002ccb26b0950, 0x000002ccb27b5c60,
0x000002ccfa60ae80, 0x000002ccfa609530, 0x000002ccfa60a970, 0x000002ccfd7d2160,
0x000002ccfd7ce9b0, 0x000002ccfd7d2670, 0x000002cd0eadc340, 0x000002cd0eada4e0,
0x000002cd0eade6b0, 0x000002cd0eadd780, 0x000002cd104d4710, 0x000002cd104d5640,
0x000002cd104d4200, 0x000002cd104d28b0, 0x000002ccfd7cd570, 0x000002ccfd7d44d0,
0x000002cd0eadf0d0, 0x000002cd15f3c130, 0x000002cd15f3eec0, 0x000002cd126b7d90,
0x000002cd126b96e0, 0x000002cd126bab20, 0x000002cd15f40d20, 0x000002cd15f3df90,
0x000002cd15f41740, 0x000002cd15f42160, 0x000002cd15f41c50, 0x000002ccfd7d1c50,
0x000002cd126b9bf0, 0x000002cd126b7370, 0x000002ccfa6080f0, 0x000002cd0eadd270,
0x000002cd139ef1f0, 0x000002cd139ed390, 0x000002cd139f0120, 0x000002cd139efc10,
0x000002cd139ec970, 0x000002cd139f0630, 0x000002cd139ece80, 0x000002cd15f81df0,
0x000002cd253a80e0, 0x000002cd15f80ec0, 0x000002ccfef60d90, 0x000002cd15f7f060,
0x000002cd25fa0140, 0x000002ccfef60370, 0x000002ccfee49000, 0x000002ccfee4a950,
0x000002cd253a8b00, 0x000002cd253a9010, 0x000002cd253a71b0, 0x000002cd253a9520,
0x000002cd253a9a30, 0x000002ccfee4b370, 0x000002ccfee49510, 0x000002ccfee485e0,
0x000002ccfee48af0, 0x000002cd15ba88f0, 0x000002cd15ba83e0, 0x000002cd15ba6580,
0x000002cd15ba9310, 0x000002cd15ba74b0, 0x000002cd15ba7ed0, 0x000002cd15ba6fa0,
0x000002cd15ba9820, 0x000002cd997c2940, 0x000002cd997c4cb0, 0x000002cd997c3d80,
0x000002cd997c4290, 0x000002cd997c51c0, 0x000002cd997c56d0, 0x000002cd997c2430,
0x000002cd997c3360, 0x000002cd997c5be0, 0x000002cd997c3870, 0x000002cd997c47a0,
0x000002cd997c2e50, 0x000002ccfa169be0, 0x000002ccfa16b020, 0x000002ccfa16b530,
0x000002ccfa16ba40, 0x000002ccfa16bf50, 0x000002ccfa16a0f0, 0x000002ccfa16c460,
0x000002cd1203a620, 0x000002cd1203ab30, 0x000002cd120391e0, 0x000002cd120396f0,
0x000002ccf87af070, 0x000002ccf87af580, 0x000002ccf9b48920, 0x000002ccf9b4bbc0,
0x000002ccf9b49340, 0x000002cd1046e2c0, 0x000002cd1046ce80, 0x000002cd1046d390,
0x000002cd1046bf50, 0x000002cd1046d8a0, 0x000002cd1046c970, 0x000002cd1046e7d0,
0x000002cd1046b020, 0x000002cd1046ba40, 0x000002cd15f809b0, 0x000002cd15f804a0,
0x000002cd1222c930, 0x000002cd1222aad0, 0x000002cd1222a5c0, 0x000002cd1222b4f0,
0x000002cd1222afe0, 0x000002cd1222ba00, 0x000002ccf9b4b1a0, 0x000002ccf9b49850,
0x000002ccf9b4c0d0, 0x000002ccf87afa90, 0x000002cd253a9f40, 0x000002cd0c099f80,
0x000002ccfd76eae0, 0x000002ccfd76d6a0, 0x000002ccfd76d190, 0x000002ccff67a860,
0x000002ccff67b790, 0x000002cdd8beb590, 0x000002cd253a6ca0, 0x000002cd0dbe99c0,
0x000002cd3ba17810, 0x000002cd3ba168e0, 0x000002cd3ba14060, 0x000002cd3ba17300,
0x000002cd3ba14570, 0x000002cd3ba16df0, 0x000002cd3ba14a80, 0x000002cd3ba159b0,
0x000002cd3ba14f90, 0x000002cd3ba15ec0, 0x000002cd3ba154a0, 0x000002cd3b9dcf30,
0x000002cd25f9f210, 0x000002cd0c09aeb0, 0x000002cd998f0570, 0x000002cd998ef130,
0x000002cd998f0f90, 0x000002cd998f0060, 0x000002cd998f14a0, 0x000002cd998f19b0,
0x000002cd998f0a80, 0x000002cd998f1ec0, 0x000002cd998ee710, 0x000002cd998efb50,
0x000002cd14c444c0, 0x000002cd25f9f720, 0x000002ccfee4a440, 0x000002ccfee4ae60,
0x000002ccfee480d0, 0x000002ccfee49a20, 0x000002cd9b0391b0, 0x000002cd9b037860,
0x000002cd9b038280, 0x000002cd9b037d70, 0x000002cd9b038790, 0x000002cd9b038ca0,
0x000002cde0542300, 0x000002cde0541df0, 0x000002cde0542810, 0x000002cde053ff90,
0x000002cde0542d20, 0x000002cd139ee2c0, 0x000002cdd8bb94a0, 0x000002cdd8bbadf0,
0x000002cddfad48e0, 0x000002cd126b6e60, 0x000002cd0e6cee50, 0x000002cdd6945df0,
0x000002cd0c099560, 0x000002cd126b36b0, 0x000002cd3a786e60, 0x000002cd3a786440
}

Java Threads: ( => current thread )
=>0x000002cc82643410 JavaThread "Render thread" [_thread_in_native, id=25336, stack(0x000000fa5b600000,0x000000fa5b700000)]
  0x000002ccb181f0d0 JavaThread "Reference Handler" daemon [_thread_blocked, id=12100, stack(0x000000fa5bd00000,0x000000fa5be00000)]
  0x000002ccb181f7b0 JavaThread "Finalizer" daemon [_thread_blocked, id=14396, stack(0x000000fa5be00000,0x000000fa5bf00000)]
  0x000002ccb183d1d0 JavaThread "Signal Dispatcher" daemon [_thread_blocked, id=24316, stack(0x000000fa5bf00000,0x000000fa5c000000)]
  0x000002ccb183d6b0 JavaThread "Attach Listener" daemon [_thread_blocked, id=25232, stack(0x000000fa5c000000,0x000000fa5c100000)]
  0x000002ccb183db90 JavaThread "Service Thread" daemon [_thread_blocked, id=15804, stack(0x000000fa5c100000,0x000000fa5c200000)]
  0x000002ccb184b0a0 JavaThread "Monitor Deflation Thread" daemon [_thread_blocked, id=24808, stack(0x000000fa5c200000,0x000000fa5c300000)]
  0x000002ccb184fe70 JavaThread "C2 CompilerThread0" daemon [_thread_blocked, id=22872, stack(0x000000fa5c300000,0x000000fa5c400000)]
  0x000002ccb1854460 JavaThread "C1 CompilerThread0" daemon [_thread_blocked, id=25496, stack(0x000000fa5c400000,0x000000fa5c500000)]
  0x000002ccb18669a0 JavaThread "Sweeper thread" daemon [_thread_blocked, id=5780, stack(0x000000fa5c500000,0x000000fa5c600000)]
  0x000002ccb26b0950 JavaThread "Common-Cleaner" daemon [_thread_blocked, id=5984, stack(0x000000fa5c600000,0x000000fa5c700000)]
  0x000002ccb27b5c60 JavaThread "Notification Thread" daemon [_thread_blocked, id=16136, stack(0x000000fa5ca00000,0x000000fa5cb00000)]
  0x000002ccfa60ae80 JavaThread "pool-2-thread-1" daemon [_thread_blocked, id=3556, stack(0x000000fa5d500000,0x000000fa5d600000)]
  0x000002ccfa609530 JavaThread "LauncherLogger-Worker" daemon [_thread_blocked, id=4052, stack(0x000000fa5d200000,0x000000fa5d300000)]
  0x000002ccfa60a970 JavaThread "JNA Cleaner" daemon [_thread_blocked, id=18824, stack(0x000000fa5e8b0000,0x000000fa5e9b0000)]
  0x000002ccfd7d2160 JavaThread "FileSystemWatchService" daemon [_thread_in_native, id=4536, stack(0x000000fa5efb0000,0x000000fa5f0b0000)]
  0x000002ccfd7ce9b0 JavaThread "Timer hack thread" daemon [_thread_blocked, id=20664, stack(0x000000fa5b500000,0x000000fa5b600000)]
  0x000002ccfd7d2670 JavaThread "Yggdrasil Key Fetcher" daemon [_thread_blocked, id=16856, stack(0x000000fa5e9b0000,0x000000fa5eab0000)]
  0x000002cd0eadc340 JavaThread "pool-7-thread-1" [_thread_blocked, id=13572, stack(0x000000fa5f9b0000,0x000000fa5fab0000)]
  0x000002cd0eada4e0 JavaThread "Cleaner-0" daemon [_thread_blocked, id=24208, stack(0x000000fa5dd00000,0x000000fa5de00000)]
  0x000002cd0eade6b0 JavaThread "Java2D Disposer" daemon [_thread_blocked, id=16068, stack(0x000000fa60eb0000,0x000000fa60fb0000)]
  0x000002cd0eadd780 JavaThread "AWT-Windows" daemon [_thread_in_native, id=14568, stack(0x000000fa610b0000,0x000000fa611b0000)]
  0x000002cd104d4710 JavaThread "HttpClient-2-SelectorManager" daemon [_thread_in_native, id=9248, stack(0x000000fa611b0000,0x000000fa612b0000)]
  0x000002cd104d5640 JavaThread "FileSystemWatchService" daemon [_thread_in_native, id=13144, stack(0x000000fa612b0000,0x000000fa613b0000)]
  0x000002cd104d4200 JavaThread "BandwidthOptimizer-ChunkPersistentCache-IO" daemon [_thread_blocked, id=22452, stack(0x000000fa615b0000,0x000000fa616b0000)]
  0x000002cd104d28b0 JavaThread "JEI Config File Watcher" daemon [_thread_blocked, id=22740, stack(0x000000fa616b0000,0x000000fa617b0000)]
  0x000002ccfd7cd570 JavaThread "FileSystemWatchService" daemon [_thread_in_native, id=7956, stack(0x000000fa618b0000,0x000000fa619b0000)]
  0x000002ccfd7d44d0 JavaThread "KubeJS Background Thread" daemon [_thread_blocked, id=11472, stack(0x000000fa619b0000,0x000000fa61ab0000)]
  0x000002cd0eadf0d0 JavaThread "FileSystemWatchService" daemon [_thread_in_native, id=25240, stack(0x000000fa617b0000,0x000000fa618b0000)]
  0x000002cd15f3c130 JavaThread "pool-10-thread-1" [_thread_blocked, id=4244, stack(0x000000fa61cb0000,0x000000fa61db0000)]
  0x000002cd15f3eec0 JavaThread "pool-12-thread-1" [_thread_blocked, id=25384, stack(0x000000fa61bb0000,0x000000fa61cb0000)]
  0x000002cd126b7d90 JavaThread "Thread-9" daemon [_thread_blocked, id=19508, stack(0x000000fa620b0000,0x000000fa621b0000)]
  0x000002cd126b96e0 JavaThread "FileSystemWatchService" daemon [_thread_in_native, id=19736, stack(0x000000fa621b0000,0x000000fa622b0000)]
  0x000002cd126bab20 JavaThread "FileSystemWatchService" daemon [_thread_in_native, id=21644, stack(0x000000fa627b0000,0x000000fa628b0000)]
  0x000002cd15f40d20 JavaThread "FileSystemWatchService" daemon [_thread_in_native, id=20900, stack(0x000000fa60db0000,0x000000fa60eb0000)]
  0x000002cd15f3df90 JavaThread "FileSystemWatchService" daemon [_thread_in_native, id=12336, stack(0x000000fa62bb0000,0x000000fa62cb0000)]
  0x000002cd15f41740 JavaThread "FileSystemWatchService" daemon [_thread_in_native, id=5968, stack(0x000000fa62eb0000,0x000000fa62fb0000)]
  0x000002cd15f42160 JavaThread "FileSystemWatchService" daemon [_thread_in_native, id=300, stack(0x000000fa628b0000,0x000000fa629b0000)]
  0x000002cd15f41c50 JavaThread "FileSystemWatchService" daemon [_thread_in_native, id=5044, stack(0x000000fa62cb0000,0x000000fa62db0000)]
  0x000002ccfd7d1c50 JavaThread "FileSystemWatchService" daemon [_thread_in_native, id=24980, stack(0x000000fa626b0000,0x000000fa627b0000)]
  0x000002cd126b9bf0 JavaThread "ConfigSaver" daemon [_thread_blocked, id=1888, stack(0x000000fa632b0000,0x000000fa633b0000)]
  0x000002cd126b7370 JavaThread "FileSystemWatchService" daemon [_thread_in_native, id=2112, stack(0x000000fa633b0000,0x000000fa634b0000)]
  0x000002ccfa6080f0 JavaThread "Auto-Sync thread" daemon [_thread_blocked, id=24876, stack(0x000000fa635b0000,0x000000fa636b0000)]
  0x000002cd0eadd270 JavaThread "WorldEdit Session Manager" [_thread_blocked, id=15056, stack(0x000000fa5d300000,0x000000fa5d400000)]
  0x000002cd139ef1f0 JavaThread "Thread-14" daemon [_thread_blocked, id=15508, stack(0x000000fa631b0000,0x000000fa632b0000)]
  0x000002cd139ed390 JavaThread "Cleaner-1" daemon [_thread_blocked, id=13688, stack(0x000000fa639b0000,0x000000fa63ab0000)]
  0x000002cd139f0120 JavaThread "Cleaner-2" daemon [_thread_blocked, id=11968, stack(0x000000fa63bb0000,0x000000fa63cb0000)]
  0x000002cd139efc10 JavaThread "Cleaner-3" daemon [_thread_blocked, id=15144, stack(0x000000fa63cb0000,0x000000fa63db0000)]
  0x000002cd139ec970 JavaThread "Cleaner-4" daemon [_thread_blocked, id=21068, stack(0x000000fa63db0000,0x000000fa63eb0000)]
  0x000002cd139f0630 JavaThread "spark-monitoring-thread" daemon [_thread_blocked, id=22676, stack(0x000000fa634b0000,0x000000fa635b0000)]
  0x000002cd139ece80 JavaThread "spark-worker-pool-1-thread-1" daemon [_thread_blocked, id=15028, stack(0x000000fa63eb0000,0x000000fa63fb0000)]
  0x000002cd15f81df0 JavaThread "Cleaner-5" daemon [_thread_blocked, id=15628, stack(0x000000fa62db0000,0x000000fa62eb0000)]
  0x000002cd253a80e0 JavaThread "HttpClient-5-SelectorManager" daemon [_thread_in_native, id=25512, stack(0x000000fa637b0000,0x000000fa638b0000)]
  0x000002cd15f80ec0 JavaThread "Fzzy Config File Watcher" [_thread_blocked, id=2412, stack(0x000000fa5fab0000,0x000000fa5fbb0000)]
  0x000002ccfef60d90 JavaThread "pool-22-thread-1" [_thread_blocked, id=22332, stack(0x000000fa63fb0000,0x000000fa640b0000)]
  0x000002cd15f7f060 JavaThread "pool-11-thread-1" [_thread_blocked, id=10264, stack(0x000000fa600b0000,0x000000fa601b0000)]
  0x000002cd25fa0140 JavaThread "Server thread" [_thread_blocked, id=4300, stack(0x000000fa5f8b0000,0x000000fa5f9b0000)]
  0x000002ccfef60370 JavaThread "FileSystemWatchService" daemon [_thread_in_native, id=18980, stack(0x000000fa61ab0000,0x000000fa61bb0000)]
  0x000002ccfee49000 JavaThread "spark-worker-pool-2-thread-1" daemon [_thread_blocked, id=19520, stack(0x000000fa625b0000,0x000000fa626b0000)]
  0x000002ccfee4a950 JavaThread "spark-java-sampler-0-0" [_thread_blocked, id=9376, stack(0x000000fa649b0000,0x000000fa64ab0000)]
  0x000002cd253a8b00 JavaThread "spark-java-sampler-0-1" [_thread_blocked, id=18168, stack(0x000000fa64ab0000,0x000000fa64bb0000)]
  0x000002cd253a9010 JavaThread "spark-java-sampler-0-2" [_thread_blocked, id=24408, stack(0x000000fa64bb0000,0x000000fa64cb0000)]
  0x000002cd253a71b0 JavaThread "spark-java-sampler-0-3" [_thread_blocked, id=404, stack(0x000000fa64cb0000,0x000000fa64db0000)]
  0x000002cd253a9520 JavaThread "spark-java-sampler-0-4" [_thread_blocked, id=16132, stack(0x000000fa64db0000,0x000000fa64eb0000)]
  0x000002cd253a9a30 JavaThread "spark-java-sampler-0-5" [_thread_blocked, id=408, stack(0x000000fa64eb0000,0x000000fa64fb0000)]
  0x000002ccfee4b370 JavaThread "Immersive Optimization Worker" daemon [_thread_blocked, id=24592, stack(0x000000fa604b0000,0x000000fa605b0000)]
  0x000002ccfee49510 JavaThread "C2ME Storage #1" daemon [_thread_blocked, id=4828, stack(0x000000fa5c800000,0x000000fa5c900000)]
  0x000002ccfee485e0 JavaThread "C2ME Storage #2" daemon [_thread_blocked, id=24036, stack(0x000000fa5e000000,0x000000fa5e100000)]
  0x000002ccfee48af0 JavaThread "C2ME Storage #3" daemon [_thread_blocked, id=10332, stack(0x000000fa5d100000,0x000000fa5d200000)]
  0x000002cd15ba88f0 JavaThread "C2ME Storage #4" daemon [_thread_blocked, id=5796, stack(0x000000fa5e100000,0x000000fa5e200000)]
  0x000002cd15ba83e0 JavaThread "C2ME Storage #5" daemon [_thread_blocked, id=24244, stack(0x000000fa60bb0000,0x000000fa60cb0000)]
  0x000002cd15ba6580 JavaThread "C2ME Storage #6" daemon [_thread_blocked, id=23968, stack(0x000000fa60cb0000,0x000000fa60db0000)]
  0x000002cd15ba9310 JavaThread "C2ME Storage #7" daemon [_thread_blocked, id=20780, stack(0x000000fa60fb0000,0x000000fa610b0000)]
  0x000002cd15ba74b0 JavaThread "C2ME Storage #8" daemon [_thread_blocked, id=10544, stack(0x000000fa623b0000,0x000000fa624b0000)]
  0x000002cd15ba7ed0 JavaThread "C2ME Storage #9" daemon [_thread_blocked, id=20940, stack(0x000000fa629b0000,0x000000fa62ab0000)]
  0x000002cd15ba6fa0 JavaThread "C2ME Storage #10" daemon [_thread_blocked, id=16400, stack(0x000000fa64fb0000,0x000000fa650b0000)]
  0x000002cd15ba9820 JavaThread "C2ME Storage #11" daemon [_thread_blocked, id=25560, stack(0x000000fa650b0000,0x000000fa651b0000)]
  0x000002cd997c2940 JavaThread "C2ME Storage #12" daemon [_thread_blocked, id=12668, stack(0x000000fa651b0000,0x000000fa652b0000)]
  0x000002cd997c4cb0 JavaThread "C2ME Storage #13" daemon [_thread_blocked, id=7388, stack(0x000000fa652b0000,0x000000fa653b0000)]
  0x000002cd997c3d80 JavaThread "C2ME Storage #14" daemon [_thread_blocked, id=15448, stack(0x000000fa653b0000,0x000000fa654b0000)]
  0x000002cd997c4290 JavaThread "C2ME Storage #15" daemon [_thread_blocked, id=23440, stack(0x000000fa654b0000,0x000000fa655b0000)]
  0x000002cd997c51c0 JavaThread "C2ME Storage #16" daemon [_thread_blocked, id=18852, stack(0x000000fa655b0000,0x000000fa656b0000)]
  0x000002cd997c56d0 JavaThread "C2ME Storage #17" daemon [_thread_blocked, id=24776, stack(0x000000fa656b0000,0x000000fa657b0000)]
  0x000002cd997c2430 JavaThread "C2ME Storage #18" daemon [_thread_blocked, id=8292, stack(0x000000fa657b0000,0x000000fa658b0000)]
  0x000002cd997c3360 JavaThread "C2ME Storage #19" daemon [_thread_blocked, id=16580, stack(0x000000fa658b0000,0x000000fa659b0000)]
  0x000002cd997c5be0 JavaThread "C2ME Storage #20" daemon [_thread_blocked, id=22368, stack(0x000000fa659b0000,0x000000fa65ab0000)]
  0x000002cd997c3870 JavaThread "C2ME Storage #21" daemon [_thread_blocked, id=24928, stack(0x000000fa65bb0000,0x000000fa65cb0000)]
  0x000002cd997c47a0 JavaThread "C2ME Storage #22" daemon [_thread_blocked, id=9068, stack(0x000000fa65cb0000,0x000000fa65db0000)]
  0x000002cd997c2e50 JavaThread "C2ME Storage #23" daemon [_thread_blocked, id=11628, stack(0x000000fa65db0000,0x000000fa65eb0000)]
  0x000002ccfa169be0 JavaThread "C2ME Storage #24" daemon [_thread_blocked, id=18172, stack(0x000000fa65eb0000,0x000000fa65fb0000)]
  0x000002ccfa16b020 JavaThread "C2ME Storage #25" daemon [_thread_blocked, id=23660, stack(0x000000fa65fb0000,0x000000fa660b0000)]
  0x000002ccfa16b530 JavaThread "C2ME Storage #26" daemon [_thread_blocked, id=13152, stack(0x000000fa660b0000,0x000000fa661b0000)]
  0x000002ccfa16ba40 JavaThread "C2ME Storage #27" daemon [_thread_blocked, id=18908, stack(0x000000fa661b0000,0x000000fa662b0000)]
  0x000002ccfa16bf50 JavaThread "C2ME Storage #28" daemon [_thread_blocked, id=23944, stack(0x000000fa662b0000,0x000000fa663b0000)]
  0x000002ccfa16a0f0 JavaThread "C2ME Storage #29" daemon [_thread_blocked, id=15036, stack(0x000000fa663b0000,0x000000fa664b0000)]
  0x000002ccfa16c460 JavaThread "C2ME Storage #30" daemon [_thread_blocked, id=18792, stack(0x000000fa664b0000,0x000000fa665b0000)]
  0x000002cd1203a620 JavaThread "C2ME Storage #31" daemon [_thread_blocked, id=24168, stack(0x000000fa665b0000,0x000000fa666b0000)]
  0x000002cd1203ab30 JavaThread "C2ME Storage #32" daemon [_thread_blocked, id=18876, stack(0x000000fa666b0000,0x000000fa667b0000)]
  0x000002cd120391e0 JavaThread "C2ME Storage #33" daemon [_thread_blocked, id=22576, stack(0x000000fa667b0000,0x000000fa668b0000)]
  0x000002cd120396f0 JavaThread "C2ME Storage #34" daemon [_thread_blocked, id=19584, stack(0x000000fa668b0000,0x000000fa669b0000)]
  0x000002ccf87af070 JavaThread "C2ME Storage #35" daemon [_thread_blocked, id=25312, stack(0x000000fa669b0000,0x000000fa66ab0000)]
  0x000002ccf87af580 JavaThread "C2ME Storage #36" daemon [_thread_blocked, id=17900, stack(0x000000fa66ab0000,0x000000fa66bb0000)]
  0x000002ccf9b48920 JavaThread "C2ME Storage #37" daemon [_thread_blocked, id=24784, stack(0x000000fa66bb0000,0x000000fa66cb0000)]
  0x000002ccf9b4bbc0 JavaThread "C2ME Storage #38" daemon [_thread_blocked, id=21024, stack(0x000000fa66cb0000,0x000000fa66db0000)]
  0x000002ccf9b49340 JavaThread "C2ME Storage #39" daemon [_thread_blocked, id=7256, stack(0x000000fa66db0000,0x000000fa66eb0000)]
  0x000002cd1046e2c0 JavaThread "C2ME Storage #40" daemon [_thread_blocked, id=20796, stack(0x000000fa66eb0000,0x000000fa66fb0000)]
  0x000002cd1046ce80 JavaThread "C2ME Storage #41" daemon [_thread_blocked, id=14708, stack(0x000000fa66fb0000,0x000000fa670b0000)]
  0x000002cd1046d390 JavaThread "C2ME Storage #42" daemon [_thread_blocked, id=23516, stack(0x000000fa670b0000,0x000000fa671b0000)]
  0x000002cd1046bf50 JavaThread "C2ME Storage #43" daemon [_thread_blocked, id=24332, stack(0x000000fa671b0000,0x000000fa672b0000)]
  0x000002cd1046d8a0 JavaThread "C2ME Storage #44" daemon [_thread_blocked, id=15040, stack(0x000000fa672b0000,0x000000fa673b0000)]
  0x000002cd1046c970 JavaThread "C2ME Storage #45" daemon [_thread_blocked, id=13064, stack(0x000000fa673b0000,0x000000fa674b0000)]
  0x000002cd1046e7d0 JavaThread "C2ME Storage #46" daemon [_thread_blocked, id=11900, stack(0x000000fa674b0000,0x000000fa675b0000)]
  0x000002cd1046b020 JavaThread "C2ME Storage #47" daemon [_thread_blocked, id=14464, stack(0x000000fa675b0000,0x000000fa676b0000)]
  0x000002cd1046ba40 JavaThread "C2ME Storage #48" daemon [_thread_blocked, id=24684, stack(0x000000fa676b0000,0x000000fa677b0000)]
  0x000002cd15f809b0 JavaThread "C2ME Storage #49" daemon [_thread_blocked, id=18428, stack(0x000000fa677b0000,0x000000fa678b0000)]
  0x000002cd15f804a0 JavaThread "C2ME Storage #50" daemon [_thread_blocked, id=25320, stack(0x000000fa678b0000,0x000000fa679b0000)]
  0x000002cd1222c930 JavaThread "C2ME Storage #51" daemon [_thread_blocked, id=6656, stack(0x000000fa679b0000,0x000000fa67ab0000)]
  0x000002cd1222aad0 JavaThread "C2ME Storage #52" daemon [_thread_blocked, id=22000, stack(0x000000fa67ab0000,0x000000fa67bb0000)]
  0x000002cd1222a5c0 JavaThread "C2ME Storage #53" daemon [_thread_blocked, id=22540, stack(0x000000fa67bb0000,0x000000fa67cb0000)]
  0x000002cd1222b4f0 JavaThread "C2ME Storage #54" daemon [_thread_blocked, id=18300, stack(0x000000fa67cb0000,0x000000fa67db0000)]
  0x000002cd1222afe0 JavaThread "C2ME Storage #55" daemon [_thread_blocked, id=14600, stack(0x000000fa67db0000,0x000000fa67eb0000)]
  0x000002cd1222ba00 JavaThread "C2ME Storage #56" daemon [_thread_blocked, id=21928, stack(0x000000fa67fb0000,0x000000fa680b0000)]
  0x000002ccf9b4b1a0 JavaThread "C2ME Storage #57" daemon [_thread_blocked, id=17216, stack(0x000000fa5b300000,0x000000fa5b400000)]
  0x000002ccf9b49850 JavaThread "c2me-sched" daemon [_thread_blocked, id=4844, stack(0x000000fa5df00000,0x000000fa5e000000)]
  0x000002ccf9b4c0d0 JavaThread "CompletableFutureDelayScheduler" daemon [_thread_blocked, id=20288, stack(0x000000fa680b0000,0x000000fa681b0000)]
  0x000002ccf87afa90 JavaThread "C2ME worker #1" daemon [_thread_blocked, id=22680, stack(0x000000fa681b0000,0x000000fa682b0000)]
  0x000002cd253a9f40 JavaThread "C2ME worker #2" daemon [_thread_blocked, id=19952, stack(0x000000fa682b0000,0x000000fa683b0000)]
  0x000002cd0c099f80 JavaThread "C2ME worker #3" daemon [_thread_blocked, id=24688, stack(0x000000fa683b0000,0x000000fa684b0000)]
  0x000002ccfd76eae0 JavaThread "HttpClient-6-SelectorManager" daemon [_thread_in_native, id=7116, stack(0x000000fa687b0000,0x000000fa688b0000)]
  0x000002ccfd76d6a0 JavaThread "iron431-patreon-service" daemon [_thread_blocked, id=6532, stack(0x000000fa688b0000,0x000000fa689b0000)]
  0x000002ccfd76d190 JavaThread "minecraft_overworld - Light" daemon [_thread_blocked, id=25264, stack(0x000000fa68bb0000,0x000000fa68cb0000)]
  0x000002ccff67a860 JavaThread "VoiceChatPacketProcessingThread" daemon [_thread_blocked, id=16036, stack(0x000000fa603b0000,0x000000fa604b0000)]
  0x000002ccff67b790 JavaThread "VoiceChatServerThread" daemon [_thread_in_native, id=23848, stack(0x000000fa65ab0000,0x000000fa65bb0000)]
  0x000002cdd8beb590 JavaThread "Netty Server IO #0" daemon [_thread_in_native, id=24424, stack(0x000000fa68db0000,0x000000fa68eb0000)]
  0x000002cd253a6ca0 JavaThread "Netty Local Client IO #0" daemon [_thread_blocked, id=24900, stack(0x000000fa68eb0000,0x000000fa68fb0000)]
  0x000002cd0dbe99c0 JavaThread "Netty Server IO #1" daemon [_thread_in_native, id=21640, stack(0x000000fa68fb0000,0x000000fa690b0000)]
  0x000002cd3ba17810 JavaThread "IO-Worker-2" [_thread_blocked, id=2900, stack(0x000000fa690b0000,0x000000fa691b0000)]
  0x000002cd3ba168e0 JavaThread "Sound engine" daemon [_thread_blocked, id=21492, stack(0x000000fa691b0000,0x000000fa692b0000)]
  0x000002cd3ba14060 JavaThread "Chunk Render Task Executor #0" [_thread_blocked, id=2856, stack(0x000000fa684b0000,0x000000fa685b0000)]
  0x000002cd3ba17300 JavaThread "Chunk Render Task Executor #1" [_thread_blocked, id=9064, stack(0x000000fa685b0000,0x000000fa686b0000)]
  0x000002cd3ba14570 JavaThread "Chunk Render Task Executor #2" [_thread_blocked, id=22040, stack(0x000000fa686b0000,0x000000fa687b0000)]
  0x000002cd3ba16df0 JavaThread "Chunk Render Task Executor #3" [_thread_blocked, id=6436, stack(0x000000fa68cb0000,0x000000fa68db0000)]
  0x000002cd3ba14a80 JavaThread "Chunk Render Task Executor #4" [_thread_blocked, id=3304, stack(0x000000fa692b0000,0x000000fa693b0000)]
  0x000002cd3ba159b0 JavaThread "Chunk Render Task Executor #5" [_thread_blocked, id=19536, stack(0x000000fa693b0000,0x000000fa694b0000)]
  0x000002cd3ba14f90 JavaThread "Chunk Render Task Executor #6" [_thread_blocked, id=24204, stack(0x000000fa694b0000,0x000000fa695b0000)]
  0x000002cd3ba15ec0 JavaThread "Chunk Render Task Executor #7" [_thread_blocked, id=23416, stack(0x000000fa695b0000,0x000000fa696b0000)]
  0x000002cd3ba154a0 JavaThread "Chunk Render Task Executor #8" [_thread_blocked, id=5900, stack(0x000000fa696b0000,0x000000fa697b0000)]
  0x000002cd3b9dcf30 JavaThread "Chunk Render Task Executor #9" [_thread_blocked, id=6956, stack(0x000000fa697b0000,0x000000fa698b0000)]
  0x000002cd25f9f210 JavaThread "Cull thread" [_thread_blocked, id=23960, stack(0x000000fa698b0000,0x000000fa699b0000)]
  0x000002cd0c09aeb0 JavaThread "Cleaner-6" daemon [_thread_blocked, id=23612, stack(0x000000fa699b0000,0x000000fa69ab0000)]
  0x000002cd998f0570 JavaThread "Flywheel Task Executor #0" [_thread_blocked, id=18460, stack(0x000000fa69eb0000,0x000000fa69fb0000)]
  0x000002cd998ef130 JavaThread "Flywheel Task Executor #1" [_thread_blocked, id=17644, stack(0x000000fa69fb0000,0x000000fa6a0b0000)]
  0x000002cd998f0f90 JavaThread "Flywheel Task Executor #2" [_thread_blocked, id=3280, stack(0x000000fa6a0b0000,0x000000fa6a1b0000)]
  0x000002cd998f0060 JavaThread "Flywheel Task Executor #3" [_thread_blocked, id=14800, stack(0x000000fa6a1b0000,0x000000fa6a2b0000)]
  0x000002cd998f14a0 JavaThread "Flywheel Task Executor #4" [_thread_blocked, id=23204, stack(0x000000fa6a2b0000,0x000000fa6a3b0000)]
  0x000002cd998f19b0 JavaThread "Flywheel Task Executor #5" [_thread_blocked, id=24604, stack(0x000000fa6a3b0000,0x000000fa6a4b0000)]
  0x000002cd998f0a80 JavaThread "Flywheel Task Executor #6" [_thread_blocked, id=1624, stack(0x000000fa6a4b0000,0x000000fa6a5b0000)]
  0x000002cd998f1ec0 JavaThread "Flywheel Task Executor #7" [_thread_blocked, id=22428, stack(0x000000fa6a5b0000,0x000000fa6a6b0000)]
  0x000002cd998ee710 JavaThread "Flywheel Task Executor #8" [_thread_blocked, id=23768, stack(0x000000fa6a6b0000,0x000000fa6a7b0000)]
  0x000002cd998efb50 JavaThread "Flywheel Task Executor #9" [_thread_blocked, id=19572, stack(0x000000fa6a7b0000,0x000000fa6a8b0000)]
  0x000002cd14c444c0 JavaThread "VoiceChatConnectionThread" daemon [_thread_in_native, id=20300, stack(0x000000fa6a8b0000,0x000000fa6a9b0000)]
  0x000002cd25f9f720 JavaThread "MicrophoneThread" daemon [_thread_blocked, id=21712, stack(0x000000fa69ab0000,0x000000fa69bb0000)]
  0x000002ccfee4a440 JavaThread "pool-14-thread-1" [_thread_blocked, id=22280, stack(0x000000fa6bc00000,0x000000fa6bd00000)]
  0x000002ccfee4ae60 JavaThread "pool-14-thread-2" [_thread_blocked, id=23528, stack(0x000000fa6bd00000,0x000000fa6be00000)]
  0x000002ccfee480d0 JavaThread "pool-14-thread-3" [_thread_blocked, id=23372, stack(0x000000fa6be00000,0x000000fa6bf00000)]
  0x000002ccfee49a20 JavaThread "pool-14-thread-4" [_thread_blocked, id=22588, stack(0x000000fa6bf00000,0x000000fa6c000000)]
  0x000002cd9b0391b0 JavaThread "pool-14-thread-5" [_thread_blocked, id=20776, stack(0x000000fa6c000000,0x000000fa6c100000)]
  0x000002cd9b037860 JavaThread "pool-14-thread-6" [_thread_blocked, id=17344, stack(0x000000fa6c100000,0x000000fa6c200000)]
  0x000002cd9b038280 JavaThread "pool-14-thread-7" [_thread_blocked, id=12092, stack(0x000000fa6c200000,0x000000fa6c300000)]
  0x000002cd9b037d70 JavaThread "pool-14-thread-8" [_thread_blocked, id=12496, stack(0x000000fa6c300000,0x000000fa6c400000)]
  0x000002cd9b038790 JavaThread "pool-14-thread-9" [_thread_blocked, id=7432, stack(0x000000fa6c400000,0x000000fa6c500000)]
  0x000002cd9b038ca0 JavaThread "pool-14-thread-10" [_thread_blocked, id=8564, stack(0x000000fa6c500000,0x000000fa6c600000)]
  0x000002cde0542300 JavaThread "pool-14-thread-11" [_thread_blocked, id=23832, stack(0x000000fa6c600000,0x000000fa6c700000)]
  0x000002cde0541df0 JavaThread "pool-14-thread-12" [_thread_blocked, id=7008, stack(0x000000fa6c700000,0x000000fa6c800000)]
  0x000002cde0542810 JavaThread "pool-14-thread-13" [_thread_blocked, id=19432, stack(0x000000fa6c800000,0x000000fa6c900000)]
  0x000002cde053ff90 JavaThread "pool-14-thread-14" [_thread_blocked, id=412, stack(0x000000fa6c900000,0x000000fa6ca00000)]
  0x000002cde0542d20 JavaThread "pool-14-thread-15" [_thread_blocked, id=21124, stack(0x000000fa6ca00000,0x000000fa6cb00000)]
  0x000002cd139ee2c0 JavaThread "Citadel Pathfinding Worker #0" daemon [_thread_blocked, id=13224, stack(0x000000fa6aeb0000,0x000000fa6afb0000)]
  0x000002cdd8bb94a0 JavaThread "pool-15-thread-1" [_thread_blocked, id=22144, stack(0x000000fa6cf00000,0x000000fa6d000000)]
  0x000002cdd8bbadf0 JavaThread "pool-15-thread-2" [_thread_blocked, id=20092, stack(0x000000fa6d100000,0x000000fa6d200000)]
  0x000002cddfad48e0 JavaThread "Worker-Main-22" daemon [_thread_blocked, id=12316, stack(0x000000fa606b0000,0x000000fa607b0000)]
  0x000002cd126b6e60 JavaThread "Worker-Main-31" daemon [_thread_blocked, id=25092, stack(0x000000fa5e300000,0x000000fa5e400000)]
  0x000002cd0e6cee50 JavaThread "Worker-Main-32" daemon [_thread_blocked, id=13996, stack(0x000000fa622b0000,0x000000fa623b0000)]
  0x000002cdd6945df0 JavaThread "ForkJoinPool.commonPool-worker-64" daemon [_thread_blocked, id=22620, stack(0x000000fa5b400000,0x000000fa5b500000)]
  0x000002cd0c099560 JavaThread "HttpClient-6-Worker-32" daemon [_thread_blocked, id=18164, stack(0x000000fa5c900000,0x000000fa5ca00000)]
  0x000002cd126b36b0 JavaThread "HttpClient-6-Worker-33" daemon [_thread_blocked, id=1960, stack(0x000000fa5e4b0000,0x000000fa5e5b0000)]
  0x000002cd3a786e60 JavaThread "AWT-Shutdown" [_thread_blocked, id=18912, stack(0x000000fa5f0b0000,0x000000fa5f1b0000)]
  0x000002cd3a786440 JavaThread "AWT-EventQueue-0" [_thread_blocked, id=13184, stack(0x000000fa5fbb0000,0x000000fa5fcb0000)]

Other Threads:
  0x000002ccb181a0e0 VMThread "VM Thread" [stack: 0x000000fa5bc00000,0x000000fa5bd00000] [id=25268]
  0x000002ccb26bccf0 WatcherThread [stack: 0x000000fa5cb00000,0x000000fa5cc00000] [id=2776]
  0x000002cc826d0670 GCTaskThread "GC Thread#0" [stack: 0x000000fa5b700000,0x000000fa5b800000] [id=20720]
  0x000002ccb28046d0 GCTaskThread "GC Thread#1" [stack: 0x000000fa5cc00000,0x000000fa5cd00000] [id=22876]
  0x000002ccf833c010 GCTaskThread "GC Thread#2" [stack: 0x000000fa5cd00000,0x000000fa5ce00000] [id=14832]
  0x000002ccf833c2d0 GCTaskThread "GC Thread#3" [stack: 0x000000fa5ce00000,0x000000fa5cf00000] [id=18156]
  0x000002ccf833c590 GCTaskThread "GC Thread#4" [stack: 0x000000fa5cf00000,0x000000fa5d000000] [id=13616]
  0x000002ccf833c850 GCTaskThread "GC Thread#5" [stack: 0x000000fa5d000000,0x000000fa5d100000] [id=13576]
  0x000002ccfb3c6220 GCTaskThread "GC Thread#6" [stack: 0x000000fa5d600000,0x000000fa5d700000] [id=12024]
  0x000002ccf92b7c10 GCTaskThread "GC Thread#7" [stack: 0x000000fa5d700000,0x000000fa5d800000] [id=20120]
  0x000002ccfbbfc320 GCTaskThread "GC Thread#8" [stack: 0x000000fa5d800000,0x000000fa5d900000] [id=24108]
  0x000002ccfb7eb820 GCTaskThread "GC Thread#9" [stack: 0x000000fa5d900000,0x000000fa5da00000] [id=18296]
  0x000002ccfa048af0 GCTaskThread "GC Thread#10" [stack: 0x000000fa5da00000,0x000000fa5db00000] [id=24860]
  0x000002ccfa367a00 GCTaskThread "GC Thread#11" [stack: 0x000000fa5db00000,0x000000fa5dc00000] [id=2388]
  0x000002ccf933a670 GCTaskThread "GC Thread#12" [stack: 0x000000fa5e5b0000,0x000000fa5e6b0000] [id=3592]
  0x000002cc826d9c30 ConcurrentGCThread "G1 Main Marker" [stack: 0x000000fa5b800000,0x000000fa5b900000] [id=25432]
  0x000002cc826db0d0 ConcurrentGCThread "G1 Conc#0" [stack: 0x000000fa5b900000,0x000000fa5ba00000] [id=22352]
  0x000002ccf933abf0 ConcurrentGCThread "G1 Conc#1" [stack: 0x000000fa5e6b0000,0x000000fa5e7b0000] [id=24988]
  0x000002ccf9338af0 ConcurrentGCThread "G1 Conc#2" [stack: 0x000000fa5e7b0000,0x000000fa5e8b0000] [id=21908]
  0x000002ccb175d010 ConcurrentGCThread "G1 Refine#0" [stack: 0x000000fa5ba00000,0x000000fa5bb00000] [id=25016]
  0x000002ccf9535950 ConcurrentGCThread "G1 Refine#1" [stack: 0x000000fa5f1b0000,0x000000fa5f2b0000] [id=13260]
  0x000002ccf9539120 ConcurrentGCThread "G1 Refine#2" [stack: 0x000000fa5f2b0000,0x000000fa5f3b0000] [id=11352]
  0x000002ccf9535c40 ConcurrentGCThread "G1 Refine#3" [stack: 0x000000fa5f3b0000,0x000000fa5f4b0000] [id=1460]
  0x000002ccf9535f30 ConcurrentGCThread "G1 Refine#4" [stack: 0x000000fa5f4b0000,0x000000fa5f5b0000] [id=5964]
  0x000002ccf9536220 ConcurrentGCThread "G1 Refine#5" [stack: 0x000000fa5f5b0000,0x000000fa5f6b0000] [id=18992]
  0x000002ccf9cebad0 ConcurrentGCThread "G1 Refine#6" [stack: 0x000000fa5edb0000,0x000000fa5eeb0000] [id=23988]
  0x000002cd14962e80 ConcurrentGCThread "G1 Refine#7" [stack: 0x000000fa5eeb0000,0x000000fa5efb0000] [id=5208]
  0x000002cd14963170 ConcurrentGCThread "G1 Refine#8" [stack: 0x000000fa5f6b0000,0x000000fa5f7b0000] [id=20596]
  0x000002cd14963750 ConcurrentGCThread "G1 Refine#9" [stack: 0x000000fa5ecb0000,0x000000fa5edb0000] [id=18244]
  0x000002cd14963a40 ConcurrentGCThread "G1 Refine#10" [stack: 0x000000fa5f7b0000,0x000000fa5f8b0000] [id=4664]
  0x000002cd0dd61cb0 ConcurrentGCThread "G1 Refine#11" [stack: 0x000000fa5c700000,0x000000fa5c800000] [id=5860]
  0x000002cd0dd62870 ConcurrentGCThread "G1 Refine#12" [stack: 0x000000fa60ab0000,0x000000fa60bb0000] [id=20236]
  0x000002ccb175e410 ConcurrentGCThread "G1 Service" [stack: 0x000000fa5bb00000,0x000000fa5bc00000] [id=25520]

Threads with active compile tasks:

VM state: not at safepoint (normal execution)

VM Mutex/Monitor currently owned by a thread: None

Heap address: 0x00000005e8000000, size: 8576 MB, Compressed Oops mode: Zero based, Oop shift amount: 3

CDS archive(s) mapped at: [0x000002ccb3000000-0x000002ccb3bb0000-0x000002ccb3bb0000), size 12255232, SharedBaseAddress: 0x000002ccb3000000, ArchiveRelocationMode: 1.
Compressed class space mapped at: 0x000002ccb4000000-0x000002ccf4000000, reserved size: 1073741824
Narrow klass base: 0x000002ccb3000000, Narrow klass shift: 0, Narrow klass range: 0x100000000

GC Precious Log:
 CPUs: 16 total, 16 available
 Memory: 15776M
 Large Page Support: Disabled
 NUMA Support: Disabled
 Compressed Oops: Enabled (Zero based)
 Heap Region Size: 8M
 Heap Min Capacity: 256M
 Heap Initial Capacity: 256M
 Heap Max Capacity: 8576M
 Pre-touch: Disabled
 Parallel Workers: 13
 Concurrent Workers: 3
 Concurrent Refinement Workers: 13
 Periodic GC: Disabled

Heap:
 garbage-first heap   total 8781824K, used 6595626K [0x00000005e8000000, 0x0000000800000000)
  region size 8192K, 226 young (1851392K), 1 survivors (8192K)
 Metaspace       used 568686K, committed 574592K, reserved 1507328K
  class space    used 118480K, committed 120832K, reserved 1048576K

Heap Regions: E=young(eden), S=young(survivor), O=old, HS=humongous(starts), HC=humongous(continues), CS=collection set, F=free, OA=open archive, CA=closed archive, TAMS=top-at-mark-start (previous, next)
|   0|0x00000005e8000000, 0x00000005e8800000, 0x00000005e8800000|100%| O|  |TAMS 0x00000005e8800000, 0x00000005e8000000| Untracked 
|   1|0x00000005e8800000, 0x00000005e9000000, 0x00000005e9000000|100%| O|  |TAMS 0x00000005e9000000, 0x00000005e8800000| Untracked 
|   2|0x00000005e9000000, 0x00000005e9800000, 0x00000005e9800000|100%| O|  |TAMS 0x00000005e9800000, 0x00000005e9000000| Untracked 
|   3|0x00000005e9800000, 0x00000005ea000000, 0x00000005ea000000|100%| O|  |TAMS 0x00000005ea000000, 0x00000005e9800000| Untracked 
|   4|0x00000005ea000000, 0x00000005ea800000, 0x00000005ea800000|100%| O|  |TAMS 0x00000005ea800000, 0x00000005ea000000| Untracked 
|   5|0x00000005ea800000, 0x00000005eb000000, 0x00000005eb000000|100%| O|  |TAMS 0x00000005eb000000, 0x00000005ea800000| Untracked 
|   6|0x00000005eb000000, 0x00000005eb800000, 0x00000005eb800000|100%| O|  |TAMS 0x00000005eb800000, 0x00000005eb000000| Untracked 
|   7|0x00000005eb800000, 0x00000005ec000000, 0x00000005ec000000|100%| O|  |TAMS 0x00000005ec000000, 0x00000005eb800000| Untracked 
|   8|0x00000005ec000000, 0x00000005ec800000, 0x00000005ec800000|100%| O|  |TAMS 0x00000005ec800000, 0x00000005ec000000| Untracked 
|   9|0x00000005ec800000, 0x00000005ed000000, 0x00000005ed000000|100%| O|  |TAMS 0x00000005ed000000, 0x00000005ec800000| Untracked 
|  10|0x00000005ed000000, 0x00000005ed800000, 0x00000005ed800000|100%| O|  |TAMS 0x00000005ed800000, 0x00000005ed000000| Untracked 
|  11|0x00000005ed800000, 0x00000005ee000000, 0x00000005ee000000|100%| O|  |TAMS 0x00000005ee000000, 0x00000005ed800000| Untracked 
|  12|0x00000005ee000000, 0x00000005ee800000, 0x00000005ee800000|100%| O|  |TAMS 0x00000005ee800000, 0x00000005ee000000| Untracked 
|  13|0x00000005ee800000, 0x00000005ef000000, 0x00000005ef000000|100%| O|  |TAMS 0x00000005ef000000, 0x00000005ee800000| Untracked 
|  14|0x00000005ef000000, 0x00000005ef800000, 0x00000005ef800000|100%| O|  |TAMS 0x00000005ef800000, 0x00000005ef000000| Untracked 
|  15|0x00000005ef800000, 0x00000005f0000000, 0x00000005f0000000|100%| O|  |TAMS 0x00000005f0000000, 0x00000005ef800000| Untracked 
|  16|0x00000005f0000000, 0x00000005f0800000, 0x00000005f0800000|100%| O|  |TAMS 0x00000005f0800000, 0x00000005f0000000| Untracked 
|  17|0x00000005f0800000, 0x00000005f1000000, 0x00000005f1000000|100%| O|  |TAMS 0x00000005f1000000, 0x00000005f0800000| Untracked 
|  18|0x00000005f1000000, 0x00000005f1800000, 0x00000005f1800000|100%| O|  |TAMS 0x00000005f1800000, 0x00000005f1000000| Untracked 
|  19|0x00000005f1800000, 0x00000005f2000000, 0x00000005f2000000|100%| O|  |TAMS 0x00000005f2000000, 0x00000005f1800000| Untracked 
|  20|0x00000005f2000000, 0x00000005f2800000, 0x00000005f2800000|100%| O|  |TAMS 0x00000005f2800000, 0x00000005f2000000| Untracked 
|  21|0x00000005f2800000, 0x00000005f3000000, 0x00000005f3000000|100%| O|  |TAMS 0x00000005f3000000, 0x00000005f2800000| Untracked 
|  22|0x00000005f3000000, 0x00000005f3800000, 0x00000005f3800000|100%|HS|  |TAMS 0x00000005f3800000, 0x00000005f3000000| Complete 
|  23|0x00000005f3800000, 0x00000005f4000000, 0x00000005f4000000|100%| O|  |TAMS 0x00000005f4000000, 0x00000005f3800000| Untracked 
|  24|0x00000005f4000000, 0x00000005f4800000, 0x00000005f4800000|100%| O|  |TAMS 0x00000005f4800000, 0x00000005f4000000| Untracked 
|  25|0x00000005f4800000, 0x00000005f5000000, 0x00000005f5000000|100%| O|  |TAMS 0x00000005f5000000, 0x00000005f4800000| Untracked 
|  26|0x00000005f5000000, 0x00000005f5800000, 0x00000005f5800000|100%| O|  |TAMS 0x00000005f5800000, 0x00000005f5000000| Untracked 
|  27|0x00000005f5800000, 0x00000005f6000000, 0x00000005f6000000|100%| O|  |TAMS 0x00000005f6000000, 0x00000005f5800000| Untracked 
|  28|0x00000005f6000000, 0x00000005f6800000, 0x00000005f6800000|100%| O|  |TAMS 0x00000005f6800000, 0x00000005f6000000| Untracked 
|  29|0x00000005f6800000, 0x00000005f7000000, 0x00000005f7000000|100%| O|  |TAMS 0x00000005f7000000, 0x00000005f6800000| Untracked 
|  30|0x00000005f7000000, 0x00000005f7800000, 0x00000005f7800000|100%| O|  |TAMS 0x00000005f7800000, 0x00000005f7000000| Untracked 
|  31|0x00000005f7800000, 0x00000005f8000000, 0x00000005f8000000|100%| O|  |TAMS 0x00000005f8000000, 0x00000005f7800000| Untracked 
|  32|0x00000005f8000000, 0x00000005f8800000, 0x00000005f8800000|100%| O|  |TAMS 0x00000005f8800000, 0x00000005f8000000| Untracked 
|  33|0x00000005f8800000, 0x00000005f9000000, 0x00000005f9000000|100%| O|  |TAMS 0x00000005f9000000, 0x00000005f8800000| Untracked 
|  34|0x00000005f9000000, 0x00000005f9800000, 0x00000005f9800000|100%| O|  |TAMS 0x00000005f9800000, 0x00000005f9000000| Untracked 
|  35|0x00000005f9800000, 0x00000005fa000000, 0x00000005fa000000|100%| O|  |TAMS 0x00000005fa000000, 0x00000005f9800000| Untracked 
|  36|0x00000005fa000000, 0x00000005fa800000, 0x00000005fa800000|100%| O|  |TAMS 0x00000005fa800000, 0x00000005fa000000| Untracked 
|  37|0x00000005fa800000, 0x00000005fb000000, 0x00000005fb000000|100%| O|  |TAMS 0x00000005fb000000, 0x00000005fa800000| Untracked 
|  38|0x00000005fb000000, 0x00000005fb800000, 0x00000005fb800000|100%| O|  |TAMS 0x00000005fb800000, 0x00000005fb000000| Untracked 
|  39|0x00000005fb800000, 0x00000005fc000000, 0x00000005fc000000|100%| O|  |TAMS 0x00000005fc000000, 0x00000005fb800000| Untracked 
|  40|0x00000005fc000000, 0x00000005fc800000, 0x00000005fc800000|100%| O|  |TAMS 0x00000005fc800000, 0x00000005fc000000| Untracked 
|  41|0x00000005fc800000, 0x00000005fd000000, 0x00000005fd000000|100%| O|  |TAMS 0x00000005fd000000, 0x00000005fc800000| Untracked 
|  42|0x00000005fd000000, 0x00000005fd7ffff8, 0x00000005fd800000| 99%| O|  |TAMS 0x00000005fd7ffff8, 0x00000005fd000000| Untracked 
|  43|0x00000005fd800000, 0x00000005fe000000, 0x00000005fe000000|100%| O|  |TAMS 0x00000005fe000000, 0x00000005fd800000| Untracked 
|  44|0x00000005fe000000, 0x00000005fe800000, 0x00000005fe800000|100%| O|  |TAMS 0x00000005fe800000, 0x00000005fe000000| Untracked 
|  45|0x00000005fe800000, 0x00000005ff000000, 0x00000005ff000000|100%| O|  |TAMS 0x00000005ff000000, 0x00000005fe800000| Untracked 
|  46|0x00000005ff000000, 0x00000005ff800000, 0x00000005ff800000|100%| O|  |TAMS 0x00000005ff800000, 0x00000005ff000000| Untracked 
|  47|0x00000005ff800000, 0x0000000600000000, 0x0000000600000000|100%| O|  |TAMS 0x0000000600000000, 0x00000005ff800000| Untracked 
|  48|0x0000000600000000, 0x0000000600800000, 0x0000000600800000|100%| O|  |TAMS 0x0000000600800000, 0x0000000600000000| Untracked 
|  49|0x0000000600800000, 0x0000000601000000, 0x0000000601000000|100%| O|  |TAMS 0x0000000601000000, 0x0000000600800000| Untracked 
|  50|0x0000000601000000, 0x0000000601800000, 0x0000000601800000|100%|HS|  |TAMS 0x0000000601800000, 0x0000000601000000| Complete 
|  51|0x0000000601800000, 0x0000000602000000, 0x0000000602000000|100%| O|  |TAMS 0x0000000602000000, 0x0000000601800000| Untracked 
|  52|0x0000000602000000, 0x0000000602800000, 0x0000000602800000|100%| O|  |TAMS 0x0000000602800000, 0x0000000602000000| Untracked 
|  53|0x0000000602800000, 0x0000000603000000, 0x0000000603000000|100%| O|  |TAMS 0x0000000603000000, 0x0000000602800000| Untracked 
|  54|0x0000000603000000, 0x0000000603800000, 0x0000000603800000|100%| O|  |TAMS 0x0000000603800000, 0x0000000603000000| Untracked 
|  55|0x0000000603800000, 0x0000000604000000, 0x0000000604000000|100%| O|  |TAMS 0x0000000604000000, 0x0000000603800000| Untracked 
|  56|0x0000000604000000, 0x0000000604800000, 0x0000000604800000|100%| O|  |TAMS 0x0000000604800000, 0x0000000604000000| Untracked 
|  57|0x0000000604800000, 0x0000000605000000, 0x0000000605000000|100%| O|  |TAMS 0x0000000605000000, 0x0000000604800000| Untracked 
|  58|0x0000000605000000, 0x0000000605800000, 0x0000000605800000|100%| O|  |TAMS 0x0000000605800000, 0x0000000605000000| Untracked 
|  59|0x0000000605800000, 0x0000000606000000, 0x0000000606000000|100%| O|  |TAMS 0x0000000606000000, 0x0000000605800000| Untracked 
|  60|0x0000000606000000, 0x0000000606800000, 0x0000000606800000|100%| O|  |TAMS 0x0000000606800000, 0x0000000606000000| Untracked 
|  61|0x0000000606800000, 0x0000000607000000, 0x0000000607000000|100%| O|  |TAMS 0x0000000607000000, 0x0000000606800000| Untracked 
|  62|0x0000000607000000, 0x0000000607800000, 0x0000000607800000|100%| O|  |TAMS 0x0000000607800000, 0x0000000607000000| Untracked 
|  63|0x0000000607800000, 0x0000000608000000, 0x0000000608000000|100%| O|  |TAMS 0x0000000608000000, 0x0000000607800000| Untracked 
|  64|0x0000000608000000, 0x0000000608800000, 0x0000000608800000|100%| O|  |TAMS 0x0000000608800000, 0x0000000608000000| Untracked 
|  65|0x0000000608800000, 0x0000000609000000, 0x0000000609000000|100%| O|  |TAMS 0x0000000609000000, 0x0000000608800000| Untracked 
|  66|0x0000000609000000, 0x0000000609800000, 0x0000000609800000|100%| O|  |TAMS 0x0000000609800000, 0x0000000609000000| Untracked 
|  67|0x0000000609800000, 0x000000060a000000, 0x000000060a000000|100%| O|  |TAMS 0x000000060a000000, 0x0000000609800000| Untracked 
|  68|0x000000060a000000, 0x000000060a800000, 0x000000060a800000|100%| O|  |TAMS 0x000000060a800000, 0x000000060a000000| Untracked 
|  69|0x000000060a800000, 0x000000060b000000, 0x000000060b000000|100%| O|  |TAMS 0x000000060b000000, 0x000000060a800000| Untracked 
|  70|0x000000060b000000, 0x000000060b800000, 0x000000060b800000|100%| O|  |TAMS 0x000000060b800000, 0x000000060b000000| Untracked 
|  71|0x000000060b800000, 0x000000060c000000, 0x000000060c000000|100%| O|  |TAMS 0x000000060c000000, 0x000000060b800000| Untracked 
|  72|0x000000060c000000, 0x000000060c800000, 0x000000060c800000|100%|HS|  |TAMS 0x000000060c800000, 0x000000060c000000| Complete 
|  73|0x000000060c800000, 0x000000060d000000, 0x000000060d000000|100%| O|  |TAMS 0x000000060d000000, 0x000000060c800000| Untracked 
|  74|0x000000060d000000, 0x000000060d800000, 0x000000060d800000|100%| O|  |TAMS 0x000000060d800000, 0x000000060d000000| Untracked 
|  75|0x000000060d800000, 0x000000060e000000, 0x000000060e000000|100%| O|  |TAMS 0x000000060e000000, 0x000000060d800000| Untracked 
|  76|0x000000060e000000, 0x000000060e800000, 0x000000060e800000|100%| O|  |TAMS 0x000000060e800000, 0x000000060e000000| Untracked 
|  77|0x000000060e800000, 0x000000060f000000, 0x000000060f000000|100%| O|  |TAMS 0x000000060f000000, 0x000000060e800000| Untracked 
|  78|0x000000060f000000, 0x000000060f800000, 0x000000060f800000|100%| O|  |TAMS 0x000000060f800000, 0x000000060f000000| Untracked 
|  79|0x000000060f800000, 0x0000000610000000, 0x0000000610000000|100%|HS|  |TAMS 0x0000000610000000, 0x000000060f800000| Complete 
|  80|0x0000000610000000, 0x0000000610800000, 0x0000000610800000|100%|HC|  |TAMS 0x0000000610800000, 0x0000000610000000| Complete 
|  81|0x0000000610800000, 0x0000000611000000, 0x0000000611000000|100%| O|  |TAMS 0x0000000611000000, 0x0000000610800000| Untracked 
|  82|0x0000000611000000, 0x0000000611800000, 0x0000000611800000|100%| O|  |TAMS 0x0000000611800000, 0x0000000611000000| Untracked 
|  83|0x0000000611800000, 0x0000000612000000, 0x0000000612000000|100%| O|  |TAMS 0x0000000612000000, 0x0000000611800000| Untracked 
|  84|0x0000000612000000, 0x0000000612800000, 0x0000000612800000|100%| O|  |TAMS 0x0000000612800000, 0x0000000612000000| Untracked 
|  85|0x0000000612800000, 0x0000000613000000, 0x0000000613000000|100%| O|  |TAMS 0x0000000613000000, 0x0000000612800000| Untracked 
|  86|0x0000000613000000, 0x0000000613800000, 0x0000000613800000|100%| O|  |TAMS 0x0000000613800000, 0x0000000613000000| Untracked 
|  87|0x0000000613800000, 0x0000000614000000, 0x0000000614000000|100%| O|  |TAMS 0x0000000614000000, 0x0000000613800000| Untracked 
|  88|0x0000000614000000, 0x0000000614800000, 0x0000000614800000|100%| O|  |TAMS 0x0000000614800000, 0x0000000614000000| Untracked 
|  89|0x0000000614800000, 0x0000000615000000, 0x0000000615000000|100%| O|  |TAMS 0x0000000615000000, 0x0000000614800000| Untracked 
|  90|0x0000000615000000, 0x0000000615800000, 0x0000000615800000|100%| O|  |TAMS 0x0000000615800000, 0x0000000615000000| Untracked 
|  91|0x0000000615800000, 0x0000000616000000, 0x0000000616000000|100%| O|  |TAMS 0x0000000616000000, 0x0000000615800000| Untracked 
|  92|0x0000000616000000, 0x0000000616800000, 0x0000000616800000|100%| O|  |TAMS 0x0000000616800000, 0x0000000616000000| Untracked 
|  93|0x0000000616800000, 0x0000000617000000, 0x0000000617000000|100%| O|  |TAMS 0x0000000617000000, 0x0000000616800000| Untracked 
|  94|0x0000000617000000, 0x0000000617800000, 0x0000000617800000|100%| O|  |TAMS 0x0000000617800000, 0x0000000617000000| Untracked 
|  95|0x0000000617800000, 0x0000000618000000, 0x0000000618000000|100%| O|  |TAMS 0x0000000618000000, 0x0000000617800000| Untracked 
|  96|0x0000000618000000, 0x0000000618800000, 0x0000000618800000|100%| O|  |TAMS 0x0000000618800000, 0x0000000618000000| Untracked 
|  97|0x0000000618800000, 0x0000000619000000, 0x0000000619000000|100%| O|  |TAMS 0x0000000619000000, 0x0000000618800000| Untracked 
|  98|0x0000000619000000, 0x0000000619800000, 0x0000000619800000|100%| O|  |TAMS 0x0000000619800000, 0x0000000619000000| Untracked 
|  99|0x0000000619800000, 0x000000061a000000, 0x000000061a000000|100%| O|  |TAMS 0x000000061a000000, 0x0000000619800000| Untracked 
| 100|0x000000061a000000, 0x000000061a800000, 0x000000061a800000|100%| O|  |TAMS 0x000000061a800000, 0x000000061a000000| Untracked 
| 101|0x000000061a800000, 0x000000061b000000, 0x000000061b000000|100%| O|  |TAMS 0x000000061b000000, 0x000000061a800000| Untracked 
| 102|0x000000061b000000, 0x000000061b800000, 0x000000061b800000|100%| O|  |TAMS 0x000000061b800000, 0x000000061b000000| Untracked 
| 103|0x000000061b800000, 0x000000061c000000, 0x000000061c000000|100%| O|  |TAMS 0x000000061c000000, 0x000000061b800000| Untracked 
| 104|0x000000061c000000, 0x000000061c800000, 0x000000061c800000|100%| O|  |TAMS 0x000000061c800000, 0x000000061c000000| Untracked 
| 105|0x000000061c800000, 0x000000061d000000, 0x000000061d000000|100%| O|  |TAMS 0x000000061d000000, 0x000000061c800000| Untracked 
| 106|0x000000061d000000, 0x000000061d800000, 0x000000061d800000|100%| O|  |TAMS 0x000000061d800000, 0x000000061d000000| Untracked 
| 107|0x000000061d800000, 0x000000061e000000, 0x000000061e000000|100%| O|  |TAMS 0x000000061e000000, 0x000000061d800000| Untracked 
| 108|0x000000061e000000, 0x000000061e800000, 0x000000061e800000|100%| O|  |TAMS 0x000000061e800000, 0x000000061e000000| Untracked 
| 109|0x000000061e800000, 0x000000061f000000, 0x000000061f000000|100%| O|  |TAMS 0x000000061f000000, 0x000000061e800000| Untracked 
| 110|0x000000061f000000, 0x000000061f800000, 0x000000061f800000|100%| O|  |TAMS 0x000000061f800000, 0x000000061f000000| Untracked 
| 111|0x000000061f800000, 0x0000000620000000, 0x0000000620000000|100%| O|  |TAMS 0x0000000620000000, 0x000000061f800000| Untracked 
| 112|0x0000000620000000, 0x0000000620800000, 0x0000000620800000|100%| O|  |TAMS 0x0000000620800000, 0x0000000620000000| Untracked 
| 113|0x0000000620800000, 0x0000000621000000, 0x0000000621000000|100%| O|  |TAMS 0x0000000621000000, 0x0000000620800000| Untracked 
| 114|0x0000000621000000, 0x0000000621800000, 0x0000000621800000|100%| O|  |TAMS 0x0000000621800000, 0x0000000621000000| Untracked 
| 115|0x0000000621800000, 0x0000000622000000, 0x0000000622000000|100%| O|  |TAMS 0x0000000622000000, 0x0000000621800000| Untracked 
| 116|0x0000000622000000, 0x0000000622800000, 0x0000000622800000|100%| O|  |TAMS 0x0000000622800000, 0x0000000622000000| Untracked 
| 117|0x0000000622800000, 0x0000000623000000, 0x0000000623000000|100%| O|  |TAMS 0x0000000623000000, 0x0000000622800000| Untracked 
| 118|0x0000000623000000, 0x0000000623800000, 0x0000000623800000|100%| O|  |TAMS 0x0000000623800000, 0x0000000623000000| Untracked 
| 119|0x0000000623800000, 0x0000000624000000, 0x0000000624000000|100%| O|  |TAMS 0x0000000624000000, 0x0000000623800000| Untracked 
| 120|0x0000000624000000, 0x0000000624800000, 0x0000000624800000|100%| O|  |TAMS 0x0000000624800000, 0x0000000624000000| Untracked 
| 121|0x0000000624800000, 0x0000000625000000, 0x0000000625000000|100%| O|  |TAMS 0x0000000624800000, 0x0000000624800000| Untracked 
| 122|0x0000000625000000, 0x0000000625800000, 0x0000000625800000|100%| O|  |TAMS 0x0000000625800000, 0x0000000625000000| Untracked 
| 123|0x0000000625800000, 0x0000000626000000, 0x0000000626000000|100%| O|  |TAMS 0x0000000626000000, 0x0000000625800000| Untracked 
| 124|0x0000000626000000, 0x0000000626800000, 0x0000000626800000|100%| O|  |TAMS 0x0000000626800000, 0x0000000626000000| Untracked 
| 125|0x0000000626800000, 0x0000000627000000, 0x0000000627000000|100%| O|  |TAMS 0x0000000627000000, 0x0000000626800000| Untracked 
| 126|0x0000000627000000, 0x0000000627800000, 0x0000000627800000|100%| O|  |TAMS 0x0000000627800000, 0x0000000627000000| Untracked 
| 127|0x0000000627800000, 0x0000000628000000, 0x0000000628000000|100%| O|  |TAMS 0x0000000628000000, 0x0000000627800000| Untracked 
| 128|0x0000000628000000, 0x0000000628800000, 0x0000000628800000|100%| O|  |TAMS 0x0000000628800000, 0x0000000628000000| Untracked 
| 129|0x0000000628800000, 0x0000000628b22c00, 0x0000000629000000| 39%| O|  |TAMS 0x0000000628800000, 0x0000000628800000| Untracked 
| 130|0x0000000629000000, 0x0000000629800000, 0x0000000629800000|100%| O|  |TAMS 0x0000000629800000, 0x0000000629000000| Untracked 
| 131|0x0000000629800000, 0x000000062a000000, 0x000000062a000000|100%| O|  |TAMS 0x000000062a000000, 0x0000000629800000| Untracked 
| 132|0x000000062a000000, 0x000000062a800000, 0x000000062a800000|100%| O|  |TAMS 0x000000062a800000, 0x000000062a000000| Untracked 
| 133|0x000000062a800000, 0x000000062b000000, 0x000000062b000000|100%| O|  |TAMS 0x000000062b000000, 0x000000062a800000| Untracked 
| 134|0x000000062b000000, 0x000000062b800000, 0x000000062b800000|100%| O|  |TAMS 0x000000062b800000, 0x000000062b000000| Untracked 
| 135|0x000000062b800000, 0x000000062c000000, 0x000000062c000000|100%| O|  |TAMS 0x000000062c000000, 0x000000062b800000| Untracked 
| 136|0x000000062c000000, 0x000000062c800000, 0x000000062c800000|100%| O|  |TAMS 0x000000062c800000, 0x000000062c000000| Untracked 
| 137|0x000000062c800000, 0x000000062d000000, 0x000000062d000000|100%| O|  |TAMS 0x000000062d000000, 0x000000062c800000| Untracked 
| 138|0x000000062d000000, 0x000000062d800000, 0x000000062d800000|100%| O|  |TAMS 0x000000062d800000, 0x000000062d000000| Untracked 
| 139|0x000000062d800000, 0x000000062e000000, 0x000000062e000000|100%| O|  |TAMS 0x000000062e000000, 0x000000062d800000| Untracked 
| 140|0x000000062e000000, 0x000000062e800000, 0x000000062e800000|100%| O|  |TAMS 0x000000062e800000, 0x000000062e000000| Untracked 
| 141|0x000000062e800000, 0x000000062f000000, 0x000000062f000000|100%| O|  |TAMS 0x000000062f000000, 0x000000062e800000| Untracked 
| 142|0x000000062f000000, 0x000000062f800000, 0x000000062f800000|100%| O|  |TAMS 0x000000062f800000, 0x000000062f000000| Untracked 
| 143|0x000000062f800000, 0x0000000630000000, 0x0000000630000000|100%| O|  |TAMS 0x0000000630000000, 0x000000062f800000| Untracked 
| 144|0x0000000630000000, 0x0000000630800000, 0x0000000630800000|100%| O|  |TAMS 0x0000000630800000, 0x0000000630000000| Untracked 
| 145|0x0000000630800000, 0x0000000631000000, 0x0000000631000000|100%| O|  |TAMS 0x0000000631000000, 0x0000000630800000| Untracked 
| 146|0x0000000631000000, 0x0000000631800000, 0x0000000631800000|100%| O|  |TAMS 0x0000000631800000, 0x0000000631000000| Untracked 
| 147|0x0000000631800000, 0x0000000632000000, 0x0000000632000000|100%| O|  |TAMS 0x0000000632000000, 0x0000000631800000| Untracked 
| 148|0x0000000632000000, 0x0000000632800000, 0x0000000632800000|100%| O|  |TAMS 0x0000000632800000, 0x0000000632000000| Untracked 
| 149|0x0000000632800000, 0x0000000633000000, 0x0000000633000000|100%| O|  |TAMS 0x0000000633000000, 0x0000000632800000| Untracked 
| 150|0x0000000633000000, 0x0000000633800000, 0x0000000633800000|100%| O|  |TAMS 0x0000000633800000, 0x0000000633000000| Untracked 
| 151|0x0000000633800000, 0x0000000634000000, 0x0000000634000000|100%| O|  |TAMS 0x0000000634000000, 0x0000000633800000| Untracked 
| 152|0x0000000634000000, 0x0000000634800000, 0x0000000634800000|100%| O|  |TAMS 0x0000000634800000, 0x0000000634000000| Untracked 
| 153|0x0000000634800000, 0x0000000635000000, 0x0000000635000000|100%| O|  |TAMS 0x0000000635000000, 0x0000000634800000| Untracked 
| 154|0x0000000635000000, 0x0000000635800000, 0x0000000635800000|100%| O|  |TAMS 0x0000000635800000, 0x0000000635000000| Untracked 
| 155|0x0000000635800000, 0x0000000636000000, 0x0000000636000000|100%| O|  |TAMS 0x0000000636000000, 0x0000000635800000| Untracked 
| 156|0x0000000636000000, 0x0000000636800000, 0x0000000636800000|100%| O|  |TAMS 0x0000000636800000, 0x0000000636000000| Untracked 
| 157|0x0000000636800000, 0x0000000637000000, 0x0000000637000000|100%| O|  |TAMS 0x0000000637000000, 0x0000000636800000| Untracked 
| 158|0x0000000637000000, 0x0000000637800000, 0x0000000637800000|100%| O|  |TAMS 0x0000000637800000, 0x0000000637000000| Untracked 
| 159|0x0000000637800000, 0x0000000638000000, 0x0000000638000000|100%| O|  |TAMS 0x0000000638000000, 0x0000000637800000| Untracked 
| 160|0x0000000638000000, 0x0000000638800000, 0x0000000638800000|100%| O|  |TAMS 0x0000000638800000, 0x0000000638000000| Untracked 
| 161|0x0000000638800000, 0x0000000639000000, 0x0000000639000000|100%| O|  |TAMS 0x0000000639000000, 0x0000000638800000| Untracked 
| 162|0x0000000639000000, 0x0000000639800000, 0x0000000639800000|100%| O|  |TAMS 0x0000000639800000, 0x0000000639000000| Untracked 
| 163|0x0000000639800000, 0x000000063a000000, 0x000000063a000000|100%| O|  |TAMS 0x000000063a000000, 0x0000000639800000| Untracked 
| 164|0x000000063a000000, 0x000000063a800000, 0x000000063a800000|100%| O|  |TAMS 0x000000063a800000, 0x000000063a000000| Untracked 
| 165|0x000000063a800000, 0x000000063b000000, 0x000000063b000000|100%| O|  |TAMS 0x000000063b000000, 0x000000063a800000| Untracked 
| 166|0x000000063b000000, 0x000000063b800000, 0x000000063b800000|100%| O|  |TAMS 0x000000063b800000, 0x000000063b000000| Untracked 
| 167|0x000000063b800000, 0x000000063c000000, 0x000000063c000000|100%| O|  |TAMS 0x000000063c000000, 0x000000063b800000| Untracked 
| 168|0x000000063c000000, 0x000000063c800000, 0x000000063c800000|100%| O|  |TAMS 0x000000063c800000, 0x000000063c000000| Untracked 
| 169|0x000000063c800000, 0x000000063d000000, 0x000000063d000000|100%| O|  |TAMS 0x000000063d000000, 0x000000063c800000| Untracked 
| 170|0x000000063d000000, 0x000000063d800000, 0x000000063d800000|100%| O|  |TAMS 0x000000063d800000, 0x000000063d000000| Untracked 
| 171|0x000000063d800000, 0x000000063e000000, 0x000000063e000000|100%| O|  |TAMS 0x000000063e000000, 0x000000063d800000| Untracked 
| 172|0x000000063e000000, 0x000000063e800000, 0x000000063e800000|100%| O|  |TAMS 0x000000063e800000, 0x000000063e000000| Untracked 
| 173|0x000000063e800000, 0x000000063f000000, 0x000000063f000000|100%| O|  |TAMS 0x000000063f000000, 0x000000063e800000| Untracked 
| 174|0x000000063f000000, 0x000000063f800000, 0x000000063f800000|100%| O|  |TAMS 0x000000063f800000, 0x000000063f000000| Untracked 
| 175|0x000000063f800000, 0x0000000640000000, 0x0000000640000000|100%| O|  |TAMS 0x0000000640000000, 0x000000063f800000| Untracked 
| 176|0x0000000640000000, 0x0000000640800000, 0x0000000640800000|100%| O|  |TAMS 0x0000000640800000, 0x0000000640000000| Untracked 
| 177|0x0000000640800000, 0x0000000641000000, 0x0000000641000000|100%| O|  |TAMS 0x0000000641000000, 0x0000000640800000| Untracked 
| 178|0x0000000641000000, 0x0000000641800000, 0x0000000641800000|100%| O|  |TAMS 0x0000000641800000, 0x0000000641000000| Untracked 
| 179|0x0000000641800000, 0x0000000642000000, 0x0000000642000000|100%| O|  |TAMS 0x0000000642000000, 0x0000000641800000| Untracked 
| 180|0x0000000642000000, 0x0000000642800000, 0x0000000642800000|100%| O|  |TAMS 0x0000000642800000, 0x0000000642000000| Untracked 
| 181|0x0000000642800000, 0x0000000643000000, 0x0000000643000000|100%| O|  |TAMS 0x0000000643000000, 0x0000000642800000| Untracked 
| 182|0x0000000643000000, 0x0000000643800000, 0x0000000643800000|100%| O|  |TAMS 0x0000000643800000, 0x0000000643000000| Untracked 
| 183|0x0000000643800000, 0x0000000644000000, 0x0000000644000000|100%| O|  |TAMS 0x0000000644000000, 0x0000000643800000| Untracked 
| 184|0x0000000644000000, 0x0000000644800000, 0x0000000644800000|100%| O|  |TAMS 0x0000000644800000, 0x0000000644000000| Untracked 
| 185|0x0000000644800000, 0x0000000645000000, 0x0000000645000000|100%| O|  |TAMS 0x0000000645000000, 0x0000000644800000| Untracked 
| 186|0x0000000645000000, 0x0000000645800000, 0x0000000645800000|100%| O|  |TAMS 0x0000000645800000, 0x0000000645000000| Untracked 
| 187|0x0000000645800000, 0x0000000646000000, 0x0000000646000000|100%| O|  |TAMS 0x0000000646000000, 0x0000000645800000| Untracked 
| 188|0x0000000646000000, 0x0000000646800000, 0x0000000646800000|100%| O|  |TAMS 0x0000000646800000, 0x0000000646000000| Untracked 
| 189|0x0000000646800000, 0x0000000647000000, 0x0000000647000000|100%| O|  |TAMS 0x0000000647000000, 0x0000000646800000| Untracked 
| 190|0x0000000647000000, 0x0000000647800000, 0x0000000647800000|100%| O|  |TAMS 0x0000000647800000, 0x0000000647000000| Untracked 
| 191|0x0000000647800000, 0x0000000648000000, 0x0000000648000000|100%| O|  |TAMS 0x0000000648000000, 0x0000000647800000| Untracked 
| 192|0x0000000648000000, 0x0000000648800000, 0x0000000648800000|100%| O|  |TAMS 0x0000000648800000, 0x0000000648000000| Untracked 
| 193|0x0000000648800000, 0x0000000649000000, 0x0000000649000000|100%| O|  |TAMS 0x0000000649000000, 0x0000000648800000| Untracked 
| 194|0x0000000649000000, 0x0000000649800000, 0x0000000649800000|100%| O|  |TAMS 0x0000000649800000, 0x0000000649000000| Untracked 
| 195|0x0000000649800000, 0x000000064a000000, 0x000000064a000000|100%| O|  |TAMS 0x000000064a000000, 0x0000000649800000| Untracked 
| 196|0x000000064a000000, 0x000000064a800000, 0x000000064a800000|100%| O|  |TAMS 0x000000064a800000, 0x000000064a000000| Untracked 
| 197|0x000000064a800000, 0x000000064b000000, 0x000000064b000000|100%| O|  |TAMS 0x000000064b000000, 0x000000064a800000| Untracked 
| 198|0x000000064b000000, 0x000000064b800000, 0x000000064b800000|100%| O|  |TAMS 0x000000064b800000, 0x000000064b000000| Untracked 
| 199|0x000000064b800000, 0x000000064c000000, 0x000000064c000000|100%| O|  |TAMS 0x000000064c000000, 0x000000064b800000| Untracked 
| 200|0x000000064c000000, 0x000000064c800000, 0x000000064c800000|100%| O|  |TAMS 0x000000064c800000, 0x000000064c000000| Untracked 
| 201|0x000000064c800000, 0x000000064d000000, 0x000000064d000000|100%| O|  |TAMS 0x000000064d000000, 0x000000064c800000| Untracked 
| 202|0x000000064d000000, 0x000000064d800000, 0x000000064d800000|100%| O|  |TAMS 0x000000064d800000, 0x000000064d000000| Untracked 
| 203|0x000000064d800000, 0x000000064e000000, 0x000000064e000000|100%| O|  |TAMS 0x000000064e000000, 0x000000064d800000| Untracked 
| 204|0x000000064e000000, 0x000000064e800000, 0x000000064e800000|100%| O|  |TAMS 0x000000064e800000, 0x000000064e000000| Untracked 
| 205|0x000000064e800000, 0x000000064f000000, 0x000000064f000000|100%| O|  |TAMS 0x000000064f000000, 0x000000064e800000| Untracked 
| 206|0x000000064f000000, 0x000000064f800000, 0x000000064f800000|100%| O|  |TAMS 0x000000064f800000, 0x000000064f000000| Untracked 
| 207|0x000000064f800000, 0x0000000650000000, 0x0000000650000000|100%| O|  |TAMS 0x0000000650000000, 0x000000064f800000| Untracked 
| 208|0x0000000650000000, 0x0000000650800000, 0x0000000650800000|100%| O|  |TAMS 0x0000000650800000, 0x0000000650000000| Untracked 
| 209|0x0000000650800000, 0x0000000651000000, 0x0000000651000000|100%|HS|  |TAMS 0x0000000651000000, 0x0000000650800000| Complete 
| 210|0x0000000651000000, 0x0000000651800000, 0x0000000651800000|100%| O|  |TAMS 0x0000000651800000, 0x0000000651000000| Untracked 
| 211|0x0000000651800000, 0x0000000652000000, 0x0000000652000000|100%| O|  |TAMS 0x0000000652000000, 0x0000000651800000| Untracked 
| 212|0x0000000652000000, 0x0000000652800000, 0x0000000652800000|100%| O|  |TAMS 0x0000000652800000, 0x0000000652000000| Untracked 
| 213|0x0000000652800000, 0x0000000653000000, 0x0000000653000000|100%| O|  |TAMS 0x0000000653000000, 0x0000000652800000| Untracked 
| 214|0x0000000653000000, 0x0000000653800000, 0x0000000653800000|100%| O|  |TAMS 0x0000000653800000, 0x0000000653000000| Untracked 
| 215|0x0000000653800000, 0x0000000654000000, 0x0000000654000000|100%| O|  |TAMS 0x0000000654000000, 0x0000000653800000| Untracked 
| 216|0x0000000654000000, 0x0000000654800000, 0x0000000654800000|100%| O|  |TAMS 0x0000000654800000, 0x0000000654000000| Untracked 
| 217|0x0000000654800000, 0x0000000655000000, 0x0000000655000000|100%| O|  |TAMS 0x0000000655000000, 0x0000000654800000| Untracked 
| 218|0x0000000655000000, 0x0000000655800000, 0x0000000655800000|100%|HS|  |TAMS 0x0000000655800000, 0x0000000655000000| Complete 
| 219|0x0000000655800000, 0x0000000656000000, 0x0000000656000000|100%| O|  |TAMS 0x0000000656000000, 0x0000000655800000| Untracked 
| 220|0x0000000656000000, 0x0000000656800000, 0x0000000656800000|100%| O|  |TAMS 0x0000000656800000, 0x0000000656000000| Untracked 
| 221|0x0000000656800000, 0x0000000657000000, 0x0000000657000000|100%| O|  |TAMS 0x0000000657000000, 0x0000000656800000| Untracked 
| 222|0x0000000657000000, 0x0000000657800000, 0x0000000657800000|100%| O|  |TAMS 0x0000000657800000, 0x0000000657000000| Untracked 
| 223|0x0000000657800000, 0x0000000658000000, 0x0000000658000000|100%| O|  |TAMS 0x0000000658000000, 0x0000000657800000| Untracked 
| 224|0x0000000658000000, 0x0000000658800000, 0x0000000658800000|100%| O|  |TAMS 0x0000000658800000, 0x0000000658000000| Untracked 
| 225|0x0000000658800000, 0x0000000659000000, 0x0000000659000000|100%| O|  |TAMS 0x0000000659000000, 0x0000000658800000| Untracked 
| 226|0x0000000659000000, 0x0000000659800000, 0x0000000659800000|100%| O|  |TAMS 0x0000000659800000, 0x0000000659000000| Untracked 
| 227|0x0000000659800000, 0x000000065a000000, 0x000000065a000000|100%| O|  |TAMS 0x000000065a000000, 0x0000000659800000| Untracked 
| 228|0x000000065a000000, 0x000000065a800000, 0x000000065a800000|100%| O|  |TAMS 0x000000065a800000, 0x000000065a000000| Untracked 
| 229|0x000000065a800000, 0x000000065b000000, 0x000000065b000000|100%| O|  |TAMS 0x000000065b000000, 0x000000065a800000| Untracked 
| 230|0x000000065b000000, 0x000000065b800000, 0x000000065b800000|100%| O|  |TAMS 0x000000065b800000, 0x000000065b000000| Untracked 
| 231|0x000000065b800000, 0x000000065c000000, 0x000000065c000000|100%| O|  |TAMS 0x000000065c000000, 0x000000065b800000| Untracked 
| 232|0x000000065c000000, 0x000000065c800000, 0x000000065c800000|100%| O|  |TAMS 0x000000065c800000, 0x000000065c000000| Untracked 
| 233|0x000000065c800000, 0x000000065d000000, 0x000000065d000000|100%| O|  |TAMS 0x000000065d000000, 0x000000065c800000| Untracked 
| 234|0x000000065d000000, 0x000000065d800000, 0x000000065d800000|100%| O|  |TAMS 0x000000065d800000, 0x000000065d000000| Untracked 
| 235|0x000000065d800000, 0x000000065e000000, 0x000000065e000000|100%| O|  |TAMS 0x000000065e000000, 0x000000065d800000| Untracked 
| 236|0x000000065e000000, 0x000000065e800000, 0x000000065e800000|100%| O|  |TAMS 0x000000065e800000, 0x000000065e000000| Untracked 
| 237|0x000000065e800000, 0x000000065f000000, 0x000000065f000000|100%| O|  |TAMS 0x000000065f000000, 0x000000065e800000| Untracked 
| 238|0x000000065f000000, 0x000000065f800000, 0x000000065f800000|100%| O|  |TAMS 0x000000065f800000, 0x000000065f000000| Untracked 
| 239|0x000000065f800000, 0x0000000660000000, 0x0000000660000000|100%| O|  |TAMS 0x0000000660000000, 0x000000065f800000| Untracked 
| 240|0x0000000660000000, 0x0000000660800000, 0x0000000660800000|100%| O|  |TAMS 0x0000000660800000, 0x0000000660000000| Untracked 
| 241|0x0000000660800000, 0x0000000661000000, 0x0000000661000000|100%| O|  |TAMS 0x0000000661000000, 0x0000000660800000| Untracked 
| 242|0x0000000661000000, 0x0000000661800000, 0x0000000661800000|100%| O|  |TAMS 0x0000000661800000, 0x0000000661000000| Untracked 
| 243|0x0000000661800000, 0x0000000662000000, 0x0000000662000000|100%| O|  |TAMS 0x0000000662000000, 0x0000000661800000| Untracked 
| 244|0x0000000662000000, 0x0000000662800000, 0x0000000662800000|100%| O|  |TAMS 0x0000000662800000, 0x0000000662000000| Untracked 
| 245|0x0000000662800000, 0x0000000663000000, 0x0000000663000000|100%| O|  |TAMS 0x0000000663000000, 0x0000000662800000| Untracked 
| 246|0x0000000663000000, 0x0000000663800000, 0x0000000663800000|100%| O|  |TAMS 0x0000000663800000, 0x0000000663000000| Untracked 
| 247|0x0000000663800000, 0x0000000664000000, 0x0000000664000000|100%| O|  |TAMS 0x0000000664000000, 0x0000000663800000| Untracked 
| 248|0x0000000664000000, 0x0000000664800000, 0x0000000664800000|100%| O|  |TAMS 0x0000000664800000, 0x0000000664000000| Untracked 
| 249|0x0000000664800000, 0x0000000665000000, 0x0000000665000000|100%| O|  |TAMS 0x0000000665000000, 0x0000000664800000| Untracked 
| 250|0x0000000665000000, 0x0000000665800000, 0x0000000665800000|100%| O|  |TAMS 0x0000000665800000, 0x0000000665000000| Untracked 
| 251|0x0000000665800000, 0x0000000666000000, 0x0000000666000000|100%| O|  |TAMS 0x0000000666000000, 0x0000000665800000| Untracked 
| 252|0x0000000666000000, 0x0000000666800000, 0x0000000666800000|100%| O|  |TAMS 0x0000000666800000, 0x0000000666000000| Untracked 
| 253|0x0000000666800000, 0x0000000667000000, 0x0000000667000000|100%| O|  |TAMS 0x0000000667000000, 0x0000000666800000| Untracked 
| 254|0x0000000667000000, 0x0000000667800000, 0x0000000667800000|100%| O|  |TAMS 0x0000000667800000, 0x0000000667000000| Untracked 
| 255|0x0000000667800000, 0x0000000668000000, 0x0000000668000000|100%| O|  |TAMS 0x0000000668000000, 0x0000000667800000| Untracked 
| 256|0x0000000668000000, 0x0000000668800000, 0x0000000668800000|100%|HS|  |TAMS 0x0000000668800000, 0x0000000668000000| Complete 
| 257|0x0000000668800000, 0x0000000669000000, 0x0000000669000000|100%| O|  |TAMS 0x0000000669000000, 0x0000000668800000| Untracked 
| 258|0x0000000669000000, 0x0000000669800000, 0x0000000669800000|100%| O|  |TAMS 0x0000000669800000, 0x0000000669000000| Untracked 
| 259|0x0000000669800000, 0x000000066a000000, 0x000000066a000000|100%| O|  |TAMS 0x000000066a000000, 0x0000000669800000| Untracked 
| 260|0x000000066a000000, 0x000000066a800000, 0x000000066a800000|100%| O|  |TAMS 0x000000066a800000, 0x000000066a000000| Untracked 
| 261|0x000000066a800000, 0x000000066b000000, 0x000000066b000000|100%| O|  |TAMS 0x000000066b000000, 0x000000066a800000| Untracked 
| 262|0x000000066b000000, 0x000000066b800000, 0x000000066b800000|100%| O|  |TAMS 0x000000066b800000, 0x000000066b000000| Untracked 
| 263|0x000000066b800000, 0x000000066c000000, 0x000000066c000000|100%|HS|  |TAMS 0x000000066c000000, 0x000000066b800000| Complete 
| 264|0x000000066c000000, 0x000000066c800000, 0x000000066c800000|100%|HS|  |TAMS 0x000000066c800000, 0x000000066c000000| Complete 
| 265|0x000000066c800000, 0x000000066d000000, 0x000000066d000000|100%|HS|  |TAMS 0x000000066d000000, 0x000000066c800000| Complete 
| 266|0x000000066d000000, 0x000000066d800000, 0x000000066d800000|100%| O|  |TAMS 0x000000066d800000, 0x000000066d000000| Untracked 
| 267|0x000000066d800000, 0x000000066e000000, 0x000000066e000000|100%| O|  |TAMS 0x000000066e000000, 0x000000066d800000| Untracked 
| 268|0x000000066e000000, 0x000000066e800000, 0x000000066e800000|100%| O|  |TAMS 0x000000066e800000, 0x000000066e000000| Untracked 
| 269|0x000000066e800000, 0x000000066f000000, 0x000000066f000000|100%| O|  |TAMS 0x000000066f000000, 0x000000066e800000| Untracked 
| 270|0x000000066f000000, 0x000000066f800000, 0x000000066f800000|100%| O|  |TAMS 0x000000066f800000, 0x000000066f000000| Untracked 
| 271|0x000000066f800000, 0x0000000670000000, 0x0000000670000000|100%| O|  |TAMS 0x0000000670000000, 0x000000066f800000| Untracked 
| 272|0x0000000670000000, 0x0000000670800000, 0x0000000670800000|100%| O|  |TAMS 0x0000000670800000, 0x0000000670000000| Untracked 
| 273|0x0000000670800000, 0x0000000671000000, 0x0000000671000000|100%| O|  |TAMS 0x0000000671000000, 0x0000000670800000| Untracked 
| 274|0x0000000671000000, 0x0000000671800000, 0x0000000671800000|100%| O|  |TAMS 0x0000000671800000, 0x0000000671000000| Untracked 
| 275|0x0000000671800000, 0x0000000672000000, 0x0000000672000000|100%| O|  |TAMS 0x0000000672000000, 0x0000000671800000| Untracked 
| 276|0x0000000672000000, 0x0000000672800000, 0x0000000672800000|100%| O|  |TAMS 0x0000000672800000, 0x0000000672000000| Untracked 
| 277|0x0000000672800000, 0x0000000673000000, 0x0000000673000000|100%| O|  |TAMS 0x0000000673000000, 0x0000000672800000| Untracked 
| 278|0x0000000673000000, 0x0000000673800000, 0x0000000673800000|100%| O|  |TAMS 0x0000000673800000, 0x0000000673000000| Untracked 
| 279|0x0000000673800000, 0x0000000674000000, 0x0000000674000000|100%| O|  |TAMS 0x0000000674000000, 0x0000000673800000| Untracked 
| 280|0x0000000674000000, 0x0000000674800000, 0x0000000674800000|100%| O|  |TAMS 0x0000000674800000, 0x0000000674000000| Untracked 
| 281|0x0000000674800000, 0x0000000675000000, 0x0000000675000000|100%| O|  |TAMS 0x0000000675000000, 0x0000000674800000| Untracked 
| 282|0x0000000675000000, 0x0000000675800000, 0x0000000675800000|100%| O|  |TAMS 0x0000000675800000, 0x0000000675000000| Untracked 
| 283|0x0000000675800000, 0x0000000676000000, 0x0000000676000000|100%| O|  |TAMS 0x0000000676000000, 0x0000000675800000| Untracked 
| 284|0x0000000676000000, 0x0000000676800000, 0x0000000676800000|100%| O|  |TAMS 0x0000000676800000, 0x0000000676000000| Untracked 
| 285|0x0000000676800000, 0x0000000677000000, 0x0000000677000000|100%| O|  |TAMS 0x0000000677000000, 0x0000000676800000| Untracked 
| 286|0x0000000677000000, 0x0000000677800000, 0x0000000677800000|100%| O|  |TAMS 0x0000000677800000, 0x0000000677000000| Untracked 
| 287|0x0000000677800000, 0x0000000678000000, 0x0000000678000000|100%| O|  |TAMS 0x0000000678000000, 0x0000000677800000| Untracked 
| 288|0x0000000678000000, 0x0000000678800000, 0x0000000678800000|100%| O|  |TAMS 0x0000000678800000, 0x0000000678000000| Untracked 
| 289|0x0000000678800000, 0x0000000679000000, 0x0000000679000000|100%| O|  |TAMS 0x0000000679000000, 0x0000000678800000| Untracked 
| 290|0x0000000679000000, 0x0000000679800000, 0x0000000679800000|100%| O|  |TAMS 0x0000000679800000, 0x0000000679000000| Untracked 
| 291|0x0000000679800000, 0x000000067a000000, 0x000000067a000000|100%| O|  |TAMS 0x000000067a000000, 0x0000000679800000| Untracked 
| 292|0x000000067a000000, 0x000000067a800000, 0x000000067a800000|100%| O|  |TAMS 0x000000067a800000, 0x000000067a000000| Untracked 
| 293|0x000000067a800000, 0x000000067b000000, 0x000000067b000000|100%| O|  |TAMS 0x000000067b000000, 0x000000067a800000| Untracked 
| 294|0x000000067b000000, 0x000000067b800000, 0x000000067b800000|100%| O|  |TAMS 0x000000067b800000, 0x000000067b000000| Untracked 
| 295|0x000000067b800000, 0x000000067c000000, 0x000000067c000000|100%| O|  |TAMS 0x000000067c000000, 0x000000067b800000| Untracked 
| 296|0x000000067c000000, 0x000000067c800000, 0x000000067c800000|100%| O|  |TAMS 0x000000067c800000, 0x000000067c000000| Untracked 
| 297|0x000000067c800000, 0x000000067d000000, 0x000000067d000000|100%| O|  |TAMS 0x000000067d000000, 0x000000067c800000| Untracked 
| 298|0x000000067d000000, 0x000000067d800000, 0x000000067d800000|100%| O|  |TAMS 0x000000067d800000, 0x000000067d000000| Untracked 
| 299|0x000000067d800000, 0x000000067e000000, 0x000000067e000000|100%| O|  |TAMS 0x000000067e000000, 0x000000067d800000| Untracked 
| 300|0x000000067e000000, 0x000000067e800000, 0x000000067e800000|100%| O|  |TAMS 0x000000067e800000, 0x000000067e000000| Untracked 
| 301|0x000000067e800000, 0x000000067f000000, 0x000000067f000000|100%| O|  |TAMS 0x000000067f000000, 0x000000067e800000| Untracked 
| 302|0x000000067f000000, 0x000000067f800000, 0x000000067f800000|100%| O|  |TAMS 0x000000067f800000, 0x000000067f000000| Untracked 
| 303|0x000000067f800000, 0x0000000680000000, 0x0000000680000000|100%| O|  |TAMS 0x0000000680000000, 0x000000067f800000| Untracked 
| 304|0x0000000680000000, 0x0000000680800000, 0x0000000680800000|100%| O|  |TAMS 0x0000000680800000, 0x0000000680000000| Untracked 
| 305|0x0000000680800000, 0x0000000681000000, 0x0000000681000000|100%| O|  |TAMS 0x0000000681000000, 0x0000000680800000| Untracked 
| 306|0x0000000681000000, 0x0000000681800000, 0x0000000681800000|100%| O|  |TAMS 0x0000000681800000, 0x0000000681000000| Untracked 
| 307|0x0000000681800000, 0x0000000682000000, 0x0000000682000000|100%| O|  |TAMS 0x0000000682000000, 0x0000000681800000| Untracked 
| 308|0x0000000682000000, 0x0000000682800000, 0x0000000682800000|100%| O|  |TAMS 0x0000000682800000, 0x0000000682000000| Untracked 
| 309|0x0000000682800000, 0x0000000682fffff8, 0x0000000683000000| 99%| O|  |TAMS 0x0000000682fffff8, 0x0000000682800000| Untracked 
| 310|0x0000000683000000, 0x0000000683800000, 0x0000000683800000|100%| O|  |TAMS 0x0000000683800000, 0x0000000683000000| Untracked 
| 311|0x0000000683800000, 0x0000000684000000, 0x0000000684000000|100%| O|  |TAMS 0x0000000684000000, 0x0000000683800000| Untracked 
| 312|0x0000000684000000, 0x0000000684800000, 0x0000000684800000|100%| O|  |TAMS 0x0000000684800000, 0x0000000684000000| Untracked 
| 313|0x0000000684800000, 0x0000000685000000, 0x0000000685000000|100%| O|  |TAMS 0x0000000685000000, 0x0000000684800000| Untracked 
| 314|0x0000000685000000, 0x0000000685800000, 0x0000000685800000|100%| O|  |TAMS 0x0000000685800000, 0x0000000685000000| Untracked 
| 315|0x0000000685800000, 0x0000000686000000, 0x0000000686000000|100%| O|  |TAMS 0x0000000686000000, 0x0000000685800000| Untracked 
| 316|0x0000000686000000, 0x0000000686800000, 0x0000000686800000|100%| O|  |TAMS 0x0000000686800000, 0x0000000686000000| Untracked 
| 317|0x0000000686800000, 0x0000000687000000, 0x0000000687000000|100%| O|  |TAMS 0x0000000687000000, 0x0000000686800000| Untracked 
| 318|0x0000000687000000, 0x0000000687800000, 0x0000000687800000|100%| O|  |TAMS 0x0000000687800000, 0x0000000687000000| Untracked 
| 319|0x0000000687800000, 0x0000000688000000, 0x0000000688000000|100%| O|  |TAMS 0x0000000688000000, 0x0000000687800000| Untracked 
| 320|0x0000000688000000, 0x0000000688800000, 0x0000000688800000|100%| O|  |TAMS 0x0000000688800000, 0x0000000688000000| Untracked 
| 321|0x0000000688800000, 0x0000000689000000, 0x0000000689000000|100%| O|  |TAMS 0x0000000689000000, 0x0000000688800000| Untracked 
| 322|0x0000000689000000, 0x0000000689800000, 0x0000000689800000|100%| O|  |TAMS 0x0000000689800000, 0x0000000689000000| Untracked 
| 323|0x0000000689800000, 0x000000068a000000, 0x000000068a000000|100%| O|  |TAMS 0x000000068a000000, 0x0000000689800000| Untracked 
| 324|0x000000068a000000, 0x000000068a800000, 0x000000068a800000|100%| O|  |TAMS 0x000000068a800000, 0x000000068a000000| Untracked 
| 325|0x000000068a800000, 0x000000068b000000, 0x000000068b000000|100%| O|  |TAMS 0x000000068b000000, 0x000000068a800000| Untracked 
| 326|0x000000068b000000, 0x000000068b800000, 0x000000068b800000|100%| O|  |TAMS 0x000000068b800000, 0x000000068b000000| Untracked 
| 327|0x000000068b800000, 0x000000068c000000, 0x000000068c000000|100%| O|  |TAMS 0x000000068c000000, 0x000000068b800000| Untracked 
| 328|0x000000068c000000, 0x000000068c800000, 0x000000068c800000|100%| O|  |TAMS 0x000000068c800000, 0x000000068c000000| Untracked 
| 329|0x000000068c800000, 0x000000068d000000, 0x000000068d000000|100%| O|  |TAMS 0x000000068d000000, 0x000000068c800000| Untracked 
| 330|0x000000068d000000, 0x000000068d800000, 0x000000068d800000|100%| O|  |TAMS 0x000000068d800000, 0x000000068d000000| Untracked 
| 331|0x000000068d800000, 0x000000068e000000, 0x000000068e000000|100%| O|  |TAMS 0x000000068e000000, 0x000000068d800000| Untracked 
| 332|0x000000068e000000, 0x000000068e800000, 0x000000068e800000|100%| O|  |TAMS 0x000000068e800000, 0x000000068e000000| Untracked 
| 333|0x000000068e800000, 0x000000068f000000, 0x000000068f000000|100%| O|  |TAMS 0x000000068f000000, 0x000000068e800000| Untracked 
| 334|0x000000068f000000, 0x000000068f800000, 0x000000068f800000|100%| O|  |TAMS 0x000000068f800000, 0x000000068f000000| Untracked 
| 335|0x000000068f800000, 0x0000000690000000, 0x0000000690000000|100%| O|  |TAMS 0x0000000690000000, 0x000000068f800000| Untracked 
| 336|0x0000000690000000, 0x0000000690800000, 0x0000000690800000|100%| O|  |TAMS 0x0000000690800000, 0x0000000690000000| Untracked 
| 337|0x0000000690800000, 0x0000000691000000, 0x0000000691000000|100%| O|  |TAMS 0x0000000691000000, 0x0000000690800000| Untracked 
| 338|0x0000000691000000, 0x0000000691800000, 0x0000000691800000|100%| O|  |TAMS 0x0000000691800000, 0x0000000691000000| Untracked 
| 339|0x0000000691800000, 0x0000000692000000, 0x0000000692000000|100%| O|  |TAMS 0x0000000692000000, 0x0000000691800000| Untracked 
| 340|0x0000000692000000, 0x0000000692800000, 0x0000000692800000|100%| O|  |TAMS 0x0000000692800000, 0x0000000692000000| Untracked 
| 341|0x0000000692800000, 0x0000000693000000, 0x0000000693000000|100%| O|  |TAMS 0x0000000693000000, 0x0000000692800000| Untracked 
| 342|0x0000000693000000, 0x0000000693800000, 0x0000000693800000|100%| O|  |TAMS 0x0000000693800000, 0x0000000693000000| Untracked 
| 343|0x0000000693800000, 0x0000000694000000, 0x0000000694000000|100%| O|  |TAMS 0x0000000694000000, 0x0000000693800000| Untracked 
| 344|0x0000000694000000, 0x0000000694800000, 0x0000000694800000|100%|HS|  |TAMS 0x0000000694800000, 0x0000000694000000| Complete 
| 345|0x0000000694800000, 0x0000000695000000, 0x0000000695000000|100%|HS|  |TAMS 0x0000000695000000, 0x0000000694800000| Complete 
| 346|0x0000000695000000, 0x0000000695800000, 0x0000000695800000|100%| O|  |TAMS 0x0000000695800000, 0x0000000695000000| Untracked 
| 347|0x0000000695800000, 0x0000000696000000, 0x0000000696000000|100%| O|  |TAMS 0x0000000696000000, 0x0000000695800000| Untracked 
| 348|0x0000000696000000, 0x0000000696800000, 0x0000000696800000|100%| O|  |TAMS 0x0000000696800000, 0x0000000696000000| Untracked 
| 349|0x0000000696800000, 0x0000000697000000, 0x0000000697000000|100%| O|  |TAMS 0x0000000697000000, 0x0000000696800000| Untracked 
| 350|0x0000000697000000, 0x0000000697800000, 0x0000000697800000|100%| O|  |TAMS 0x0000000697800000, 0x0000000697000000| Untracked 
| 351|0x0000000697800000, 0x0000000698000000, 0x0000000698000000|100%| O|  |TAMS 0x0000000698000000, 0x0000000697800000| Untracked 
| 352|0x0000000698000000, 0x0000000698800000, 0x0000000698800000|100%| O|  |TAMS 0x0000000698800000, 0x0000000698000000| Untracked 
| 353|0x0000000698800000, 0x0000000699000000, 0x0000000699000000|100%| O|  |TAMS 0x0000000699000000, 0x0000000698800000| Untracked 
| 354|0x0000000699000000, 0x0000000699800000, 0x0000000699800000|100%| O|  |TAMS 0x0000000699800000, 0x0000000699000000| Untracked 
| 355|0x0000000699800000, 0x000000069a000000, 0x000000069a000000|100%| O|  |TAMS 0x000000069a000000, 0x0000000699800000| Untracked 
| 356|0x000000069a000000, 0x000000069a800000, 0x000000069a800000|100%| O|  |TAMS 0x000000069a800000, 0x000000069a000000| Untracked 
| 357|0x000000069a800000, 0x000000069b000000, 0x000000069b000000|100%| O|  |TAMS 0x000000069b000000, 0x000000069a800000| Untracked 
| 358|0x000000069b000000, 0x000000069b800000, 0x000000069b800000|100%| O|  |TAMS 0x000000069b800000, 0x000000069b000000| Untracked 
| 359|0x000000069b800000, 0x000000069c000000, 0x000000069c000000|100%| O|  |TAMS 0x000000069c000000, 0x000000069b800000| Untracked 
| 360|0x000000069c000000, 0x000000069c800000, 0x000000069c800000|100%| O|  |TAMS 0x000000069c800000, 0x000000069c000000| Untracked 
| 361|0x000000069c800000, 0x000000069d000000, 0x000000069d000000|100%| O|  |TAMS 0x000000069d000000, 0x000000069c800000| Untracked 
| 362|0x000000069d000000, 0x000000069d800000, 0x000000069d800000|100%|HS|  |TAMS 0x000000069d800000, 0x000000069d000000| Complete 
| 363|0x000000069d800000, 0x000000069e000000, 0x000000069e000000|100%|HS|  |TAMS 0x000000069e000000, 0x000000069d800000| Complete 
| 364|0x000000069e000000, 0x000000069e800000, 0x000000069e800000|100%|HC|  |TAMS 0x000000069e800000, 0x000000069e000000| Complete 
| 365|0x000000069e800000, 0x000000069f000000, 0x000000069f000000|100%|HS|  |TAMS 0x000000069f000000, 0x000000069e800000| Complete 
| 366|0x000000069f000000, 0x000000069f800000, 0x000000069f800000|100%|HC|  |TAMS 0x000000069f800000, 0x000000069f000000| Complete 
| 367|0x000000069f800000, 0x00000006a0000000, 0x00000006a0000000|100%| O|  |TAMS 0x00000006a0000000, 0x000000069f800000| Untracked 
| 368|0x00000006a0000000, 0x00000006a0800000, 0x00000006a0800000|100%| O|  |TAMS 0x00000006a0800000, 0x00000006a0000000| Untracked 
| 369|0x00000006a0800000, 0x00000006a1000000, 0x00000006a1000000|100%| O|  |TAMS 0x00000006a1000000, 0x00000006a0800000| Untracked 
| 370|0x00000006a1000000, 0x00000006a1800000, 0x00000006a1800000|100%| O|  |TAMS 0x00000006a1800000, 0x00000006a1000000| Untracked 
| 371|0x00000006a1800000, 0x00000006a2000000, 0x00000006a2000000|100%| O|  |TAMS 0x00000006a2000000, 0x00000006a1800000| Untracked 
| 372|0x00000006a2000000, 0x00000006a2800000, 0x00000006a2800000|100%| O|  |TAMS 0x00000006a2800000, 0x00000006a2000000| Untracked 
| 373|0x00000006a2800000, 0x00000006a3000000, 0x00000006a3000000|100%| O|  |TAMS 0x00000006a3000000, 0x00000006a2800000| Untracked 
| 374|0x00000006a3000000, 0x00000006a3800000, 0x00000006a3800000|100%| O|  |TAMS 0x00000006a3800000, 0x00000006a3000000| Untracked 
| 375|0x00000006a3800000, 0x00000006a4000000, 0x00000006a4000000|100%| O|  |TAMS 0x00000006a4000000, 0x00000006a3800000| Untracked 
| 376|0x00000006a4000000, 0x00000006a4800000, 0x00000006a4800000|100%| O|  |TAMS 0x00000006a4800000, 0x00000006a4000000| Untracked 
| 377|0x00000006a4800000, 0x00000006a5000000, 0x00000006a5000000|100%| O|  |TAMS 0x00000006a5000000, 0x00000006a4800000| Untracked 
| 378|0x00000006a5000000, 0x00000006a5800000, 0x00000006a5800000|100%| O|  |TAMS 0x00000006a5800000, 0x00000006a5000000| Untracked 
| 379|0x00000006a5800000, 0x00000006a6000000, 0x00000006a6000000|100%| O|  |TAMS 0x00000006a6000000, 0x00000006a5800000| Untracked 
| 380|0x00000006a6000000, 0x00000006a6800000, 0x00000006a6800000|100%| O|  |TAMS 0x00000006a6800000, 0x00000006a6000000| Untracked 
| 381|0x00000006a6800000, 0x00000006a7000000, 0x00000006a7000000|100%| O|  |TAMS 0x00000006a7000000, 0x00000006a6800000| Untracked 
| 382|0x00000006a7000000, 0x00000006a7800000, 0x00000006a7800000|100%| O|  |TAMS 0x00000006a7800000, 0x00000006a7000000| Untracked 
| 383|0x00000006a7800000, 0x00000006a8000000, 0x00000006a8000000|100%| O|  |TAMS 0x00000006a8000000, 0x00000006a7800000| Untracked 
| 384|0x00000006a8000000, 0x00000006a8800000, 0x00000006a8800000|100%| O|  |TAMS 0x00000006a8800000, 0x00000006a8000000| Untracked 
| 385|0x00000006a8800000, 0x00000006a9000000, 0x00000006a9000000|100%| O|  |TAMS 0x00000006a9000000, 0x00000006a8800000| Untracked 
| 386|0x00000006a9000000, 0x00000006a9800000, 0x00000006a9800000|100%| O|  |TAMS 0x00000006a9800000, 0x00000006a9000000| Untracked 
| 387|0x00000006a9800000, 0x00000006aa000000, 0x00000006aa000000|100%| O|  |TAMS 0x00000006aa000000, 0x00000006a9800000| Untracked 
| 388|0x00000006aa000000, 0x00000006aa800000, 0x00000006aa800000|100%| O|  |TAMS 0x00000006aa800000, 0x00000006aa000000| Untracked 
| 389|0x00000006aa800000, 0x00000006ab000000, 0x00000006ab000000|100%| O|  |TAMS 0x00000006ab000000, 0x00000006aa800000| Untracked 
| 390|0x00000006ab000000, 0x00000006ab800000, 0x00000006ab800000|100%| O|  |TAMS 0x00000006ab800000, 0x00000006ab000000| Untracked 
| 391|0x00000006ab800000, 0x00000006ac000000, 0x00000006ac000000|100%| O|  |TAMS 0x00000006ac000000, 0x00000006ab800000| Untracked 
| 392|0x00000006ac000000, 0x00000006ac800000, 0x00000006ac800000|100%| O|  |TAMS 0x00000006ac800000, 0x00000006ac000000| Untracked 
| 393|0x00000006ac800000, 0x00000006ad000000, 0x00000006ad000000|100%| O|  |TAMS 0x00000006ad000000, 0x00000006ac800000| Untracked 
| 394|0x00000006ad000000, 0x00000006ad800000, 0x00000006ad800000|100%| O|  |TAMS 0x00000006ad800000, 0x00000006ad000000| Untracked 
| 395|0x00000006ad800000, 0x00000006ae000000, 0x00000006ae000000|100%| O|  |TAMS 0x00000006ae000000, 0x00000006ad800000| Untracked 
| 396|0x00000006ae000000, 0x00000006ae800000, 0x00000006ae800000|100%| O|  |TAMS 0x00000006ae800000, 0x00000006ae000000| Untracked 
| 397|0x00000006ae800000, 0x00000006af000000, 0x00000006af000000|100%| O|  |TAMS 0x00000006af000000, 0x00000006ae800000| Untracked 
| 398|0x00000006af000000, 0x00000006af800000, 0x00000006af800000|100%| O|  |TAMS 0x00000006af800000, 0x00000006af000000| Untracked 
| 399|0x00000006af800000, 0x00000006b0000000, 0x00000006b0000000|100%| O|  |TAMS 0x00000006b0000000, 0x00000006af800000| Untracked 
| 400|0x00000006b0000000, 0x00000006b0000000, 0x00000006b0800000|  0%| F|  |TAMS 0x00000006b0000000, 0x00000006b0000000| Untracked 
| 401|0x00000006b0800000, 0x00000006b1000000, 0x00000006b1000000|100%| O|  |TAMS 0x00000006b1000000, 0x00000006b0800000| Untracked 
| 402|0x00000006b1000000, 0x00000006b1800000, 0x00000006b1800000|100%| O|  |TAMS 0x00000006b1800000, 0x00000006b1000000| Untracked 
| 403|0x00000006b1800000, 0x00000006b2000000, 0x00000006b2000000|100%| O|  |TAMS 0x00000006b2000000, 0x00000006b1800000| Untracked 
| 404|0x00000006b2000000, 0x00000006b2800000, 0x00000006b2800000|100%|HS|  |TAMS 0x00000006b2800000, 0x00000006b2000000| Complete 
| 405|0x00000006b2800000, 0x00000006b3000000, 0x00000006b3000000|100%|HS|  |TAMS 0x00000006b3000000, 0x00000006b2800000| Complete 
| 406|0x00000006b3000000, 0x00000006b3800000, 0x00000006b3800000|100%| O|  |TAMS 0x00000006b3800000, 0x00000006b3000000| Untracked 
| 407|0x00000006b3800000, 0x00000006b4000000, 0x00000006b4000000|100%| O|  |TAMS 0x00000006b4000000, 0x00000006b3800000| Untracked 
| 408|0x00000006b4000000, 0x00000006b4800000, 0x00000006b4800000|100%| O|  |TAMS 0x00000006b4800000, 0x00000006b4000000| Untracked 
| 409|0x00000006b4800000, 0x00000006b5000000, 0x00000006b5000000|100%| O|  |TAMS 0x00000006b5000000, 0x00000006b4800000| Untracked 
| 410|0x00000006b5000000, 0x00000006b5800000, 0x00000006b5800000|100%| O|  |TAMS 0x00000006b5800000, 0x00000006b5000000| Untracked 
| 411|0x00000006b5800000, 0x00000006b6000000, 0x00000006b6000000|100%| O|  |TAMS 0x00000006b6000000, 0x00000006b5800000| Untracked 
| 412|0x00000006b6000000, 0x00000006b6800000, 0x00000006b6800000|100%| O|  |TAMS 0x00000006b6800000, 0x00000006b6000000| Untracked 
| 413|0x00000006b6800000, 0x00000006b7000000, 0x00000006b7000000|100%| O|  |TAMS 0x00000006b7000000, 0x00000006b6800000| Untracked 
| 414|0x00000006b7000000, 0x00000006b7800000, 0x00000006b7800000|100%| O|  |TAMS 0x00000006b7800000, 0x00000006b7000000| Untracked 
| 415|0x00000006b7800000, 0x00000006b8000000, 0x00000006b8000000|100%| O|  |TAMS 0x00000006b8000000, 0x00000006b7800000| Untracked 
| 416|0x00000006b8000000, 0x00000006b8800000, 0x00000006b8800000|100%| O|  |TAMS 0x00000006b8800000, 0x00000006b8000000| Untracked 
| 417|0x00000006b8800000, 0x00000006b9000000, 0x00000006b9000000|100%| O|  |TAMS 0x00000006b9000000, 0x00000006b8800000| Untracked 
| 418|0x00000006b9000000, 0x00000006b9800000, 0x00000006b9800000|100%| O|  |TAMS 0x00000006b9800000, 0x00000006b9000000| Untracked 
| 419|0x00000006b9800000, 0x00000006ba000000, 0x00000006ba000000|100%| O|  |TAMS 0x00000006ba000000, 0x00000006b9800000| Untracked 
| 420|0x00000006ba000000, 0x00000006ba800000, 0x00000006ba800000|100%| O|  |TAMS 0x00000006ba800000, 0x00000006ba000000| Untracked 
| 421|0x00000006ba800000, 0x00000006bb000000, 0x00000006bb000000|100%| O|  |TAMS 0x00000006bb000000, 0x00000006ba800000| Untracked 
| 422|0x00000006bb000000, 0x00000006bb800000, 0x00000006bb800000|100%| O|  |TAMS 0x00000006bb800000, 0x00000006bb000000| Untracked 
| 423|0x00000006bb800000, 0x00000006bc000000, 0x00000006bc000000|100%| O|  |TAMS 0x00000006bc000000, 0x00000006bb800000| Untracked 
| 424|0x00000006bc000000, 0x00000006bc800000, 0x00000006bc800000|100%| O|  |TAMS 0x00000006bc800000, 0x00000006bc000000| Untracked 
| 425|0x00000006bc800000, 0x00000006bd000000, 0x00000006bd000000|100%| O|  |TAMS 0x00000006bd000000, 0x00000006bc800000| Untracked 
| 426|0x00000006bd000000, 0x00000006bd800000, 0x00000006bd800000|100%| O|  |TAMS 0x00000006bd800000, 0x00000006bd000000| Untracked 
| 427|0x00000006bd800000, 0x00000006be000000, 0x00000006be000000|100%| O|  |TAMS 0x00000006be000000, 0x00000006bd800000| Untracked 
| 428|0x00000006be000000, 0x00000006be800000, 0x00000006be800000|100%| O|  |TAMS 0x00000006be800000, 0x00000006be000000| Untracked 
| 429|0x00000006be800000, 0x00000006bf000000, 0x00000006bf000000|100%| O|  |TAMS 0x00000006bf000000, 0x00000006be800000| Untracked 
| 430|0x00000006bf000000, 0x00000006bf800000, 0x00000006bf800000|100%| O|  |TAMS 0x00000006bf800000, 0x00000006bf000000| Untracked 
| 431|0x00000006bf800000, 0x00000006c0000000, 0x00000006c0000000|100%| O|  |TAMS 0x00000006c0000000, 0x00000006bf800000| Untracked 
| 432|0x00000006c0000000, 0x00000006c0800000, 0x00000006c0800000|100%| O|  |TAMS 0x00000006c0800000, 0x00000006c0000000| Untracked 
| 433|0x00000006c0800000, 0x00000006c1000000, 0x00000006c1000000|100%| O|  |TAMS 0x00000006c1000000, 0x00000006c0800000| Untracked 
| 434|0x00000006c1000000, 0x00000006c1800000, 0x00000006c1800000|100%| O|  |TAMS 0x00000006c1800000, 0x00000006c1000000| Untracked 
| 435|0x00000006c1800000, 0x00000006c2000000, 0x00000006c2000000|100%| O|  |TAMS 0x00000006c2000000, 0x00000006c1800000| Untracked 
| 436|0x00000006c2000000, 0x00000006c2800000, 0x00000006c2800000|100%| O|  |TAMS 0x00000006c2800000, 0x00000006c2000000| Untracked 
| 437|0x00000006c2800000, 0x00000006c3000000, 0x00000006c3000000|100%| O|  |TAMS 0x00000006c3000000, 0x00000006c2800000| Untracked 
| 438|0x00000006c3000000, 0x00000006c3800000, 0x00000006c3800000|100%| O|  |TAMS 0x00000006c3800000, 0x00000006c3000000| Untracked 
| 439|0x00000006c3800000, 0x00000006c4000000, 0x00000006c4000000|100%| O|  |TAMS 0x00000006c4000000, 0x00000006c3800000| Untracked 
| 440|0x00000006c4000000, 0x00000006c4800000, 0x00000006c4800000|100%| O|  |TAMS 0x00000006c4800000, 0x00000006c4000000| Untracked 
| 441|0x00000006c4800000, 0x00000006c5000000, 0x00000006c5000000|100%| O|  |TAMS 0x00000006c5000000, 0x00000006c4800000| Untracked 
| 442|0x00000006c5000000, 0x00000006c5800000, 0x00000006c5800000|100%| O|  |TAMS 0x00000006c5800000, 0x00000006c5000000| Untracked 
| 443|0x00000006c5800000, 0x00000006c6000000, 0x00000006c6000000|100%| O|  |TAMS 0x00000006c6000000, 0x00000006c5800000| Untracked 
| 444|0x00000006c6000000, 0x00000006c6800000, 0x00000006c6800000|100%| O|  |TAMS 0x00000006c6800000, 0x00000006c6000000| Untracked 
| 445|0x00000006c6800000, 0x00000006c7000000, 0x00000006c7000000|100%| O|  |TAMS 0x00000006c7000000, 0x00000006c6800000| Untracked 
| 446|0x00000006c7000000, 0x00000006c7800000, 0x00000006c7800000|100%| O|  |TAMS 0x00000006c7800000, 0x00000006c7000000| Untracked 
| 447|0x00000006c7800000, 0x00000006c8000000, 0x00000006c8000000|100%| O|  |TAMS 0x00000006c8000000, 0x00000006c7800000| Untracked 
| 448|0x00000006c8000000, 0x00000006c8800000, 0x00000006c8800000|100%| O|  |TAMS 0x00000006c8800000, 0x00000006c8000000| Untracked 
| 449|0x00000006c8800000, 0x00000006c9000000, 0x00000006c9000000|100%| O|  |TAMS 0x00000006c9000000, 0x00000006c8800000| Untracked 
| 450|0x00000006c9000000, 0x00000006c9800000, 0x00000006c9800000|100%| O|  |TAMS 0x00000006c9800000, 0x00000006c9000000| Untracked 
| 451|0x00000006c9800000, 0x00000006ca000000, 0x00000006ca000000|100%| O|  |TAMS 0x00000006ca000000, 0x00000006c9800000| Untracked 
| 452|0x00000006ca000000, 0x00000006ca800000, 0x00000006ca800000|100%| O|  |TAMS 0x00000006ca800000, 0x00000006ca000000| Untracked 
| 453|0x00000006ca800000, 0x00000006cb000000, 0x00000006cb000000|100%| O|  |TAMS 0x00000006cb000000, 0x00000006ca800000| Untracked 
| 454|0x00000006cb000000, 0x00000006cb800000, 0x00000006cb800000|100%| O|  |TAMS 0x00000006cb800000, 0x00000006cb000000| Untracked 
| 455|0x00000006cb800000, 0x00000006cc000000, 0x00000006cc000000|100%| O|  |TAMS 0x00000006cc000000, 0x00000006cb800000| Untracked 
| 456|0x00000006cc000000, 0x00000006cc800000, 0x00000006cc800000|100%| O|  |TAMS 0x00000006cc800000, 0x00000006cc000000| Untracked 
| 457|0x00000006cc800000, 0x00000006cd000000, 0x00000006cd000000|100%| O|  |TAMS 0x00000006cd000000, 0x00000006cc800000| Untracked 
| 458|0x00000006cd000000, 0x00000006cd800000, 0x00000006cd800000|100%| O|  |TAMS 0x00000006cd800000, 0x00000006cd000000| Untracked 
| 459|0x00000006cd800000, 0x00000006ce000000, 0x00000006ce000000|100%| O|  |TAMS 0x00000006ce000000, 0x00000006cd800000| Untracked 
| 460|0x00000006ce000000, 0x00000006ce800000, 0x00000006ce800000|100%| O|  |TAMS 0x00000006ce800000, 0x00000006ce000000| Untracked 
| 461|0x00000006ce800000, 0x00000006cf000000, 0x00000006cf000000|100%| O|  |TAMS 0x00000006cf000000, 0x00000006ce800000| Untracked 
| 462|0x00000006cf000000, 0x00000006cf800000, 0x00000006cf800000|100%| O|  |TAMS 0x00000006cf800000, 0x00000006cf000000| Untracked 
| 463|0x00000006cf800000, 0x00000006d0000000, 0x00000006d0000000|100%| O|  |TAMS 0x00000006d0000000, 0x00000006cf800000| Untracked 
| 464|0x00000006d0000000, 0x00000006d0800000, 0x00000006d0800000|100%| O|  |TAMS 0x00000006d0800000, 0x00000006d0000000| Untracked 
| 465|0x00000006d0800000, 0x00000006d1000000, 0x00000006d1000000|100%| O|  |TAMS 0x00000006d0c5a800, 0x00000006d0800000| Untracked 
| 466|0x00000006d1000000, 0x00000006d1000000, 0x00000006d1800000|  0%| F|  |TAMS 0x00000006d1000000, 0x00000006d1000000| Untracked 
| 467|0x00000006d1800000, 0x00000006d2000000, 0x00000006d2000000|100%| O|  |TAMS 0x00000006d2000000, 0x00000006d1800000| Untracked 
| 468|0x00000006d2000000, 0x00000006d2800000, 0x00000006d2800000|100%| O|  |TAMS 0x00000006d2800000, 0x00000006d2000000| Untracked 
| 469|0x00000006d2800000, 0x00000006d3000000, 0x00000006d3000000|100%| O|  |TAMS 0x00000006d3000000, 0x00000006d2800000| Untracked 
| 470|0x00000006d3000000, 0x00000006d3800000, 0x00000006d3800000|100%| O|  |TAMS 0x00000006d3800000, 0x00000006d3000000| Untracked 
| 471|0x00000006d3800000, 0x00000006d4000000, 0x00000006d4000000|100%| O|  |TAMS 0x00000006d4000000, 0x00000006d3800000| Untracked 
| 472|0x00000006d4000000, 0x00000006d4800000, 0x00000006d4800000|100%| O|  |TAMS 0x00000006d4800000, 0x00000006d4000000| Untracked 
| 473|0x00000006d4800000, 0x00000006d5000000, 0x00000006d5000000|100%| O|  |TAMS 0x00000006d5000000, 0x00000006d4800000| Untracked 
| 474|0x00000006d5000000, 0x00000006d5800000, 0x00000006d5800000|100%| O|  |TAMS 0x00000006d5800000, 0x00000006d5000000| Untracked 
| 475|0x00000006d5800000, 0x00000006d5800000, 0x00000006d6000000|  0%| F|  |TAMS 0x00000006d5800000, 0x00000006d5800000| Untracked 
| 476|0x00000006d6000000, 0x00000006d6800000, 0x00000006d6800000|100%| O|  |TAMS 0x00000006d6800000, 0x00000006d6000000| Untracked 
| 477|0x00000006d6800000, 0x00000006d6800000, 0x00000006d7000000|  0%| F|  |TAMS 0x00000006d6800000, 0x00000006d6800000| Untracked 
| 478|0x00000006d7000000, 0x00000006d7000000, 0x00000006d7800000|  0%| F|  |TAMS 0x00000006d7000000, 0x00000006d7000000| Untracked 
| 479|0x00000006d7800000, 0x00000006d8000000, 0x00000006d8000000|100%| O|  |TAMS 0x00000006d8000000, 0x00000006d7800000| Untracked 
| 480|0x00000006d8000000, 0x00000006d8800000, 0x00000006d8800000|100%| O|  |TAMS 0x00000006d8800000, 0x00000006d8000000| Untracked 
| 481|0x00000006d8800000, 0x00000006d9000000, 0x00000006d9000000|100%| O|  |TAMS 0x00000006d9000000, 0x00000006d8800000| Untracked 
| 482|0x00000006d9000000, 0x00000006d9800000, 0x00000006d9800000|100%| O|  |TAMS 0x00000006d9800000, 0x00000006d9000000| Untracked 
| 483|0x00000006d9800000, 0x00000006da000000, 0x00000006da000000|100%| O|  |TAMS 0x00000006da000000, 0x00000006d9800000| Untracked 
| 484|0x00000006da000000, 0x00000006da800000, 0x00000006da800000|100%| O|  |TAMS 0x00000006da800000, 0x00000006da000000| Untracked 
| 485|0x00000006da800000, 0x00000006db000000, 0x00000006db000000|100%| O|  |TAMS 0x00000006db000000, 0x00000006da800000| Untracked 
| 486|0x00000006db000000, 0x00000006db800000, 0x00000006db800000|100%| O|  |TAMS 0x00000006db800000, 0x00000006db000000| Untracked 
| 487|0x00000006db800000, 0x00000006dc000000, 0x00000006dc000000|100%| O|  |TAMS 0x00000006dc000000, 0x00000006db800000| Untracked 
| 488|0x00000006dc000000, 0x00000006dc800000, 0x00000006dc800000|100%| O|  |TAMS 0x00000006dc800000, 0x00000006dc000000| Untracked 
| 489|0x00000006dc800000, 0x00000006dd000000, 0x00000006dd000000|100%| O|  |TAMS 0x00000006dd000000, 0x00000006dc800000| Untracked 
| 490|0x00000006dd000000, 0x00000006dd800000, 0x00000006dd800000|100%| O|  |TAMS 0x00000006dd800000, 0x00000006dd000000| Untracked 
| 491|0x00000006dd800000, 0x00000006de000000, 0x00000006de000000|100%| O|  |TAMS 0x00000006de000000, 0x00000006dd800000| Untracked 
| 492|0x00000006de000000, 0x00000006de800000, 0x00000006de800000|100%| O|  |TAMS 0x00000006de800000, 0x00000006de000000| Untracked 
| 493|0x00000006de800000, 0x00000006df000000, 0x00000006df000000|100%| O|  |TAMS 0x00000006df000000, 0x00000006de800000| Untracked 
| 494|0x00000006df000000, 0x00000006df800000, 0x00000006df800000|100%| O|  |TAMS 0x00000006df800000, 0x00000006df000000| Untracked 
| 495|0x00000006df800000, 0x00000006e0000000, 0x00000006e0000000|100%| O|  |TAMS 0x00000006e0000000, 0x00000006df800000| Untracked 
| 496|0x00000006e0000000, 0x00000006e0800000, 0x00000006e0800000|100%| O|  |TAMS 0x00000006e0800000, 0x00000006e0000000| Untracked 
| 497|0x00000006e0800000, 0x00000006e1000000, 0x00000006e1000000|100%| O|  |TAMS 0x00000006e1000000, 0x00000006e0800000| Untracked 
| 498|0x00000006e1000000, 0x00000006e1800000, 0x00000006e1800000|100%| O|  |TAMS 0x00000006e1800000, 0x00000006e1000000| Untracked 
| 499|0x00000006e1800000, 0x00000006e2000000, 0x00000006e2000000|100%| O|  |TAMS 0x00000006e2000000, 0x00000006e1800000| Untracked 
| 500|0x00000006e2000000, 0x00000006e2800000, 0x00000006e2800000|100%| O|  |TAMS 0x00000006e2800000, 0x00000006e2000000| Untracked 
| 501|0x00000006e2800000, 0x00000006e3000000, 0x00000006e3000000|100%| O|  |TAMS 0x00000006e3000000, 0x00000006e2800000| Untracked 
| 502|0x00000006e3000000, 0x00000006e3800000, 0x00000006e3800000|100%| O|  |TAMS 0x00000006e3800000, 0x00000006e3000000| Untracked 
| 503|0x00000006e3800000, 0x00000006e4000000, 0x00000006e4000000|100%| O|  |TAMS 0x00000006e4000000, 0x00000006e3800000| Untracked 
| 504|0x00000006e4000000, 0x00000006e4800000, 0x00000006e4800000|100%| O|  |TAMS 0x00000006e4800000, 0x00000006e4000000| Untracked 
| 505|0x00000006e4800000, 0x00000006e5000000, 0x00000006e5000000|100%| O|  |TAMS 0x00000006e5000000, 0x00000006e4800000| Untracked 
| 506|0x00000006e5000000, 0x00000006e5800000, 0x00000006e5800000|100%| O|  |TAMS 0x00000006e5800000, 0x00000006e5000000| Untracked 
| 507|0x00000006e5800000, 0x00000006e6000000, 0x00000006e6000000|100%| O|  |TAMS 0x00000006e6000000, 0x00000006e5800000| Untracked 
| 508|0x00000006e6000000, 0x00000006e6800000, 0x00000006e6800000|100%| O|  |TAMS 0x00000006e6800000, 0x00000006e6000000| Untracked 
| 509|0x00000006e6800000, 0x00000006e7000000, 0x00000006e7000000|100%| O|  |TAMS 0x00000006e7000000, 0x00000006e6800000| Untracked 
| 510|0x00000006e7000000, 0x00000006e7800000, 0x00000006e7800000|100%| O|  |TAMS 0x00000006e7800000, 0x00000006e7000000| Untracked 
| 511|0x00000006e7800000, 0x00000006e8000000, 0x00000006e8000000|100%| O|  |TAMS 0x00000006e8000000, 0x00000006e7800000| Untracked 
| 512|0x00000006e8000000, 0x00000006e8800000, 0x00000006e8800000|100%| O|  |TAMS 0x00000006e8800000, 0x00000006e8000000| Untracked 
| 513|0x00000006e8800000, 0x00000006e9000000, 0x00000006e9000000|100%| O|  |TAMS 0x00000006e9000000, 0x00000006e8800000| Untracked 
| 514|0x00000006e9000000, 0x00000006e9800000, 0x00000006e9800000|100%| O|  |TAMS 0x00000006e9800000, 0x00000006e9000000| Untracked 
| 515|0x00000006e9800000, 0x00000006ea000000, 0x00000006ea000000|100%| O|  |TAMS 0x00000006ea000000, 0x00000006e9800000| Untracked 
| 516|0x00000006ea000000, 0x00000006ea800000, 0x00000006ea800000|100%| O|  |TAMS 0x00000006ea800000, 0x00000006ea000000| Untracked 
| 517|0x00000006ea800000, 0x00000006eb000000, 0x00000006eb000000|100%| O|  |TAMS 0x00000006eb000000, 0x00000006ea800000| Untracked 
| 518|0x00000006eb000000, 0x00000006eb800000, 0x00000006eb800000|100%| O|  |TAMS 0x00000006eb800000, 0x00000006eb000000| Untracked 
| 519|0x00000006eb800000, 0x00000006ec000000, 0x00000006ec000000|100%| O|  |TAMS 0x00000006ec000000, 0x00000006eb800000| Untracked 
| 520|0x00000006ec000000, 0x00000006ec800000, 0x00000006ec800000|100%| O|  |TAMS 0x00000006ec800000, 0x00000006ec000000| Untracked 
| 521|0x00000006ec800000, 0x00000006ed000000, 0x00000006ed000000|100%| O|  |TAMS 0x00000006ed000000, 0x00000006ec800000| Untracked 
| 522|0x00000006ed000000, 0x00000006ed800000, 0x00000006ed800000|100%| O|  |TAMS 0x00000006ed800000, 0x00000006ed000000| Untracked 
| 523|0x00000006ed800000, 0x00000006ee000000, 0x00000006ee000000|100%| O|  |TAMS 0x00000006ee000000, 0x00000006ed800000| Untracked 
| 524|0x00000006ee000000, 0x00000006ee800000, 0x00000006ee800000|100%| O|  |TAMS 0x00000006ee800000, 0x00000006ee000000| Untracked 
| 525|0x00000006ee800000, 0x00000006ef000000, 0x00000006ef000000|100%| O|  |TAMS 0x00000006ef000000, 0x00000006ee800000| Untracked 
| 526|0x00000006ef000000, 0x00000006ef800000, 0x00000006ef800000|100%| O|  |TAMS 0x00000006ef800000, 0x00000006ef000000| Untracked 
| 527|0x00000006ef800000, 0x00000006f0000000, 0x00000006f0000000|100%| O|  |TAMS 0x00000006f0000000, 0x00000006ef800000| Untracked 
| 528|0x00000006f0000000, 0x00000006f0800000, 0x00000006f0800000|100%| O|  |TAMS 0x00000006f0800000, 0x00000006f0000000| Untracked 
| 529|0x00000006f0800000, 0x00000006f1000000, 0x00000006f1000000|100%| O|  |TAMS 0x00000006f1000000, 0x00000006f0800000| Untracked 
| 530|0x00000006f1000000, 0x00000006f1800000, 0x00000006f1800000|100%| O|  |TAMS 0x00000006f1800000, 0x00000006f1000000| Untracked 
| 531|0x00000006f1800000, 0x00000006f1800000, 0x00000006f2000000|  0%| F|  |TAMS 0x00000006f1800000, 0x00000006f1800000| Untracked 
| 532|0x00000006f2000000, 0x00000006f2800000, 0x00000006f2800000|100%| O|  |TAMS 0x00000006f2800000, 0x00000006f2000000| Untracked 
| 533|0x00000006f2800000, 0x00000006f3000000, 0x00000006f3000000|100%| O|  |TAMS 0x00000006f3000000, 0x00000006f2800000| Untracked 
| 534|0x00000006f3000000, 0x00000006f3000000, 0x00000006f3800000|  0%| F|  |TAMS 0x00000006f3000000, 0x00000006f3000000| Untracked 
| 535|0x00000006f3800000, 0x00000006f3800000, 0x00000006f4000000|  0%| F|  |TAMS 0x00000006f3800000, 0x00000006f3800000| Untracked 
| 536|0x00000006f4000000, 0x00000006f4800000, 0x00000006f4800000|100%| O|  |TAMS 0x00000006f4800000, 0x00000006f4000000| Untracked 
| 537|0x00000006f4800000, 0x00000006f4800000, 0x00000006f5000000|  0%| F|  |TAMS 0x00000006f4800000, 0x00000006f4800000| Untracked 
| 538|0x00000006f5000000, 0x00000006f5000000, 0x00000006f5800000|  0%| F|  |TAMS 0x00000006f5000000, 0x00000006f5000000| Untracked 
| 539|0x00000006f5800000, 0x00000006f5800000, 0x00000006f6000000|  0%| F|  |TAMS 0x00000006f5800000, 0x00000006f5800000| Untracked 
| 540|0x00000006f6000000, 0x00000006f6000000, 0x00000006f6800000|  0%| F|  |TAMS 0x00000006f6000000, 0x00000006f6000000| Untracked 
| 541|0x00000006f6800000, 0x00000006f7000000, 0x00000006f7000000|100%| O|  |TAMS 0x00000006f7000000, 0x00000006f6800000| Untracked 
| 542|0x00000006f7000000, 0x00000006f7800000, 0x00000006f7800000|100%| O|  |TAMS 0x00000006f7800000, 0x00000006f7000000| Untracked 
| 543|0x00000006f7800000, 0x00000006f8000000, 0x00000006f8000000|100%| O|  |TAMS 0x00000006f8000000, 0x00000006f7800000| Untracked 
| 544|0x00000006f8000000, 0x00000006f8800000, 0x00000006f8800000|100%| O|  |TAMS 0x00000006f8800000, 0x00000006f8000000| Untracked 
| 545|0x00000006f8800000, 0x00000006f9000000, 0x00000006f9000000|100%| O|  |TAMS 0x00000006f9000000, 0x00000006f8800000| Untracked 
| 546|0x00000006f9000000, 0x00000006f9800000, 0x00000006f9800000|100%| O|  |TAMS 0x00000006f9800000, 0x00000006f9000000| Untracked 
| 547|0x00000006f9800000, 0x00000006fa000000, 0x00000006fa000000|100%| O|  |TAMS 0x00000006fa000000, 0x00000006f9800000| Untracked 
| 548|0x00000006fa000000, 0x00000006fa800000, 0x00000006fa800000|100%| O|  |TAMS 0x00000006fa800000, 0x00000006fa000000| Untracked 
| 549|0x00000006fa800000, 0x00000006fb000000, 0x00000006fb000000|100%| O|  |TAMS 0x00000006fb000000, 0x00000006fa800000| Untracked 
| 550|0x00000006fb000000, 0x00000006fb800000, 0x00000006fb800000|100%| O|  |TAMS 0x00000006fb800000, 0x00000006fb000000| Untracked 
| 551|0x00000006fb800000, 0x00000006fc000000, 0x00000006fc000000|100%| O|  |TAMS 0x00000006fc000000, 0x00000006fb800000| Untracked 
| 552|0x00000006fc000000, 0x00000006fc800000, 0x00000006fc800000|100%| O|  |TAMS 0x00000006fc800000, 0x00000006fc000000| Untracked 
| 553|0x00000006fc800000, 0x00000006fd000000, 0x00000006fd000000|100%| O|  |TAMS 0x00000006fd000000, 0x00000006fc800000| Untracked 
| 554|0x00000006fd000000, 0x00000006fd800000, 0x00000006fd800000|100%| O|  |TAMS 0x00000006fd800000, 0x00000006fd000000| Untracked 
| 555|0x00000006fd800000, 0x00000006fe000000, 0x00000006fe000000|100%| O|  |TAMS 0x00000006fe000000, 0x00000006fd800000| Untracked 
| 556|0x00000006fe000000, 0x00000006fe800000, 0x00000006fe800000|100%| O|  |TAMS 0x00000006fe800000, 0x00000006fe000000| Untracked 
| 557|0x00000006fe800000, 0x00000006ff000000, 0x00000006ff000000|100%| O|  |TAMS 0x00000006ff000000, 0x00000006fe800000| Untracked 
| 558|0x00000006ff000000, 0x00000006ff800000, 0x00000006ff800000|100%| O|  |TAMS 0x00000006ff800000, 0x00000006ff000000| Untracked 
| 559|0x00000006ff800000, 0x0000000700000000, 0x0000000700000000|100%| O|  |TAMS 0x0000000700000000, 0x00000006ff800000| Untracked 
| 560|0x0000000700000000, 0x0000000700800000, 0x0000000700800000|100%| O|  |TAMS 0x0000000700800000, 0x0000000700000000| Untracked 
| 561|0x0000000700800000, 0x0000000701000000, 0x0000000701000000|100%| O|  |TAMS 0x0000000701000000, 0x0000000700800000| Untracked 
| 562|0x0000000701000000, 0x0000000701800000, 0x0000000701800000|100%| O|  |TAMS 0x0000000701800000, 0x0000000701000000| Untracked 
| 563|0x0000000701800000, 0x0000000702000000, 0x0000000702000000|100%| O|  |TAMS 0x0000000702000000, 0x0000000701800000| Untracked 
| 564|0x0000000702000000, 0x0000000702800000, 0x0000000702800000|100%| O|  |TAMS 0x0000000702800000, 0x0000000702000000| Untracked 
| 565|0x0000000702800000, 0x0000000702800000, 0x0000000703000000|  0%| F|  |TAMS 0x0000000702800000, 0x0000000702800000| Untracked 
| 566|0x0000000703000000, 0x0000000703800000, 0x0000000703800000|100%| O|  |TAMS 0x0000000703800000, 0x0000000703000000| Untracked 
| 567|0x0000000703800000, 0x0000000704000000, 0x0000000704000000|100%|HS|  |TAMS 0x0000000704000000, 0x0000000703800000| Complete 
| 568|0x0000000704000000, 0x0000000704800000, 0x0000000704800000|100%|HS|  |TAMS 0x0000000704800000, 0x0000000704000000| Complete 
| 569|0x0000000704800000, 0x0000000705000000, 0x0000000705000000|100%| O|  |TAMS 0x0000000705000000, 0x0000000704800000| Untracked 
| 570|0x0000000705000000, 0x0000000705000000, 0x0000000705800000|  0%| F|  |TAMS 0x0000000705000000, 0x0000000705000000| Untracked 
| 571|0x0000000705800000, 0x0000000706000000, 0x0000000706000000|100%| O|  |TAMS 0x0000000706000000, 0x0000000705800000| Untracked 
| 572|0x0000000706000000, 0x0000000706000000, 0x0000000706800000|  0%| F|  |TAMS 0x0000000706000000, 0x0000000706000000| Untracked 
| 573|0x0000000706800000, 0x0000000706800000, 0x0000000707000000|  0%| F|  |TAMS 0x0000000706800000, 0x0000000706800000| Untracked 
| 574|0x0000000707000000, 0x0000000707000000, 0x0000000707800000|  0%| F|  |TAMS 0x0000000707000000, 0x0000000707000000| Untracked 
| 575|0x0000000707800000, 0x0000000707800000, 0x0000000708000000|  0%| F|  |TAMS 0x0000000707800000, 0x0000000707800000| Untracked 
| 576|0x0000000708000000, 0x0000000708000000, 0x0000000708800000|  0%| F|  |TAMS 0x0000000708000000, 0x0000000708000000| Untracked 
| 577|0x0000000708800000, 0x0000000709000000, 0x0000000709000000|100%| O|  |TAMS 0x0000000709000000, 0x0000000708800000| Untracked 
| 578|0x0000000709000000, 0x0000000709800000, 0x0000000709800000|100%| O|  |TAMS 0x0000000709800000, 0x0000000709000000| Untracked 
| 579|0x0000000709800000, 0x000000070a000000, 0x000000070a000000|100%| O|  |TAMS 0x000000070a000000, 0x0000000709800000| Untracked 
| 580|0x000000070a000000, 0x000000070a800000, 0x000000070a800000|100%| O|  |TAMS 0x000000070a800000, 0x000000070a000000| Untracked 
| 581|0x000000070a800000, 0x000000070b000000, 0x000000070b000000|100%| O|  |TAMS 0x000000070b000000, 0x000000070a800000| Untracked 
| 582|0x000000070b000000, 0x000000070b800000, 0x000000070b800000|100%| O|  |TAMS 0x000000070b800000, 0x000000070b000000| Untracked 
| 583|0x000000070b800000, 0x000000070c000000, 0x000000070c000000|100%| O|  |TAMS 0x000000070c000000, 0x000000070b800000| Untracked 
| 584|0x000000070c000000, 0x000000070c800000, 0x000000070c800000|100%| O|  |TAMS 0x000000070c800000, 0x000000070c000000| Untracked 
| 585|0x000000070c800000, 0x000000070d000000, 0x000000070d000000|100%| O|  |TAMS 0x000000070d000000, 0x000000070c800000| Untracked 
| 586|0x000000070d000000, 0x000000070d800000, 0x000000070d800000|100%| O|  |TAMS 0x000000070d800000, 0x000000070d000000| Untracked 
| 587|0x000000070d800000, 0x000000070e000000, 0x000000070e000000|100%| O|  |TAMS 0x000000070e000000, 0x000000070d800000| Untracked 
| 588|0x000000070e000000, 0x000000070e800000, 0x000000070e800000|100%| O|  |TAMS 0x000000070e800000, 0x000000070e000000| Untracked 
| 589|0x000000070e800000, 0x000000070f000000, 0x000000070f000000|100%| O|  |TAMS 0x000000070f000000, 0x000000070e800000| Untracked 
| 590|0x000000070f000000, 0x000000070f800000, 0x000000070f800000|100%| O|  |TAMS 0x000000070f800000, 0x000000070f000000| Untracked 
| 591|0x000000070f800000, 0x0000000710000000, 0x0000000710000000|100%| O|  |TAMS 0x0000000710000000, 0x000000070f800000| Untracked 
| 592|0x0000000710000000, 0x0000000710000000, 0x0000000710800000|  0%| F|  |TAMS 0x0000000710000000, 0x0000000710000000| Untracked 
| 593|0x0000000710800000, 0x0000000710800000, 0x0000000711000000|  0%| F|  |TAMS 0x0000000710800000, 0x0000000710800000| Untracked 
| 594|0x0000000711000000, 0x0000000711000000, 0x0000000711800000|  0%| F|  |TAMS 0x0000000711000000, 0x0000000711000000| Untracked 
| 595|0x0000000711800000, 0x0000000712000000, 0x0000000712000000|100%| O|  |TAMS 0x0000000712000000, 0x0000000711800000| Untracked 
| 596|0x0000000712000000, 0x0000000712000000, 0x0000000712800000|  0%| F|  |TAMS 0x0000000712000000, 0x0000000712000000| Untracked 
| 597|0x0000000712800000, 0x0000000713000000, 0x0000000713000000|100%| O|  |TAMS 0x0000000713000000, 0x0000000712800000| Untracked 
| 598|0x0000000713000000, 0x0000000713800000, 0x0000000713800000|100%| O|  |TAMS 0x0000000713800000, 0x0000000713000000| Untracked 
| 599|0x0000000713800000, 0x0000000713800000, 0x0000000714000000|  0%| F|  |TAMS 0x0000000713800000, 0x0000000713800000| Untracked 
| 600|0x0000000714000000, 0x0000000714800000, 0x0000000714800000|100%| O|  |TAMS 0x0000000714800000, 0x0000000714000000| Untracked 
| 601|0x0000000714800000, 0x0000000715000000, 0x0000000715000000|100%| O|  |TAMS 0x0000000715000000, 0x0000000714800000| Untracked 
| 602|0x0000000715000000, 0x0000000715800000, 0x0000000715800000|100%| O|  |TAMS 0x0000000715800000, 0x0000000715000000| Untracked 
| 603|0x0000000715800000, 0x0000000716000000, 0x0000000716000000|100%| O|  |TAMS 0x0000000716000000, 0x0000000715800000| Untracked 
| 604|0x0000000716000000, 0x0000000716800000, 0x0000000716800000|100%| O|  |TAMS 0x0000000716800000, 0x0000000716000000| Untracked 
| 605|0x0000000716800000, 0x0000000716800000, 0x0000000717000000|  0%| F|  |TAMS 0x0000000716800000, 0x0000000716800000| Untracked 
| 606|0x0000000717000000, 0x0000000717000000, 0x0000000717800000|  0%| F|  |TAMS 0x0000000717000000, 0x0000000717000000| Untracked 
| 607|0x0000000717800000, 0x0000000717800000, 0x0000000718000000|  0%| F|  |TAMS 0x0000000717800000, 0x0000000717800000| Untracked 
| 608|0x0000000718000000, 0x0000000718000000, 0x0000000718800000|  0%| F|  |TAMS 0x0000000718000000, 0x0000000718000000| Untracked 
| 609|0x0000000718800000, 0x0000000718800000, 0x0000000719000000|  0%| F|  |TAMS 0x0000000718800000, 0x0000000718800000| Untracked 
| 610|0x0000000719000000, 0x0000000719000000, 0x0000000719800000|  0%| F|  |TAMS 0x0000000719000000, 0x0000000719000000| Untracked 
| 611|0x0000000719800000, 0x0000000719800000, 0x000000071a000000|  0%| F|  |TAMS 0x0000000719800000, 0x0000000719800000| Untracked 
| 612|0x000000071a000000, 0x000000071a000000, 0x000000071a800000|  0%| F|  |TAMS 0x000000071a000000, 0x000000071a000000| Untracked 
| 613|0x000000071a800000, 0x000000071a800000, 0x000000071b000000|  0%| F|  |TAMS 0x000000071a800000, 0x000000071a800000| Untracked 
| 614|0x000000071b000000, 0x000000071b000000, 0x000000071b800000|  0%| F|  |TAMS 0x000000071b000000, 0x000000071b000000| Untracked 
| 615|0x000000071b800000, 0x000000071b800000, 0x000000071c000000|  0%| F|  |TAMS 0x000000071b800000, 0x000000071b800000| Untracked 
| 616|0x000000071c000000, 0x000000071c000000, 0x000000071c800000|  0%| F|  |TAMS 0x000000071c000000, 0x000000071c000000| Untracked 
| 617|0x000000071c800000, 0x000000071c800000, 0x000000071d000000|  0%| F|  |TAMS 0x000000071c800000, 0x000000071c800000| Untracked 
| 618|0x000000071d000000, 0x000000071d000000, 0x000000071d800000|  0%| F|  |TAMS 0x000000071d000000, 0x000000071d000000| Untracked 
| 619|0x000000071d800000, 0x000000071d800000, 0x000000071e000000|  0%| F|  |TAMS 0x000000071d800000, 0x000000071d800000| Untracked 
| 620|0x000000071e000000, 0x000000071e000000, 0x000000071e800000|  0%| F|  |TAMS 0x000000071e000000, 0x000000071e000000| Untracked 
| 621|0x000000071e800000, 0x000000071e800000, 0x000000071f000000|  0%| F|  |TAMS 0x000000071e800000, 0x000000071e800000| Untracked 
| 622|0x000000071f000000, 0x000000071f000000, 0x000000071f800000|  0%| F|  |TAMS 0x000000071f000000, 0x000000071f000000| Untracked 
| 623|0x000000071f800000, 0x000000071f800000, 0x0000000720000000|  0%| F|  |TAMS 0x000000071f800000, 0x000000071f800000| Untracked 
| 624|0x0000000720000000, 0x0000000720000000, 0x0000000720800000|  0%| F|  |TAMS 0x0000000720000000, 0x0000000720000000| Untracked 
| 625|0x0000000720800000, 0x0000000720800000, 0x0000000721000000|  0%| F|  |TAMS 0x0000000720800000, 0x0000000720800000| Untracked 
| 626|0x0000000721000000, 0x0000000721000000, 0x0000000721800000|  0%| F|  |TAMS 0x0000000721000000, 0x0000000721000000| Untracked 
| 627|0x0000000721800000, 0x0000000721800000, 0x0000000722000000|  0%| F|  |TAMS 0x0000000721800000, 0x0000000721800000| Untracked 
| 628|0x0000000722000000, 0x0000000722000000, 0x0000000722800000|  0%| F|  |TAMS 0x0000000722000000, 0x0000000722000000| Untracked 
| 629|0x0000000722800000, 0x0000000722800000, 0x0000000723000000|  0%| F|  |TAMS 0x0000000722800000, 0x0000000722800000| Untracked 
| 630|0x0000000723000000, 0x0000000723000000, 0x0000000723800000|  0%| F|  |TAMS 0x0000000723000000, 0x0000000723000000| Untracked 
| 631|0x0000000723800000, 0x0000000723800000, 0x0000000724000000|  0%| F|  |TAMS 0x0000000723800000, 0x0000000723800000| Untracked 
| 632|0x0000000724000000, 0x0000000724000000, 0x0000000724800000|  0%| F|  |TAMS 0x0000000724000000, 0x0000000724000000| Untracked 
| 633|0x0000000724800000, 0x0000000724800000, 0x0000000725000000|  0%| F|  |TAMS 0x0000000724800000, 0x0000000724800000| Untracked 
| 634|0x0000000725000000, 0x0000000725000000, 0x0000000725800000|  0%| F|  |TAMS 0x0000000725000000, 0x0000000725000000| Untracked 
| 635|0x0000000725800000, 0x0000000725800000, 0x0000000726000000|  0%| F|  |TAMS 0x0000000725800000, 0x0000000725800000| Untracked 
| 636|0x0000000726000000, 0x0000000726000000, 0x0000000726800000|  0%| F|  |TAMS 0x0000000726000000, 0x0000000726000000| Untracked 
| 637|0x0000000726800000, 0x0000000726800000, 0x0000000727000000|  0%| F|  |TAMS 0x0000000726800000, 0x0000000726800000| Untracked 
| 638|0x0000000727000000, 0x0000000727000000, 0x0000000727800000|  0%| F|  |TAMS 0x0000000727000000, 0x0000000727000000| Untracked 
| 639|0x0000000727800000, 0x0000000727800000, 0x0000000728000000|  0%| F|  |TAMS 0x0000000727800000, 0x0000000727800000| Untracked 
| 640|0x0000000728000000, 0x0000000728000000, 0x0000000728800000|  0%| F|  |TAMS 0x0000000728000000, 0x0000000728000000| Untracked 
| 641|0x0000000728800000, 0x0000000728800000, 0x0000000729000000|  0%| F|  |TAMS 0x0000000728800000, 0x0000000728800000| Untracked 
| 642|0x0000000729000000, 0x0000000729000000, 0x0000000729800000|  0%| F|  |TAMS 0x0000000729000000, 0x0000000729000000| Untracked 
| 643|0x0000000729800000, 0x0000000729800000, 0x000000072a000000|  0%| F|  |TAMS 0x0000000729800000, 0x0000000729800000| Untracked 
| 644|0x000000072a000000, 0x000000072a000000, 0x000000072a800000|  0%| F|  |TAMS 0x000000072a000000, 0x000000072a000000| Untracked 
| 645|0x000000072a800000, 0x000000072a800000, 0x000000072b000000|  0%| F|  |TAMS 0x000000072a800000, 0x000000072a800000| Untracked 
| 646|0x000000072b000000, 0x000000072b000000, 0x000000072b800000|  0%| F|  |TAMS 0x000000072b000000, 0x000000072b000000| Untracked 
| 647|0x000000072b800000, 0x000000072b800000, 0x000000072c000000|  0%| F|  |TAMS 0x000000072b800000, 0x000000072b800000| Untracked 
| 648|0x000000072c000000, 0x000000072c000000, 0x000000072c800000|  0%| F|  |TAMS 0x000000072c000000, 0x000000072c000000| Untracked 
| 649|0x000000072c800000, 0x000000072c800000, 0x000000072d000000|  0%| F|  |TAMS 0x000000072c800000, 0x000000072c800000| Untracked 
| 650|0x000000072d000000, 0x000000072d000000, 0x000000072d800000|  0%| F|  |TAMS 0x000000072d000000, 0x000000072d000000| Untracked 
| 651|0x000000072d800000, 0x000000072d800000, 0x000000072e000000|  0%| F|  |TAMS 0x000000072d800000, 0x000000072d800000| Untracked 
| 652|0x000000072e000000, 0x000000072e000000, 0x000000072e800000|  0%| F|  |TAMS 0x000000072e000000, 0x000000072e000000| Untracked 
| 653|0x000000072e800000, 0x000000072e800000, 0x000000072f000000|  0%| F|  |TAMS 0x000000072e800000, 0x000000072e800000| Untracked 
| 654|0x000000072f000000, 0x000000072f000000, 0x000000072f800000|  0%| F|  |TAMS 0x000000072f000000, 0x000000072f000000| Untracked 
| 655|0x000000072f800000, 0x000000072f800000, 0x0000000730000000|  0%| F|  |TAMS 0x000000072f800000, 0x000000072f800000| Untracked 
| 656|0x0000000730000000, 0x0000000730000000, 0x0000000730800000|  0%| F|  |TAMS 0x0000000730000000, 0x0000000730000000| Untracked 
| 657|0x0000000730800000, 0x0000000730800000, 0x0000000731000000|  0%| F|  |TAMS 0x0000000730800000, 0x0000000730800000| Untracked 
| 658|0x0000000731000000, 0x0000000731000000, 0x0000000731800000|  0%| F|  |TAMS 0x0000000731000000, 0x0000000731000000| Untracked 
| 659|0x0000000731800000, 0x0000000731800000, 0x0000000732000000|  0%| F|  |TAMS 0x0000000731800000, 0x0000000731800000| Untracked 
| 660|0x0000000732000000, 0x0000000732000000, 0x0000000732800000|  0%| F|  |TAMS 0x0000000732000000, 0x0000000732000000| Untracked 
| 661|0x0000000732800000, 0x0000000732800000, 0x0000000733000000|  0%| F|  |TAMS 0x0000000732800000, 0x0000000732800000| Untracked 
| 662|0x0000000733000000, 0x0000000733000000, 0x0000000733800000|  0%| F|  |TAMS 0x0000000733000000, 0x0000000733000000| Untracked 
| 663|0x0000000733800000, 0x0000000733800000, 0x0000000734000000|  0%| F|  |TAMS 0x0000000733800000, 0x0000000733800000| Untracked 
| 664|0x0000000734000000, 0x0000000734000000, 0x0000000734800000|  0%| F|  |TAMS 0x0000000734000000, 0x0000000734000000| Untracked 
| 665|0x0000000734800000, 0x0000000734800000, 0x0000000735000000|  0%| F|  |TAMS 0x0000000734800000, 0x0000000734800000| Untracked 
| 666|0x0000000735000000, 0x0000000735000000, 0x0000000735800000|  0%| F|  |TAMS 0x0000000735000000, 0x0000000735000000| Untracked 
| 667|0x0000000735800000, 0x0000000735800000, 0x0000000736000000|  0%| F|  |TAMS 0x0000000735800000, 0x0000000735800000| Untracked 
| 668|0x0000000736000000, 0x0000000736000000, 0x0000000736800000|  0%| F|  |TAMS 0x0000000736000000, 0x0000000736000000| Untracked 
| 669|0x0000000736800000, 0x0000000736800000, 0x0000000737000000|  0%| F|  |TAMS 0x0000000736800000, 0x0000000736800000| Untracked 
| 670|0x0000000737000000, 0x0000000737000000, 0x0000000737800000|  0%| F|  |TAMS 0x0000000737000000, 0x0000000737000000| Untracked 
| 671|0x0000000737800000, 0x0000000737800000, 0x0000000738000000|  0%| F|  |TAMS 0x0000000737800000, 0x0000000737800000| Untracked 
| 672|0x0000000738000000, 0x0000000738000000, 0x0000000738800000|  0%| F|  |TAMS 0x0000000738000000, 0x0000000738000000| Untracked 
| 673|0x0000000738800000, 0x0000000738800000, 0x0000000739000000|  0%| F|  |TAMS 0x0000000738800000, 0x0000000738800000| Untracked 
| 674|0x0000000739000000, 0x0000000739000000, 0x0000000739800000|  0%| F|  |TAMS 0x0000000739000000, 0x0000000739000000| Untracked 
| 675|0x0000000739800000, 0x0000000739800000, 0x000000073a000000|  0%| F|  |TAMS 0x0000000739800000, 0x0000000739800000| Untracked 
| 676|0x000000073a000000, 0x000000073a000000, 0x000000073a800000|  0%| F|  |TAMS 0x000000073a000000, 0x000000073a000000| Untracked 
| 677|0x000000073a800000, 0x000000073a800000, 0x000000073b000000|  0%| F|  |TAMS 0x000000073a800000, 0x000000073a800000| Untracked 
| 678|0x000000073b000000, 0x000000073b000000, 0x000000073b800000|  0%| F|  |TAMS 0x000000073b000000, 0x000000073b000000| Untracked 
| 679|0x000000073b800000, 0x000000073b800000, 0x000000073c000000|  0%| F|  |TAMS 0x000000073b800000, 0x000000073b800000| Untracked 
| 680|0x000000073c000000, 0x000000073c000000, 0x000000073c800000|  0%| F|  |TAMS 0x000000073c000000, 0x000000073c000000| Untracked 
| 681|0x000000073c800000, 0x000000073c800000, 0x000000073d000000|  0%| F|  |TAMS 0x000000073c800000, 0x000000073c800000| Untracked 
| 682|0x000000073d000000, 0x000000073d000000, 0x000000073d800000|  0%| F|  |TAMS 0x000000073d000000, 0x000000073d000000| Untracked 
| 683|0x000000073d800000, 0x000000073d800000, 0x000000073e000000|  0%| F|  |TAMS 0x000000073d800000, 0x000000073d800000| Untracked 
| 684|0x000000073e000000, 0x000000073e000000, 0x000000073e800000|  0%| F|  |TAMS 0x000000073e000000, 0x000000073e000000| Untracked 
| 685|0x000000073e800000, 0x000000073e800000, 0x000000073f000000|  0%| F|  |TAMS 0x000000073e800000, 0x000000073e800000| Untracked 
| 686|0x000000073f000000, 0x000000073f000000, 0x000000073f800000|  0%| F|  |TAMS 0x000000073f000000, 0x000000073f000000| Untracked 
| 687|0x000000073f800000, 0x000000073f800000, 0x0000000740000000|  0%| F|  |TAMS 0x000000073f800000, 0x000000073f800000| Untracked 
| 688|0x0000000740000000, 0x0000000740000000, 0x0000000740800000|  0%| F|  |TAMS 0x0000000740000000, 0x0000000740000000| Untracked 
| 689|0x0000000740800000, 0x0000000740de7d30, 0x0000000741000000| 73%| S|CS|TAMS 0x0000000740800000, 0x0000000740800000| Complete 
| 690|0x0000000741000000, 0x0000000741000000, 0x0000000741800000|  0%| F|  |TAMS 0x0000000741000000, 0x0000000741000000| Untracked 
| 691|0x0000000741800000, 0x0000000741800000, 0x0000000742000000|  0%| F|  |TAMS 0x0000000741800000, 0x0000000741800000| Untracked 
| 692|0x0000000742000000, 0x0000000742000000, 0x0000000742800000|  0%| F|  |TAMS 0x0000000742000000, 0x0000000742000000| Untracked 
| 693|0x0000000742800000, 0x0000000742800000, 0x0000000743000000|  0%| F|  |TAMS 0x0000000742800000, 0x0000000742800000| Untracked 
| 694|0x0000000743000000, 0x0000000743000000, 0x0000000743800000|  0%| F|  |TAMS 0x0000000743000000, 0x0000000743000000| Untracked 
| 695|0x0000000743800000, 0x0000000743800000, 0x0000000744000000|  0%| F|  |TAMS 0x0000000743800000, 0x0000000743800000| Untracked 
| 696|0x0000000744000000, 0x0000000744000000, 0x0000000744800000|  0%| F|  |TAMS 0x0000000744000000, 0x0000000744000000| Untracked 
| 697|0x0000000744800000, 0x0000000744800000, 0x0000000745000000|  0%| F|  |TAMS 0x0000000744800000, 0x0000000744800000| Untracked 
| 698|0x0000000745000000, 0x0000000745000000, 0x0000000745800000|  0%| F|  |TAMS 0x0000000745000000, 0x0000000745000000| Untracked 
| 699|0x0000000745800000, 0x0000000745800000, 0x0000000746000000|  0%| F|  |TAMS 0x0000000745800000, 0x0000000745800000| Untracked 
| 700|0x0000000746000000, 0x0000000746000000, 0x0000000746800000|  0%| F|  |TAMS 0x0000000746000000, 0x0000000746000000| Untracked 
| 701|0x0000000746800000, 0x0000000746800000, 0x0000000747000000|  0%| F|  |TAMS 0x0000000746800000, 0x0000000746800000| Untracked 
| 702|0x0000000747000000, 0x0000000747000000, 0x0000000747800000|  0%| F|  |TAMS 0x0000000747000000, 0x0000000747000000| Untracked 
| 703|0x0000000747800000, 0x0000000747800000, 0x0000000748000000|  0%| F|  |TAMS 0x0000000747800000, 0x0000000747800000| Untracked 
| 704|0x0000000748000000, 0x0000000748000000, 0x0000000748800000|  0%| F|  |TAMS 0x0000000748000000, 0x0000000748000000| Untracked 
| 705|0x0000000748800000, 0x0000000748800000, 0x0000000749000000|  0%| F|  |TAMS 0x0000000748800000, 0x0000000748800000| Untracked 
| 706|0x0000000749000000, 0x0000000749000000, 0x0000000749800000|  0%| F|  |TAMS 0x0000000749000000, 0x0000000749000000| Untracked 
| 707|0x0000000749800000, 0x0000000749800000, 0x000000074a000000|  0%| F|  |TAMS 0x0000000749800000, 0x0000000749800000| Untracked 
| 708|0x000000074a000000, 0x000000074a000000, 0x000000074a800000|  0%| F|  |TAMS 0x000000074a000000, 0x000000074a000000| Untracked 
| 709|0x000000074a800000, 0x000000074a800000, 0x000000074b000000|  0%| F|  |TAMS 0x000000074a800000, 0x000000074a800000| Untracked 
| 710|0x000000074b000000, 0x000000074b000000, 0x000000074b800000|  0%| F|  |TAMS 0x000000074b000000, 0x000000074b000000| Untracked 
| 711|0x000000074b800000, 0x000000074b800000, 0x000000074c000000|  0%| F|  |TAMS 0x000000074b800000, 0x000000074b800000| Untracked 
| 712|0x000000074c000000, 0x000000074c000000, 0x000000074c800000|  0%| F|  |TAMS 0x000000074c000000, 0x000000074c000000| Untracked 
| 713|0x000000074c800000, 0x000000074c800000, 0x000000074d000000|  0%| F|  |TAMS 0x000000074c800000, 0x000000074c800000| Untracked 
| 714|0x000000074d000000, 0x000000074d000000, 0x000000074d800000|  0%| F|  |TAMS 0x000000074d000000, 0x000000074d000000| Untracked 
| 715|0x000000074d800000, 0x000000074d800000, 0x000000074e000000|  0%| F|  |TAMS 0x000000074d800000, 0x000000074d800000| Untracked 
| 716|0x000000074e000000, 0x000000074e000000, 0x000000074e800000|  0%| F|  |TAMS 0x000000074e000000, 0x000000074e000000| Untracked 
| 717|0x000000074e800000, 0x000000074e800000, 0x000000074f000000|  0%| F|  |TAMS 0x000000074e800000, 0x000000074e800000| Untracked 
| 718|0x000000074f000000, 0x000000074f000000, 0x000000074f800000|  0%| F|  |TAMS 0x000000074f000000, 0x000000074f000000| Untracked 
| 719|0x000000074f800000, 0x000000074f800000, 0x0000000750000000|  0%| F|  |TAMS 0x000000074f800000, 0x000000074f800000| Untracked 
| 720|0x0000000750000000, 0x0000000750000000, 0x0000000750800000|  0%| F|  |TAMS 0x0000000750000000, 0x0000000750000000| Untracked 
| 721|0x0000000750800000, 0x0000000750800000, 0x0000000751000000|  0%| F|  |TAMS 0x0000000750800000, 0x0000000750800000| Untracked 
| 722|0x0000000751000000, 0x0000000751000000, 0x0000000751800000|  0%| F|  |TAMS 0x0000000751000000, 0x0000000751000000| Untracked 
| 723|0x0000000751800000, 0x0000000751800000, 0x0000000752000000|  0%| F|  |TAMS 0x0000000751800000, 0x0000000751800000| Untracked 
| 724|0x0000000752000000, 0x0000000752000000, 0x0000000752800000|  0%| F|  |TAMS 0x0000000752000000, 0x0000000752000000| Untracked 
| 725|0x0000000752800000, 0x0000000752800000, 0x0000000753000000|  0%| F|  |TAMS 0x0000000752800000, 0x0000000752800000| Untracked 
| 726|0x0000000753000000, 0x0000000753000000, 0x0000000753800000|  0%| F|  |TAMS 0x0000000753000000, 0x0000000753000000| Untracked 
| 727|0x0000000753800000, 0x0000000753800000, 0x0000000754000000|  0%| F|  |TAMS 0x0000000753800000, 0x0000000753800000| Untracked 
| 728|0x0000000754000000, 0x0000000754000000, 0x0000000754800000|  0%| F|  |TAMS 0x0000000754000000, 0x0000000754000000| Untracked 
| 729|0x0000000754800000, 0x0000000754800000, 0x0000000755000000|  0%| F|  |TAMS 0x0000000754800000, 0x0000000754800000| Untracked 
| 730|0x0000000755000000, 0x0000000755000000, 0x0000000755800000|  0%| F|  |TAMS 0x0000000755000000, 0x0000000755000000| Untracked 
| 731|0x0000000755800000, 0x0000000755800000, 0x0000000756000000|  0%| F|  |TAMS 0x0000000755800000, 0x0000000755800000| Untracked 
| 732|0x0000000756000000, 0x0000000756000000, 0x0000000756800000|  0%| F|  |TAMS 0x0000000756000000, 0x0000000756000000| Untracked 
| 733|0x0000000756800000, 0x0000000756800000, 0x0000000757000000|  0%| F|  |TAMS 0x0000000756800000, 0x0000000756800000| Untracked 
| 734|0x0000000757000000, 0x0000000757000000, 0x0000000757800000|  0%| F|  |TAMS 0x0000000757000000, 0x0000000757000000| Untracked 
| 735|0x0000000757800000, 0x0000000757800000, 0x0000000758000000|  0%| F|  |TAMS 0x0000000757800000, 0x0000000757800000| Untracked 
| 736|0x0000000758000000, 0x0000000758000000, 0x0000000758800000|  0%| F|  |TAMS 0x0000000758000000, 0x0000000758000000| Untracked 
| 737|0x0000000758800000, 0x0000000758800000, 0x0000000759000000|  0%| F|  |TAMS 0x0000000758800000, 0x0000000758800000| Untracked 
| 738|0x0000000759000000, 0x0000000759000000, 0x0000000759800000|  0%| F|  |TAMS 0x0000000759000000, 0x0000000759000000| Untracked 
| 739|0x0000000759800000, 0x0000000759800000, 0x000000075a000000|  0%| F|  |TAMS 0x0000000759800000, 0x0000000759800000| Untracked 
| 740|0x000000075a000000, 0x000000075a000000, 0x000000075a800000|  0%| F|  |TAMS 0x000000075a000000, 0x000000075a000000| Untracked 
| 741|0x000000075a800000, 0x000000075a800000, 0x000000075b000000|  0%| F|  |TAMS 0x000000075a800000, 0x000000075a800000| Untracked 
| 742|0x000000075b000000, 0x000000075b000000, 0x000000075b800000|  0%| F|  |TAMS 0x000000075b000000, 0x000000075b000000| Untracked 
| 743|0x000000075b800000, 0x000000075b800000, 0x000000075c000000|  0%| F|  |TAMS 0x000000075b800000, 0x000000075b800000| Untracked 
| 744|0x000000075c000000, 0x000000075c000000, 0x000000075c800000|  0%| F|  |TAMS 0x000000075c000000, 0x000000075c000000| Untracked 
| 745|0x000000075c800000, 0x000000075c800000, 0x000000075d000000|  0%| F|  |TAMS 0x000000075c800000, 0x000000075c800000| Untracked 
| 746|0x000000075d000000, 0x000000075d000000, 0x000000075d800000|  0%| F|  |TAMS 0x000000075d000000, 0x000000075d000000| Untracked 
| 747|0x000000075d800000, 0x000000075d800000, 0x000000075e000000|  0%| F|  |TAMS 0x000000075d800000, 0x000000075d800000| Untracked 
| 748|0x000000075e000000, 0x000000075e000000, 0x000000075e800000|  0%| F|  |TAMS 0x000000075e000000, 0x000000075e000000| Untracked 
| 749|0x000000075e800000, 0x000000075e800000, 0x000000075f000000|  0%| F|  |TAMS 0x000000075e800000, 0x000000075e800000| Untracked 
| 750|0x000000075f000000, 0x000000075f000000, 0x000000075f800000|  0%| F|  |TAMS 0x000000075f000000, 0x000000075f000000| Untracked 
| 751|0x000000075f800000, 0x000000075f800000, 0x0000000760000000|  0%| F|  |TAMS 0x000000075f800000, 0x000000075f800000| Untracked 
| 752|0x0000000760000000, 0x0000000760000000, 0x0000000760800000|  0%| F|  |TAMS 0x0000000760000000, 0x0000000760000000| Untracked 
| 753|0x0000000760800000, 0x0000000760800000, 0x0000000761000000|  0%| F|  |TAMS 0x0000000760800000, 0x0000000760800000| Untracked 
| 754|0x0000000761000000, 0x0000000761000000, 0x0000000761800000|  0%| F|  |TAMS 0x0000000761000000, 0x0000000761000000| Untracked 
| 755|0x0000000761800000, 0x0000000761800000, 0x0000000762000000|  0%| F|  |TAMS 0x0000000761800000, 0x0000000761800000| Untracked 
| 756|0x0000000762000000, 0x0000000762000000, 0x0000000762800000|  0%| F|  |TAMS 0x0000000762000000, 0x0000000762000000| Untracked 
| 757|0x0000000762800000, 0x0000000762800000, 0x0000000763000000|  0%| F|  |TAMS 0x0000000762800000, 0x0000000762800000| Untracked 
| 758|0x0000000763000000, 0x0000000763000000, 0x0000000763800000|  0%| F|  |TAMS 0x0000000763000000, 0x0000000763000000| Untracked 
| 759|0x0000000763800000, 0x0000000763800000, 0x0000000764000000|  0%| F|  |TAMS 0x0000000763800000, 0x0000000763800000| Untracked 
| 760|0x0000000764000000, 0x0000000764000000, 0x0000000764800000|  0%| F|  |TAMS 0x0000000764000000, 0x0000000764000000| Untracked 
| 761|0x0000000764800000, 0x0000000764800000, 0x0000000765000000|  0%| F|  |TAMS 0x0000000764800000, 0x0000000764800000| Untracked 
| 762|0x0000000765000000, 0x0000000765000000, 0x0000000765800000|  0%| F|  |TAMS 0x0000000765000000, 0x0000000765000000| Untracked 
| 763|0x0000000765800000, 0x0000000765800000, 0x0000000766000000|  0%| F|  |TAMS 0x0000000765800000, 0x0000000765800000| Untracked 
| 764|0x0000000766000000, 0x0000000766000000, 0x0000000766800000|  0%| F|  |TAMS 0x0000000766000000, 0x0000000766000000| Untracked 
| 765|0x0000000766800000, 0x0000000766800000, 0x0000000767000000|  0%| F|  |TAMS 0x0000000766800000, 0x0000000766800000| Untracked 
| 766|0x0000000767000000, 0x0000000767000000, 0x0000000767800000|  0%| F|  |TAMS 0x0000000767000000, 0x0000000767000000| Untracked 
| 767|0x0000000767800000, 0x0000000767800000, 0x0000000768000000|  0%| F|  |TAMS 0x0000000767800000, 0x0000000767800000| Untracked 
| 768|0x0000000768000000, 0x0000000768000000, 0x0000000768800000|  0%| F|  |TAMS 0x0000000768000000, 0x0000000768000000| Untracked 
| 769|0x0000000768800000, 0x0000000768800000, 0x0000000769000000|  0%| F|  |TAMS 0x0000000768800000, 0x0000000768800000| Untracked 
| 770|0x0000000769000000, 0x0000000769000000, 0x0000000769800000|  0%| F|  |TAMS 0x0000000769000000, 0x0000000769000000| Untracked 
| 771|0x0000000769800000, 0x0000000769800000, 0x000000076a000000|  0%| F|  |TAMS 0x0000000769800000, 0x0000000769800000| Untracked 
| 772|0x000000076a000000, 0x000000076a000000, 0x000000076a800000|  0%| F|  |TAMS 0x000000076a000000, 0x000000076a000000| Untracked 
| 773|0x000000076a800000, 0x000000076a800000, 0x000000076b000000|  0%| F|  |TAMS 0x000000076a800000, 0x000000076a800000| Untracked 
| 774|0x000000076b000000, 0x000000076b000000, 0x000000076b800000|  0%| F|  |TAMS 0x000000076b000000, 0x000000076b000000| Untracked 
| 775|0x000000076b800000, 0x000000076b800000, 0x000000076c000000|  0%| F|  |TAMS 0x000000076b800000, 0x000000076b800000| Untracked 
| 776|0x000000076c000000, 0x000000076c000000, 0x000000076c800000|  0%| F|  |TAMS 0x000000076c000000, 0x000000076c000000| Untracked 
| 777|0x000000076c800000, 0x000000076c800000, 0x000000076d000000|  0%| F|  |TAMS 0x000000076c800000, 0x000000076c800000| Untracked 
| 778|0x000000076d000000, 0x000000076d000000, 0x000000076d800000|  0%| F|  |TAMS 0x000000076d000000, 0x000000076d000000| Untracked 
| 779|0x000000076d800000, 0x000000076d800000, 0x000000076e000000|  0%| F|  |TAMS 0x000000076d800000, 0x000000076d800000| Untracked 
| 780|0x000000076e000000, 0x000000076e000000, 0x000000076e800000|  0%| F|  |TAMS 0x000000076e000000, 0x000000076e000000| Untracked 
| 781|0x000000076e800000, 0x000000076e800000, 0x000000076f000000|  0%| F|  |TAMS 0x000000076e800000, 0x000000076e800000| Untracked 
| 782|0x000000076f000000, 0x000000076f000000, 0x000000076f800000|  0%| F|  |TAMS 0x000000076f000000, 0x000000076f000000| Untracked 
| 783|0x000000076f800000, 0x000000076f800000, 0x0000000770000000|  0%| F|  |TAMS 0x000000076f800000, 0x000000076f800000| Untracked 
| 784|0x0000000770000000, 0x0000000770000000, 0x0000000770800000|  0%| F|  |TAMS 0x0000000770000000, 0x0000000770000000| Untracked 
| 785|0x0000000770800000, 0x0000000770800000, 0x0000000771000000|  0%| F|  |TAMS 0x0000000770800000, 0x0000000770800000| Untracked 
| 786|0x0000000771000000, 0x0000000771000000, 0x0000000771800000|  0%| F|  |TAMS 0x0000000771000000, 0x0000000771000000| Untracked 
| 787|0x0000000771800000, 0x0000000771800000, 0x0000000772000000|  0%| F|  |TAMS 0x0000000771800000, 0x0000000771800000| Untracked 
| 788|0x0000000772000000, 0x0000000772000000, 0x0000000772800000|  0%| F|  |TAMS 0x0000000772000000, 0x0000000772000000| Untracked 
| 789|0x0000000772800000, 0x0000000772800000, 0x0000000773000000|  0%| F|  |TAMS 0x0000000772800000, 0x0000000772800000| Untracked 
| 790|0x0000000773000000, 0x0000000773000000, 0x0000000773800000|  0%| F|  |TAMS 0x0000000773000000, 0x0000000773000000| Untracked 
| 791|0x0000000773800000, 0x0000000773800000, 0x0000000774000000|  0%| F|  |TAMS 0x0000000773800000, 0x0000000773800000| Untracked 
| 792|0x0000000774000000, 0x0000000774000000, 0x0000000774800000|  0%| F|  |TAMS 0x0000000774000000, 0x0000000774000000| Untracked 
| 793|0x0000000774800000, 0x0000000774800000, 0x0000000775000000|  0%| F|  |TAMS 0x0000000774800000, 0x0000000774800000| Untracked 
| 794|0x0000000775000000, 0x0000000775000000, 0x0000000775800000|  0%| F|  |TAMS 0x0000000775000000, 0x0000000775000000| Untracked 
| 795|0x0000000775800000, 0x0000000775800000, 0x0000000776000000|  0%| F|  |TAMS 0x0000000775800000, 0x0000000775800000| Untracked 
| 796|0x0000000776000000, 0x0000000776000000, 0x0000000776800000|  0%| F|  |TAMS 0x0000000776000000, 0x0000000776000000| Untracked 
| 797|0x0000000776800000, 0x0000000776800000, 0x0000000777000000|  0%| F|  |TAMS 0x0000000776800000, 0x0000000776800000| Untracked 
| 798|0x0000000777000000, 0x0000000777000000, 0x0000000777800000|  0%| F|  |TAMS 0x0000000777000000, 0x0000000777000000| Untracked 
| 799|0x0000000777800000, 0x0000000777800000, 0x0000000778000000|  0%| F|  |TAMS 0x0000000777800000, 0x0000000777800000| Untracked 
| 800|0x0000000778000000, 0x0000000778000000, 0x0000000778800000|  0%| F|  |TAMS 0x0000000778000000, 0x0000000778000000| Untracked 
| 801|0x0000000778800000, 0x0000000778800000, 0x0000000779000000|  0%| F|  |TAMS 0x0000000778800000, 0x0000000778800000| Untracked 
| 802|0x0000000779000000, 0x0000000779000000, 0x0000000779800000|  0%| F|  |TAMS 0x0000000779000000, 0x0000000779000000| Untracked 
| 803|0x0000000779800000, 0x0000000779800000, 0x000000077a000000|  0%| F|  |TAMS 0x0000000779800000, 0x0000000779800000| Untracked 
| 804|0x000000077a000000, 0x000000077a000000, 0x000000077a800000|  0%| F|  |TAMS 0x000000077a000000, 0x000000077a000000| Untracked 
| 805|0x000000077a800000, 0x000000077a800000, 0x000000077b000000|  0%| F|  |TAMS 0x000000077a800000, 0x000000077a800000| Untracked 
| 806|0x000000077b000000, 0x000000077b000000, 0x000000077b800000|  0%| F|  |TAMS 0x000000077b000000, 0x000000077b000000| Untracked 
| 807|0x000000077b800000, 0x000000077b800000, 0x000000077c000000|  0%| F|  |TAMS 0x000000077b800000, 0x000000077b800000| Untracked 
| 808|0x000000077c000000, 0x000000077c000000, 0x000000077c800000|  0%| F|  |TAMS 0x000000077c000000, 0x000000077c000000| Untracked 
| 809|0x000000077c800000, 0x000000077c800000, 0x000000077d000000|  0%| F|  |TAMS 0x000000077c800000, 0x000000077c800000| Untracked 
| 810|0x000000077d000000, 0x000000077d000000, 0x000000077d800000|  0%| F|  |TAMS 0x000000077d000000, 0x000000077d000000| Untracked 
| 811|0x000000077d800000, 0x000000077d800000, 0x000000077e000000|  0%| F|  |TAMS 0x000000077d800000, 0x000000077d800000| Untracked 
| 812|0x000000077e000000, 0x000000077e000000, 0x000000077e800000|  0%| F|  |TAMS 0x000000077e000000, 0x000000077e000000| Untracked 
| 813|0x000000077e800000, 0x000000077e800000, 0x000000077f000000|  0%| F|  |TAMS 0x000000077e800000, 0x000000077e800000| Untracked 
| 814|0x000000077f000000, 0x000000077f000000, 0x000000077f800000|  0%| F|  |TAMS 0x000000077f000000, 0x000000077f000000| Untracked 
| 815|0x000000077f800000, 0x000000077f800000, 0x0000000780000000|  0%| F|  |TAMS 0x000000077f800000, 0x000000077f800000| Untracked 
| 816|0x0000000780000000, 0x0000000780000000, 0x0000000780800000|  0%| F|  |TAMS 0x0000000780000000, 0x0000000780000000| Untracked 
| 817|0x0000000780800000, 0x0000000780800000, 0x0000000781000000|  0%| F|  |TAMS 0x0000000780800000, 0x0000000780800000| Untracked 
| 818|0x0000000781000000, 0x0000000781000000, 0x0000000781800000|  0%| F|  |TAMS 0x0000000781000000, 0x0000000781000000| Untracked 
| 819|0x0000000781800000, 0x0000000781800000, 0x0000000782000000|  0%| F|  |TAMS 0x0000000781800000, 0x0000000781800000| Untracked 
| 820|0x0000000782000000, 0x0000000782000000, 0x0000000782800000|  0%| F|  |TAMS 0x0000000782000000, 0x0000000782000000| Untracked 
| 821|0x0000000782800000, 0x0000000782800000, 0x0000000783000000|  0%| F|  |TAMS 0x0000000782800000, 0x0000000782800000| Untracked 
| 822|0x0000000783000000, 0x0000000783000000, 0x0000000783800000|  0%| F|  |TAMS 0x0000000783000000, 0x0000000783000000| Untracked 
| 823|0x0000000783800000, 0x0000000783800000, 0x0000000784000000|  0%| F|  |TAMS 0x0000000783800000, 0x0000000783800000| Untracked 
| 824|0x0000000784000000, 0x0000000784000000, 0x0000000784800000|  0%| F|  |TAMS 0x0000000784000000, 0x0000000784000000| Untracked 
| 825|0x0000000784800000, 0x0000000784800000, 0x0000000785000000|  0%| F|  |TAMS 0x0000000784800000, 0x0000000784800000| Untracked 
| 826|0x0000000785000000, 0x0000000785000000, 0x0000000785800000|  0%| F|  |TAMS 0x0000000785000000, 0x0000000785000000| Untracked 
| 827|0x0000000785800000, 0x0000000785800000, 0x0000000786000000|  0%| F|  |TAMS 0x0000000785800000, 0x0000000785800000| Untracked 
| 828|0x0000000786000000, 0x0000000786000000, 0x0000000786800000|  0%| F|  |TAMS 0x0000000786000000, 0x0000000786000000| Untracked 
| 829|0x0000000786800000, 0x0000000786800000, 0x0000000787000000|  0%| F|  |TAMS 0x0000000786800000, 0x0000000786800000| Untracked 
| 830|0x0000000787000000, 0x0000000787000000, 0x0000000787800000|  0%| F|  |TAMS 0x0000000787000000, 0x0000000787000000| Untracked 
| 831|0x0000000787800000, 0x0000000787800000, 0x0000000788000000|  0%| F|  |TAMS 0x0000000787800000, 0x0000000787800000| Untracked 
| 832|0x0000000788000000, 0x0000000788000000, 0x0000000788800000|  0%| F|  |TAMS 0x0000000788000000, 0x0000000788000000| Untracked 
| 833|0x0000000788800000, 0x0000000788800000, 0x0000000789000000|  0%| F|  |TAMS 0x0000000788800000, 0x0000000788800000| Untracked 
| 834|0x0000000789000000, 0x0000000789000000, 0x0000000789800000|  0%| F|  |TAMS 0x0000000789000000, 0x0000000789000000| Untracked 
| 835|0x0000000789800000, 0x0000000789800000, 0x000000078a000000|  0%| F|  |TAMS 0x0000000789800000, 0x0000000789800000| Untracked 
| 836|0x000000078a000000, 0x000000078a000000, 0x000000078a800000|  0%| F|  |TAMS 0x000000078a000000, 0x000000078a000000| Untracked 
| 837|0x000000078a800000, 0x000000078a800000, 0x000000078b000000|  0%| F|  |TAMS 0x000000078a800000, 0x000000078a800000| Untracked 
| 838|0x000000078b000000, 0x000000078b000000, 0x000000078b800000|  0%| F|  |TAMS 0x000000078b000000, 0x000000078b000000| Untracked 
| 839|0x000000078b800000, 0x000000078b800000, 0x000000078c000000|  0%| F|  |TAMS 0x000000078b800000, 0x000000078b800000| Untracked 
| 840|0x000000078c000000, 0x000000078c000000, 0x000000078c800000|  0%| F|  |TAMS 0x000000078c000000, 0x000000078c000000| Untracked 
| 841|0x000000078c800000, 0x000000078c800000, 0x000000078d000000|  0%| F|  |TAMS 0x000000078c800000, 0x000000078c800000| Untracked 
| 842|0x000000078d000000, 0x000000078d000000, 0x000000078d800000|  0%| F|  |TAMS 0x000000078d000000, 0x000000078d000000| Untracked 
| 843|0x000000078d800000, 0x000000078d800000, 0x000000078e000000|  0%| F|  |TAMS 0x000000078d800000, 0x000000078d800000| Untracked 
| 844|0x000000078e000000, 0x000000078e000000, 0x000000078e800000|  0%| F|  |TAMS 0x000000078e000000, 0x000000078e000000| Untracked 
| 845|0x000000078e800000, 0x000000078e800000, 0x000000078f000000|  0%| F|  |TAMS 0x000000078e800000, 0x000000078e800000| Untracked 
| 846|0x000000078f000000, 0x000000078f000000, 0x000000078f800000|  0%| F|  |TAMS 0x000000078f000000, 0x000000078f000000| Untracked 
| 847|0x000000078f800000, 0x000000078fc497a8, 0x0000000790000000| 53%| E|  |TAMS 0x000000078f800000, 0x000000078f800000| Complete 
| 848|0x0000000790000000, 0x0000000790800000, 0x0000000790800000|100%| E|CS|TAMS 0x0000000790000000, 0x0000000790000000| Complete 
| 849|0x0000000790800000, 0x0000000791000000, 0x0000000791000000|100%| E|CS|TAMS 0x0000000790800000, 0x0000000790800000| Complete 
| 850|0x0000000791000000, 0x0000000791800000, 0x0000000791800000|100%| E|CS|TAMS 0x0000000791000000, 0x0000000791000000| Complete 
| 851|0x0000000791800000, 0x0000000792000000, 0x0000000792000000|100%| E|CS|TAMS 0x0000000791800000, 0x0000000791800000| Complete 
| 852|0x0000000792000000, 0x0000000792800000, 0x0000000792800000|100%| E|CS|TAMS 0x0000000792000000, 0x0000000792000000| Complete 
| 853|0x0000000792800000, 0x0000000793000000, 0x0000000793000000|100%| E|CS|TAMS 0x0000000792800000, 0x0000000792800000| Complete 
| 854|0x0000000793000000, 0x0000000793800000, 0x0000000793800000|100%| E|CS|TAMS 0x0000000793000000, 0x0000000793000000| Complete 
| 855|0x0000000793800000, 0x0000000794000000, 0x0000000794000000|100%| E|CS|TAMS 0x0000000793800000, 0x0000000793800000| Complete 
| 856|0x0000000794000000, 0x0000000794800000, 0x0000000794800000|100%| E|CS|TAMS 0x0000000794000000, 0x0000000794000000| Complete 
| 857|0x0000000794800000, 0x0000000795000000, 0x0000000795000000|100%| E|CS|TAMS 0x0000000794800000, 0x0000000794800000| Complete 
| 858|0x0000000795000000, 0x0000000795800000, 0x0000000795800000|100%| E|CS|TAMS 0x0000000795000000, 0x0000000795000000| Complete 
| 859|0x0000000795800000, 0x0000000796000000, 0x0000000796000000|100%| E|CS|TAMS 0x0000000795800000, 0x0000000795800000| Complete 
| 860|0x0000000796000000, 0x0000000796800000, 0x0000000796800000|100%| E|CS|TAMS 0x0000000796000000, 0x0000000796000000| Complete 
| 861|0x0000000796800000, 0x0000000797000000, 0x0000000797000000|100%| E|CS|TAMS 0x0000000796800000, 0x0000000796800000| Complete 
| 862|0x0000000797000000, 0x0000000797800000, 0x0000000797800000|100%| E|CS|TAMS 0x0000000797000000, 0x0000000797000000| Complete 
| 863|0x0000000797800000, 0x0000000798000000, 0x0000000798000000|100%| E|CS|TAMS 0x0000000797800000, 0x0000000797800000| Complete 
| 864|0x0000000798000000, 0x0000000798800000, 0x0000000798800000|100%| E|CS|TAMS 0x0000000798000000, 0x0000000798000000| Complete 
| 865|0x0000000798800000, 0x0000000799000000, 0x0000000799000000|100%| E|CS|TAMS 0x0000000798800000, 0x0000000798800000| Complete 
| 866|0x0000000799000000, 0x0000000799800000, 0x0000000799800000|100%| E|CS|TAMS 0x0000000799000000, 0x0000000799000000| Complete 
| 867|0x0000000799800000, 0x000000079a000000, 0x000000079a000000|100%| E|CS|TAMS 0x0000000799800000, 0x0000000799800000| Complete 
| 868|0x000000079a000000, 0x000000079a800000, 0x000000079a800000|100%| E|CS|TAMS 0x000000079a000000, 0x000000079a000000| Complete 
| 869|0x000000079a800000, 0x000000079b000000, 0x000000079b000000|100%| E|CS|TAMS 0x000000079a800000, 0x000000079a800000| Complete 
| 870|0x000000079b000000, 0x000000079b800000, 0x000000079b800000|100%| E|CS|TAMS 0x000000079b000000, 0x000000079b000000| Complete 
| 871|0x000000079b800000, 0x000000079c000000, 0x000000079c000000|100%| E|CS|TAMS 0x000000079b800000, 0x000000079b800000| Complete 
| 872|0x000000079c000000, 0x000000079c800000, 0x000000079c800000|100%| E|CS|TAMS 0x000000079c000000, 0x000000079c000000| Complete 
| 873|0x000000079c800000, 0x000000079d000000, 0x000000079d000000|100%| E|CS|TAMS 0x000000079c800000, 0x000000079c800000| Complete 
| 874|0x000000079d000000, 0x000000079d800000, 0x000000079d800000|100%| E|CS|TAMS 0x000000079d000000, 0x000000079d000000| Complete 
| 875|0x000000079d800000, 0x000000079e000000, 0x000000079e000000|100%| E|CS|TAMS 0x000000079d800000, 0x000000079d800000| Complete 
| 876|0x000000079e000000, 0x000000079e800000, 0x000000079e800000|100%| E|CS|TAMS 0x000000079e000000, 0x000000079e000000| Complete 
| 877|0x000000079e800000, 0x000000079f000000, 0x000000079f000000|100%| E|CS|TAMS 0x000000079e800000, 0x000000079e800000| Complete 
| 878|0x000000079f000000, 0x000000079f800000, 0x000000079f800000|100%| E|CS|TAMS 0x000000079f000000, 0x000000079f000000| Complete 
| 879|0x000000079f800000, 0x00000007a0000000, 0x00000007a0000000|100%| E|CS|TAMS 0x000000079f800000, 0x000000079f800000| Complete 
| 880|0x00000007a0000000, 0x00000007a0800000, 0x00000007a0800000|100%| E|CS|TAMS 0x00000007a0000000, 0x00000007a0000000| Complete 
| 881|0x00000007a0800000, 0x00000007a1000000, 0x00000007a1000000|100%| E|CS|TAMS 0x00000007a0800000, 0x00000007a0800000| Complete 
| 882|0x00000007a1000000, 0x00000007a1800000, 0x00000007a1800000|100%| E|CS|TAMS 0x00000007a1000000, 0x00000007a1000000| Complete 
| 883|0x00000007a1800000, 0x00000007a2000000, 0x00000007a2000000|100%| E|CS|TAMS 0x00000007a1800000, 0x00000007a1800000| Complete 
| 884|0x00000007a2000000, 0x00000007a2800000, 0x00000007a2800000|100%| E|CS|TAMS 0x00000007a2000000, 0x00000007a2000000| Complete 
| 885|0x00000007a2800000, 0x00000007a3000000, 0x00000007a3000000|100%| E|CS|TAMS 0x00000007a2800000, 0x00000007a2800000| Complete 
| 886|0x00000007a3000000, 0x00000007a3800000, 0x00000007a3800000|100%| E|CS|TAMS 0x00000007a3000000, 0x00000007a3000000| Complete 
| 887|0x00000007a3800000, 0x00000007a4000000, 0x00000007a4000000|100%| E|CS|TAMS 0x00000007a3800000, 0x00000007a3800000| Complete 
| 888|0x00000007a4000000, 0x00000007a4800000, 0x00000007a4800000|100%| E|CS|TAMS 0x00000007a4000000, 0x00000007a4000000| Complete 
| 889|0x00000007a4800000, 0x00000007a5000000, 0x00000007a5000000|100%| E|CS|TAMS 0x00000007a4800000, 0x00000007a4800000| Complete 
| 890|0x00000007a5000000, 0x00000007a5800000, 0x00000007a5800000|100%| E|CS|TAMS 0x00000007a5000000, 0x00000007a5000000| Complete 
| 891|0x00000007a5800000, 0x00000007a6000000, 0x00000007a6000000|100%| E|CS|TAMS 0x00000007a5800000, 0x00000007a5800000| Complete 
| 892|0x00000007a6000000, 0x00000007a6800000, 0x00000007a6800000|100%| E|CS|TAMS 0x00000007a6000000, 0x00000007a6000000| Complete 
| 893|0x00000007a6800000, 0x00000007a7000000, 0x00000007a7000000|100%| E|CS|TAMS 0x00000007a6800000, 0x00000007a6800000| Complete 
| 894|0x00000007a7000000, 0x00000007a7800000, 0x00000007a7800000|100%| E|CS|TAMS 0x00000007a7000000, 0x00000007a7000000| Complete 
| 895|0x00000007a7800000, 0x00000007a8000000, 0x00000007a8000000|100%| E|CS|TAMS 0x00000007a7800000, 0x00000007a7800000| Complete 
| 896|0x00000007a8000000, 0x00000007a8800000, 0x00000007a8800000|100%| E|CS|TAMS 0x00000007a8000000, 0x00000007a8000000| Complete 
| 897|0x00000007a8800000, 0x00000007a9000000, 0x00000007a9000000|100%| E|CS|TAMS 0x00000007a8800000, 0x00000007a8800000| Complete 
| 898|0x00000007a9000000, 0x00000007a9800000, 0x00000007a9800000|100%| E|CS|TAMS 0x00000007a9000000, 0x00000007a9000000| Complete 
| 899|0x00000007a9800000, 0x00000007aa000000, 0x00000007aa000000|100%| E|CS|TAMS 0x00000007a9800000, 0x00000007a9800000| Complete 
| 900|0x00000007aa000000, 0x00000007aa800000, 0x00000007aa800000|100%| E|CS|TAMS 0x00000007aa000000, 0x00000007aa000000| Complete 
| 901|0x00000007aa800000, 0x00000007ab000000, 0x00000007ab000000|100%| E|CS|TAMS 0x00000007aa800000, 0x00000007aa800000| Complete 
| 902|0x00000007ab000000, 0x00000007ab800000, 0x00000007ab800000|100%| E|CS|TAMS 0x00000007ab000000, 0x00000007ab000000| Complete 
| 903|0x00000007ab800000, 0x00000007ac000000, 0x00000007ac000000|100%| E|CS|TAMS 0x00000007ab800000, 0x00000007ab800000| Complete 
| 904|0x00000007ac000000, 0x00000007ac800000, 0x00000007ac800000|100%| E|CS|TAMS 0x00000007ac000000, 0x00000007ac000000| Complete 
| 905|0x00000007ac800000, 0x00000007ad000000, 0x00000007ad000000|100%| E|CS|TAMS 0x00000007ac800000, 0x00000007ac800000| Complete 
| 906|0x00000007ad000000, 0x00000007ad800000, 0x00000007ad800000|100%| E|CS|TAMS 0x00000007ad000000, 0x00000007ad000000| Complete 
| 907|0x00000007ad800000, 0x00000007ae000000, 0x00000007ae000000|100%| E|CS|TAMS 0x00000007ad800000, 0x00000007ad800000| Complete 
| 908|0x00000007ae000000, 0x00000007ae800000, 0x00000007ae800000|100%| E|CS|TAMS 0x00000007ae000000, 0x00000007ae000000| Complete 
| 909|0x00000007ae800000, 0x00000007af000000, 0x00000007af000000|100%| E|CS|TAMS 0x00000007ae800000, 0x00000007ae800000| Complete 
| 910|0x00000007af000000, 0x00000007af800000, 0x00000007af800000|100%| E|CS|TAMS 0x00000007af000000, 0x00000007af000000| Complete 
| 911|0x00000007af800000, 0x00000007b0000000, 0x00000007b0000000|100%| E|CS|TAMS 0x00000007af800000, 0x00000007af800000| Complete 
| 912|0x00000007b0000000, 0x00000007b0800000, 0x00000007b0800000|100%| E|CS|TAMS 0x00000007b0000000, 0x00000007b0000000| Complete 
| 913|0x00000007b0800000, 0x00000007b1000000, 0x00000007b1000000|100%| E|CS|TAMS 0x00000007b0800000, 0x00000007b0800000| Complete 
| 914|0x00000007b1000000, 0x00000007b1800000, 0x00000007b1800000|100%| E|CS|TAMS 0x00000007b1000000, 0x00000007b1000000| Complete 
| 915|0x00000007b1800000, 0x00000007b2000000, 0x00000007b2000000|100%| E|CS|TAMS 0x00000007b1800000, 0x00000007b1800000| Complete 
| 916|0x00000007b2000000, 0x00000007b2800000, 0x00000007b2800000|100%| E|CS|TAMS 0x00000007b2000000, 0x00000007b2000000| Complete 
| 917|0x00000007b2800000, 0x00000007b3000000, 0x00000007b3000000|100%| E|CS|TAMS 0x00000007b2800000, 0x00000007b2800000| Complete 
| 918|0x00000007b3000000, 0x00000007b3800000, 0x00000007b3800000|100%| E|CS|TAMS 0x00000007b3000000, 0x00000007b3000000| Complete 
| 919|0x00000007b3800000, 0x00000007b4000000, 0x00000007b4000000|100%| E|CS|TAMS 0x00000007b3800000, 0x00000007b3800000| Complete 
| 920|0x00000007b4000000, 0x00000007b4800000, 0x00000007b4800000|100%| E|CS|TAMS 0x00000007b4000000, 0x00000007b4000000| Complete 
| 921|0x00000007b4800000, 0x00000007b5000000, 0x00000007b5000000|100%| E|CS|TAMS 0x00000007b4800000, 0x00000007b4800000| Complete 
| 922|0x00000007b5000000, 0x00000007b5800000, 0x00000007b5800000|100%| E|CS|TAMS 0x00000007b5000000, 0x00000007b5000000| Complete 
| 923|0x00000007b5800000, 0x00000007b6000000, 0x00000007b6000000|100%| E|CS|TAMS 0x00000007b5800000, 0x00000007b5800000| Complete 
| 924|0x00000007b6000000, 0x00000007b6800000, 0x00000007b6800000|100%| E|CS|TAMS 0x00000007b6000000, 0x00000007b6000000| Complete 
| 925|0x00000007b6800000, 0x00000007b7000000, 0x00000007b7000000|100%| E|CS|TAMS 0x00000007b6800000, 0x00000007b6800000| Complete 
| 926|0x00000007b7000000, 0x00000007b7800000, 0x00000007b7800000|100%| E|CS|TAMS 0x00000007b7000000, 0x00000007b7000000| Complete 
| 927|0x00000007b7800000, 0x00000007b8000000, 0x00000007b8000000|100%| E|CS|TAMS 0x00000007b7800000, 0x00000007b7800000| Complete 
| 928|0x00000007b8000000, 0x00000007b8800000, 0x00000007b8800000|100%| E|CS|TAMS 0x00000007b8000000, 0x00000007b8000000| Complete 
| 929|0x00000007b8800000, 0x00000007b9000000, 0x00000007b9000000|100%| E|CS|TAMS 0x00000007b8800000, 0x00000007b8800000| Complete 
| 930|0x00000007b9000000, 0x00000007b9800000, 0x00000007b9800000|100%| E|CS|TAMS 0x00000007b9000000, 0x00000007b9000000| Complete 
| 931|0x00000007b9800000, 0x00000007ba000000, 0x00000007ba000000|100%| E|CS|TAMS 0x00000007b9800000, 0x00000007b9800000| Complete 
| 932|0x00000007ba000000, 0x00000007ba800000, 0x00000007ba800000|100%| E|CS|TAMS 0x00000007ba000000, 0x00000007ba000000| Complete 
| 933|0x00000007ba800000, 0x00000007bb000000, 0x00000007bb000000|100%| E|CS|TAMS 0x00000007ba800000, 0x00000007ba800000| Complete 
| 934|0x00000007bb000000, 0x00000007bb800000, 0x00000007bb800000|100%| E|CS|TAMS 0x00000007bb000000, 0x00000007bb000000| Complete 
| 935|0x00000007bb800000, 0x00000007bc000000, 0x00000007bc000000|100%| E|CS|TAMS 0x00000007bb800000, 0x00000007bb800000| Complete 
| 936|0x00000007bc000000, 0x00000007bc800000, 0x00000007bc800000|100%| E|CS|TAMS 0x00000007bc000000, 0x00000007bc000000| Complete 
| 937|0x00000007bc800000, 0x00000007bd000000, 0x00000007bd000000|100%| E|CS|TAMS 0x00000007bc800000, 0x00000007bc800000| Complete 
| 938|0x00000007bd000000, 0x00000007bd800000, 0x00000007bd800000|100%| E|CS|TAMS 0x00000007bd000000, 0x00000007bd000000| Complete 
| 939|0x00000007bd800000, 0x00000007be000000, 0x00000007be000000|100%| E|CS|TAMS 0x00000007bd800000, 0x00000007bd800000| Complete 
| 940|0x00000007be000000, 0x00000007be800000, 0x00000007be800000|100%| E|CS|TAMS 0x00000007be000000, 0x00000007be000000| Complete 
| 941|0x00000007be800000, 0x00000007bf000000, 0x00000007bf000000|100%| E|CS|TAMS 0x00000007be800000, 0x00000007be800000| Complete 
| 942|0x00000007bf000000, 0x00000007bf800000, 0x00000007bf800000|100%| E|CS|TAMS 0x00000007bf000000, 0x00000007bf000000| Complete 
| 943|0x00000007bf800000, 0x00000007c0000000, 0x00000007c0000000|100%| E|CS|TAMS 0x00000007bf800000, 0x00000007bf800000| Complete 
| 944|0x00000007c0000000, 0x00000007c0800000, 0x00000007c0800000|100%| E|CS|TAMS 0x00000007c0000000, 0x00000007c0000000| Complete 
| 945|0x00000007c0800000, 0x00000007c1000000, 0x00000007c1000000|100%| E|CS|TAMS 0x00000007c0800000, 0x00000007c0800000| Complete 
| 946|0x00000007c1000000, 0x00000007c1800000, 0x00000007c1800000|100%| E|CS|TAMS 0x00000007c1000000, 0x00000007c1000000| Complete 
| 947|0x00000007c1800000, 0x00000007c2000000, 0x00000007c2000000|100%| E|CS|TAMS 0x00000007c1800000, 0x00000007c1800000| Complete 
| 948|0x00000007c2000000, 0x00000007c2800000, 0x00000007c2800000|100%| E|CS|TAMS 0x00000007c2000000, 0x00000007c2000000| Complete 
| 949|0x00000007c2800000, 0x00000007c3000000, 0x00000007c3000000|100%| E|CS|TAMS 0x00000007c2800000, 0x00000007c2800000| Complete 
| 950|0x00000007c3000000, 0x00000007c3800000, 0x00000007c3800000|100%| E|CS|TAMS 0x00000007c3000000, 0x00000007c3000000| Complete 
| 951|0x00000007c3800000, 0x00000007c4000000, 0x00000007c4000000|100%| E|CS|TAMS 0x00000007c3800000, 0x00000007c3800000| Complete 
| 952|0x00000007c4000000, 0x00000007c4800000, 0x00000007c4800000|100%| E|CS|TAMS 0x00000007c4000000, 0x00000007c4000000| Complete 
| 953|0x00000007c4800000, 0x00000007c5000000, 0x00000007c5000000|100%| E|CS|TAMS 0x00000007c4800000, 0x00000007c4800000| Complete 
| 954|0x00000007c5000000, 0x00000007c5800000, 0x00000007c5800000|100%| E|CS|TAMS 0x00000007c5000000, 0x00000007c5000000| Complete 
| 955|0x00000007c5800000, 0x00000007c6000000, 0x00000007c6000000|100%| E|CS|TAMS 0x00000007c5800000, 0x00000007c5800000| Complete 
| 956|0x00000007c6000000, 0x00000007c6800000, 0x00000007c6800000|100%| E|CS|TAMS 0x00000007c6000000, 0x00000007c6000000| Complete 
| 957|0x00000007c6800000, 0x00000007c7000000, 0x00000007c7000000|100%| E|CS|TAMS 0x00000007c6800000, 0x00000007c6800000| Complete 
| 958|0x00000007c7000000, 0x00000007c7800000, 0x00000007c7800000|100%| E|CS|TAMS 0x00000007c7000000, 0x00000007c7000000| Complete 
| 959|0x00000007c7800000, 0x00000007c8000000, 0x00000007c8000000|100%| E|CS|TAMS 0x00000007c7800000, 0x00000007c7800000| Complete 
| 960|0x00000007c8000000, 0x00000007c8800000, 0x00000007c8800000|100%| E|CS|TAMS 0x00000007c8000000, 0x00000007c8000000| Complete 
| 961|0x00000007c8800000, 0x00000007c9000000, 0x00000007c9000000|100%| E|CS|TAMS 0x00000007c8800000, 0x00000007c8800000| Complete 
| 962|0x00000007c9000000, 0x00000007c9800000, 0x00000007c9800000|100%| E|CS|TAMS 0x00000007c9000000, 0x00000007c9000000| Complete 
| 963|0x00000007c9800000, 0x00000007ca000000, 0x00000007ca000000|100%| E|CS|TAMS 0x00000007c9800000, 0x00000007c9800000| Complete 
| 964|0x00000007ca000000, 0x00000007ca800000, 0x00000007ca800000|100%| E|CS|TAMS 0x00000007ca000000, 0x00000007ca000000| Complete 
| 965|0x00000007ca800000, 0x00000007cb000000, 0x00000007cb000000|100%| E|CS|TAMS 0x00000007ca800000, 0x00000007ca800000| Complete 
| 966|0x00000007cb000000, 0x00000007cb800000, 0x00000007cb800000|100%| E|CS|TAMS 0x00000007cb000000, 0x00000007cb000000| Complete 
| 967|0x00000007cb800000, 0x00000007cc000000, 0x00000007cc000000|100%| E|CS|TAMS 0x00000007cb800000, 0x00000007cb800000| Complete 
| 968|0x00000007cc000000, 0x00000007cc800000, 0x00000007cc800000|100%| E|CS|TAMS 0x00000007cc000000, 0x00000007cc000000| Complete 
| 969|0x00000007cc800000, 0x00000007cd000000, 0x00000007cd000000|100%| E|CS|TAMS 0x00000007cc800000, 0x00000007cc800000| Complete 
| 970|0x00000007cd000000, 0x00000007cd800000, 0x00000007cd800000|100%| E|CS|TAMS 0x00000007cd000000, 0x00000007cd000000| Complete 
| 971|0x00000007cd800000, 0x00000007ce000000, 0x00000007ce000000|100%| E|CS|TAMS 0x00000007cd800000, 0x00000007cd800000| Complete 
| 972|0x00000007ce000000, 0x00000007ce800000, 0x00000007ce800000|100%| E|CS|TAMS 0x00000007ce000000, 0x00000007ce000000| Complete 
| 973|0x00000007ce800000, 0x00000007cf000000, 0x00000007cf000000|100%| E|CS|TAMS 0x00000007ce800000, 0x00000007ce800000| Complete 
| 974|0x00000007cf000000, 0x00000007cf800000, 0x00000007cf800000|100%| E|CS|TAMS 0x00000007cf000000, 0x00000007cf000000| Complete 
| 975|0x00000007cf800000, 0x00000007d0000000, 0x00000007d0000000|100%| E|CS|TAMS 0x00000007cf800000, 0x00000007cf800000| Complete 
| 976|0x00000007d0000000, 0x00000007d0800000, 0x00000007d0800000|100%| E|CS|TAMS 0x00000007d0000000, 0x00000007d0000000| Complete 
| 977|0x00000007d0800000, 0x00000007d1000000, 0x00000007d1000000|100%| E|CS|TAMS 0x00000007d0800000, 0x00000007d0800000| Complete 
| 978|0x00000007d1000000, 0x00000007d1800000, 0x00000007d1800000|100%| E|CS|TAMS 0x00000007d1000000, 0x00000007d1000000| Complete 
| 979|0x00000007d1800000, 0x00000007d2000000, 0x00000007d2000000|100%| E|CS|TAMS 0x00000007d1800000, 0x00000007d1800000| Complete 
| 980|0x00000007d2000000, 0x00000007d2800000, 0x00000007d2800000|100%| E|CS|TAMS 0x00000007d2000000, 0x00000007d2000000| Complete 
| 981|0x00000007d2800000, 0x00000007d3000000, 0x00000007d3000000|100%| E|CS|TAMS 0x00000007d2800000, 0x00000007d2800000| Complete 
| 982|0x00000007d3000000, 0x00000007d3800000, 0x00000007d3800000|100%| E|CS|TAMS 0x00000007d3000000, 0x00000007d3000000| Complete 
| 983|0x00000007d3800000, 0x00000007d4000000, 0x00000007d4000000|100%| E|CS|TAMS 0x00000007d3800000, 0x00000007d3800000| Complete 
| 984|0x00000007d4000000, 0x00000007d4800000, 0x00000007d4800000|100%| E|CS|TAMS 0x00000007d4000000, 0x00000007d4000000| Complete 
| 985|0x00000007d4800000, 0x00000007d5000000, 0x00000007d5000000|100%| E|CS|TAMS 0x00000007d4800000, 0x00000007d4800000| Complete 
| 986|0x00000007d5000000, 0x00000007d5800000, 0x00000007d5800000|100%| E|CS|TAMS 0x00000007d5000000, 0x00000007d5000000| Complete 
| 987|0x00000007d5800000, 0x00000007d6000000, 0x00000007d6000000|100%| E|CS|TAMS 0x00000007d5800000, 0x00000007d5800000| Complete 
| 988|0x00000007d6000000, 0x00000007d6800000, 0x00000007d6800000|100%| E|CS|TAMS 0x00000007d6000000, 0x00000007d6000000| Complete 
| 989|0x00000007d6800000, 0x00000007d7000000, 0x00000007d7000000|100%| E|CS|TAMS 0x00000007d6800000, 0x00000007d6800000| Complete 
| 990|0x00000007d7000000, 0x00000007d7800000, 0x00000007d7800000|100%| E|CS|TAMS 0x00000007d7000000, 0x00000007d7000000| Complete 
| 991|0x00000007d7800000, 0x00000007d8000000, 0x00000007d8000000|100%| E|CS|TAMS 0x00000007d7800000, 0x00000007d7800000| Complete 
| 992|0x00000007d8000000, 0x00000007d8800000, 0x00000007d8800000|100%| E|CS|TAMS 0x00000007d8000000, 0x00000007d8000000| Complete 
| 993|0x00000007d8800000, 0x00000007d9000000, 0x00000007d9000000|100%| E|CS|TAMS 0x00000007d8800000, 0x00000007d8800000| Complete 
| 994|0x00000007d9000000, 0x00000007d9800000, 0x00000007d9800000|100%| E|CS|TAMS 0x00000007d9000000, 0x00000007d9000000| Complete 
| 995|0x00000007d9800000, 0x00000007da000000, 0x00000007da000000|100%| E|CS|TAMS 0x00000007d9800000, 0x00000007d9800000| Complete 
| 996|0x00000007da000000, 0x00000007da800000, 0x00000007da800000|100%| E|CS|TAMS 0x00000007da000000, 0x00000007da000000| Complete 
| 997|0x00000007da800000, 0x00000007db000000, 0x00000007db000000|100%| E|CS|TAMS 0x00000007da800000, 0x00000007da800000| Complete 
| 998|0x00000007db000000, 0x00000007db800000, 0x00000007db800000|100%| E|CS|TAMS 0x00000007db000000, 0x00000007db000000| Complete 
| 999|0x00000007db800000, 0x00000007dc000000, 0x00000007dc000000|100%| E|CS|TAMS 0x00000007db800000, 0x00000007db800000| Complete 
|1000|0x00000007dc000000, 0x00000007dc800000, 0x00000007dc800000|100%| E|CS|TAMS 0x00000007dc000000, 0x00000007dc000000| Complete 
|1001|0x00000007dc800000, 0x00000007dd000000, 0x00000007dd000000|100%| E|CS|TAMS 0x00000007dc800000, 0x00000007dc800000| Complete 
|1002|0x00000007dd000000, 0x00000007dd800000, 0x00000007dd800000|100%| E|CS|TAMS 0x00000007dd000000, 0x00000007dd000000| Complete 
|1003|0x00000007dd800000, 0x00000007de000000, 0x00000007de000000|100%| E|CS|TAMS 0x00000007dd800000, 0x00000007dd800000| Complete 
|1004|0x00000007de000000, 0x00000007de800000, 0x00000007de800000|100%| E|CS|TAMS 0x00000007de000000, 0x00000007de000000| Complete 
|1005|0x00000007de800000, 0x00000007df000000, 0x00000007df000000|100%| E|CS|TAMS 0x00000007de800000, 0x00000007de800000| Complete 
|1006|0x00000007df000000, 0x00000007df800000, 0x00000007df800000|100%| E|CS|TAMS 0x00000007df000000, 0x00000007df000000| Complete 
|1007|0x00000007df800000, 0x00000007e0000000, 0x00000007e0000000|100%| E|CS|TAMS 0x00000007df800000, 0x00000007df800000| Complete 
|1008|0x00000007e0000000, 0x00000007e0800000, 0x00000007e0800000|100%| E|CS|TAMS 0x00000007e0000000, 0x00000007e0000000| Complete 
|1009|0x00000007e0800000, 0x00000007e1000000, 0x00000007e1000000|100%| E|CS|TAMS 0x00000007e0800000, 0x00000007e0800000| Complete 
|1010|0x00000007e1000000, 0x00000007e1800000, 0x00000007e1800000|100%| E|CS|TAMS 0x00000007e1000000, 0x00000007e1000000| Complete 
|1011|0x00000007e1800000, 0x00000007e2000000, 0x00000007e2000000|100%| E|CS|TAMS 0x00000007e1800000, 0x00000007e1800000| Complete 
|1012|0x00000007e2000000, 0x00000007e2800000, 0x00000007e2800000|100%| E|CS|TAMS 0x00000007e2000000, 0x00000007e2000000| Complete 
|1013|0x00000007e2800000, 0x00000007e3000000, 0x00000007e3000000|100%| E|CS|TAMS 0x00000007e2800000, 0x00000007e2800000| Complete 
|1014|0x00000007e3000000, 0x00000007e3800000, 0x00000007e3800000|100%| E|CS|TAMS 0x00000007e3000000, 0x00000007e3000000| Complete 
|1015|0x00000007e3800000, 0x00000007e4000000, 0x00000007e4000000|100%| E|CS|TAMS 0x00000007e3800000, 0x00000007e3800000| Complete 
|1016|0x00000007e4000000, 0x00000007e4800000, 0x00000007e4800000|100%| E|CS|TAMS 0x00000007e4000000, 0x00000007e4000000| Complete 
|1017|0x00000007e4800000, 0x00000007e5000000, 0x00000007e5000000|100%| E|CS|TAMS 0x00000007e4800000, 0x00000007e4800000| Complete 
|1018|0x00000007e5000000, 0x00000007e5800000, 0x00000007e5800000|100%| E|CS|TAMS 0x00000007e5000000, 0x00000007e5000000| Complete 
|1019|0x00000007e5800000, 0x00000007e6000000, 0x00000007e6000000|100%| E|CS|TAMS 0x00000007e5800000, 0x00000007e5800000| Complete 
|1020|0x00000007e6000000, 0x00000007e6800000, 0x00000007e6800000|100%| E|CS|TAMS 0x00000007e6000000, 0x00000007e6000000| Complete 
|1021|0x00000007e6800000, 0x00000007e7000000, 0x00000007e7000000|100%| E|CS|TAMS 0x00000007e6800000, 0x00000007e6800000| Complete 
|1022|0x00000007e7000000, 0x00000007e7800000, 0x00000007e7800000|100%| E|CS|TAMS 0x00000007e7000000, 0x00000007e7000000| Complete 
|1023|0x00000007e7800000, 0x00000007e8000000, 0x00000007e8000000|100%| E|CS|TAMS 0x00000007e7800000, 0x00000007e7800000| Complete 
|1024|0x00000007e8000000, 0x00000007e8800000, 0x00000007e8800000|100%| E|CS|TAMS 0x00000007e8000000, 0x00000007e8000000| Complete 
|1025|0x00000007e8800000, 0x00000007e9000000, 0x00000007e9000000|100%| E|CS|TAMS 0x00000007e8800000, 0x00000007e8800000| Complete 
|1026|0x00000007e9000000, 0x00000007e9800000, 0x00000007e9800000|100%| E|CS|TAMS 0x00000007e9000000, 0x00000007e9000000| Complete 
|1027|0x00000007e9800000, 0x00000007ea000000, 0x00000007ea000000|100%| E|CS|TAMS 0x00000007e9800000, 0x00000007e9800000| Complete 
|1028|0x00000007ea000000, 0x00000007ea800000, 0x00000007ea800000|100%| E|CS|TAMS 0x00000007ea000000, 0x00000007ea000000| Complete 
|1029|0x00000007ea800000, 0x00000007eb000000, 0x00000007eb000000|100%| E|CS|TAMS 0x00000007ea800000, 0x00000007ea800000| Complete 
|1030|0x00000007eb000000, 0x00000007eb800000, 0x00000007eb800000|100%| E|CS|TAMS 0x00000007eb000000, 0x00000007eb000000| Complete 
|1031|0x00000007eb800000, 0x00000007ec000000, 0x00000007ec000000|100%| E|CS|TAMS 0x00000007eb800000, 0x00000007eb800000| Complete 
|1032|0x00000007ec000000, 0x00000007ec800000, 0x00000007ec800000|100%| E|CS|TAMS 0x00000007ec000000, 0x00000007ec000000| Complete 
|1033|0x00000007ec800000, 0x00000007ed000000, 0x00000007ed000000|100%| E|CS|TAMS 0x00000007ec800000, 0x00000007ec800000| Complete 
|1034|0x00000007ed000000, 0x00000007ed800000, 0x00000007ed800000|100%| E|CS|TAMS 0x00000007ed000000, 0x00000007ed000000| Complete 
|1035|0x00000007ed800000, 0x00000007ee000000, 0x00000007ee000000|100%| E|CS|TAMS 0x00000007ed800000, 0x00000007ed800000| Complete 
|1036|0x00000007ee000000, 0x00000007ee800000, 0x00000007ee800000|100%| E|CS|TAMS 0x00000007ee000000, 0x00000007ee000000| Complete 
|1037|0x00000007ee800000, 0x00000007ef000000, 0x00000007ef000000|100%| E|CS|TAMS 0x00000007ee800000, 0x00000007ee800000| Complete 
|1038|0x00000007ef000000, 0x00000007ef800000, 0x00000007ef800000|100%| E|CS|TAMS 0x00000007ef000000, 0x00000007ef000000| Complete 
|1039|0x00000007ef800000, 0x00000007f0000000, 0x00000007f0000000|100%| E|CS|TAMS 0x00000007ef800000, 0x00000007ef800000| Complete 
|1040|0x00000007f0000000, 0x00000007f0800000, 0x00000007f0800000|100%| E|CS|TAMS 0x00000007f0000000, 0x00000007f0000000| Complete 
|1041|0x00000007f0800000, 0x00000007f1000000, 0x00000007f1000000|100%| E|CS|TAMS 0x00000007f0800000, 0x00000007f0800000| Complete 
|1042|0x00000007f1000000, 0x00000007f1800000, 0x00000007f1800000|100%| E|CS|TAMS 0x00000007f1000000, 0x00000007f1000000| Complete 
|1043|0x00000007f1800000, 0x00000007f2000000, 0x00000007f2000000|100%| E|CS|TAMS 0x00000007f1800000, 0x00000007f1800000| Complete 
|1044|0x00000007f2000000, 0x00000007f2800000, 0x00000007f2800000|100%| E|CS|TAMS 0x00000007f2000000, 0x00000007f2000000| Complete 
|1045|0x00000007f2800000, 0x00000007f3000000, 0x00000007f3000000|100%| E|CS|TAMS 0x00000007f2800000, 0x00000007f2800000| Complete 
|1046|0x00000007f3000000, 0x00000007f3800000, 0x00000007f3800000|100%| E|CS|TAMS 0x00000007f3000000, 0x00000007f3000000| Complete 
|1047|0x00000007f3800000, 0x00000007f4000000, 0x00000007f4000000|100%| E|CS|TAMS 0x00000007f3800000, 0x00000007f3800000| Complete 
|1048|0x00000007f4000000, 0x00000007f4800000, 0x00000007f4800000|100%| E|CS|TAMS 0x00000007f4000000, 0x00000007f4000000| Complete 
|1049|0x00000007f4800000, 0x00000007f5000000, 0x00000007f5000000|100%| E|CS|TAMS 0x00000007f4800000, 0x00000007f4800000| Complete 
|1050|0x00000007f5000000, 0x00000007f5800000, 0x00000007f5800000|100%| E|CS|TAMS 0x00000007f5000000, 0x00000007f5000000| Complete 
|1051|0x00000007f5800000, 0x00000007f6000000, 0x00000007f6000000|100%| E|CS|TAMS 0x00000007f5800000, 0x00000007f5800000| Complete 
|1052|0x00000007f6000000, 0x00000007f6800000, 0x00000007f6800000|100%| E|CS|TAMS 0x00000007f6000000, 0x00000007f6000000| Complete 
|1053|0x00000007f6800000, 0x00000007f7000000, 0x00000007f7000000|100%| E|CS|TAMS 0x00000007f6800000, 0x00000007f6800000| Complete 
|1054|0x00000007f7000000, 0x00000007f7800000, 0x00000007f7800000|100%| E|CS|TAMS 0x00000007f7000000, 0x00000007f7000000| Complete 
|1055|0x00000007f7800000, 0x00000007f8000000, 0x00000007f8000000|100%| E|CS|TAMS 0x00000007f7800000, 0x00000007f7800000| Complete 
|1056|0x00000007f8000000, 0x00000007f8800000, 0x00000007f8800000|100%| E|CS|TAMS 0x00000007f8000000, 0x00000007f8000000| Complete 
|1057|0x00000007f8800000, 0x00000007f9000000, 0x00000007f9000000|100%| E|CS|TAMS 0x00000007f8800000, 0x00000007f8800000| Complete 
|1058|0x00000007f9000000, 0x00000007f9800000, 0x00000007f9800000|100%| E|CS|TAMS 0x00000007f9000000, 0x00000007f9000000| Complete 
|1059|0x00000007f9800000, 0x00000007fa000000, 0x00000007fa000000|100%| E|CS|TAMS 0x00000007f9800000, 0x00000007f9800000| Complete 
|1060|0x00000007fa000000, 0x00000007fa800000, 0x00000007fa800000|100%| E|CS|TAMS 0x00000007fa000000, 0x00000007fa000000| Complete 
|1061|0x00000007fa800000, 0x00000007fb000000, 0x00000007fb000000|100%| E|CS|TAMS 0x00000007fa800000, 0x00000007fa800000| Complete 
|1062|0x00000007fb000000, 0x00000007fb800000, 0x00000007fb800000|100%| E|CS|TAMS 0x00000007fb000000, 0x00000007fb000000| Complete 
|1063|0x00000007fb800000, 0x00000007fc000000, 0x00000007fc000000|100%| E|CS|TAMS 0x00000007fb800000, 0x00000007fb800000| Complete 
|1064|0x00000007fc000000, 0x00000007fc800000, 0x00000007fc800000|100%| E|CS|TAMS 0x00000007fc000000, 0x00000007fc000000| Complete 
|1065|0x00000007fc800000, 0x00000007fd000000, 0x00000007fd000000|100%| E|CS|TAMS 0x00000007fc800000, 0x00000007fc800000| Complete 
|1066|0x00000007fd000000, 0x00000007fd800000, 0x00000007fd800000|100%| E|CS|TAMS 0x00000007fd000000, 0x00000007fd000000| Complete 
|1067|0x00000007fd800000, 0x00000007fe000000, 0x00000007fe000000|100%| E|CS|TAMS 0x00000007fd800000, 0x00000007fd800000| Complete 
|1068|0x00000007fe000000, 0x00000007fe800000, 0x00000007fe800000|100%| E|CS|TAMS 0x00000007fe000000, 0x00000007fe000000| Complete 
|1069|0x00000007fe800000, 0x00000007ff000000, 0x00000007ff000000|100%| E|CS|TAMS 0x00000007fe800000, 0x00000007fe800000| Complete 
|1070|0x00000007ff000000, 0x00000007ff800000, 0x00000007ff800000|100%| E|CS|TAMS 0x00000007ff000000, 0x00000007ff000000| Complete 
|1071|0x00000007ff800000, 0x0000000800000000, 0x0000000800000000|100%| E|CS|TAMS 0x00000007ff800000, 0x00000007ff800000| Complete 

Card table byte_map: [0x000002cc9c800000,0x000002cc9d8c0000] _byte_map_base: 0x000002cc998c0000

Marking Bits (Prev, Next): (CMBitMap*) 0x000002cc826d0be0, (CMBitMap*) 0x000002cc826d0ba0
 Prev Bits: [0x000002cca6f80000, 0x000002ccaf580000)
 Next Bits: [0x000002cc9e980000, 0x000002cca6f80000)

Polling page: 0x000002cc82340000

Metaspace:

Usage:
  Non-class:    439.65 MB used.
      Class:    115.70 MB used.
       Both:    555.36 MB used.

Virtual space:
  Non-class space:      448.00 MB reserved,     443.12 MB ( 99%) committed,  7 nodes.
      Class space:        1.00 GB reserved,     118.00 MB ( 12%) committed,  1 nodes.
             Both:        1.44 GB reserved,     561.12 MB ( 38%) committed. 

Chunk freelists:
   Non-Class:  5.28 MB
       Class:  10.47 MB
        Both:  15.74 MB

MaxMetaspaceSize: unlimited
CompressedClassSpaceSize: 1.00 GB
Initial GC threshold: 21.00 MB
Current GC threshold: 934.81 MB
CDS: on
MetaspaceReclaimPolicy: balanced
 - commit_granule_bytes: 65536.
 - commit_granule_words: 8192.
 - virtual_space_node_default_size: 8388608.
 - enlarge_chunks_in_place: 1.
 - new_chunks_are_fully_committed: 0.
 - uncommit_free_chunks: 1.
 - use_allocation_guard: 0.
 - handle_deallocations: 1.


Internal statistics:

num_allocs_failed_limit: 603.
num_arena_births: 7146.
num_arena_deaths: 1432.
num_vsnodes_births: 8.
num_vsnodes_deaths: 0.
num_space_committed: 8965.
num_space_uncommitted: 0.
num_chunks_returned_to_freelist: 2294.
num_chunks_taken_from_freelist: 30652.
num_chunk_merges: 958.
num_chunk_splits: 22064.
num_chunks_enlarged: 16134.
num_inconsistent_stats: 0.

CodeHeap 'non-profiled nmethods': size=119168Kb used=106606Kb max_used=106811Kb free=12561Kb
 bounds [0x000002cc93330000, 0x000002cc99b80000, 0x000002cc9a790000]
CodeHeap 'profiled nmethods': size=119104Kb used=86687Kb max_used=101220Kb free=32416Kb
 bounds [0x000002cc8b790000, 0x000002cc91a80000, 0x000002cc92be0000]
CodeHeap 'non-nmethods': size=7488Kb used=3934Kb max_used=5647Kb free=3553Kb
 bounds [0x000002cc92be0000, 0x000002cc93170000, 0x000002cc93330000]
 total_blobs=64304 nmethods=60307 adapters=3899
 compilation: enabled
              stopped_count=0, restarted_count=0
 full_count=0

Compilation events (20 events):
Event: 5451.016 Thread 0x000002ccb184fe70 96796       4       com.google.common.collect.ForwardingCollection::<init> (5 bytes)
Event: 5451.017 Thread 0x000002ccb184fe70 nmethod 96796 0x000002cc99832010 code [0x000002cc99832180, 0x000002cc998321f8]
Event: 5463.379 Thread 0x000002ccb184fe70 96797       4       org.lwjgl.openal.ALC10::nalcGetString (14 bytes)
Event: 5463.384 Thread 0x000002ccb184fe70 nmethod 96797 0x000002cc99831c90 code [0x000002cc99831e20, 0x000002cc99831f08]
Event: 5469.083 Thread 0x000002ccb184fe70 96798  s!   4       dev.latvian.mods.kubejs.util.ConsoleJS::flush (109 bytes)
Event: 5469.093 Thread 0x000002ccb184fe70 nmethod 96798 0x000002cc9937e690 code [0x000002cc9937e880, 0x000002cc9937ef90]
Event: 5501.973 Thread 0x000002ccb1854460 96799       1       sun.security.ssl.SSLCipher$NullWriteCipherGenerator$NullWriteCipher::getExplicitNonceSize (2 bytes)
Event: 5501.973 Thread 0x000002ccb1854460 nmethod 96799 0x000002cc99831990 code [0x000002cc99831b20, 0x000002cc99831bf8]
Event: 5508.745 Thread 0x000002ccb184fe70 96800       4       mod.azure.azurelib.config.io.FileWatchManager$$Lambda$41637/0x000002ccba020678::run (8 bytes)
Event: 5508.770 Thread 0x000002ccb184fe70 nmethod 96800 0x000002cc98d4b990 code [0x000002cc98d4bb80, 0x000002cc98d4cd28]
Event: 5531.390 Thread 0x000002ccb184fe70 96801   !   4       jdk.internal.reflect.GeneratedMethodAccessor16::invoke (66 bytes)
Event: 5531.392 Thread 0x000002ccb184fe70 nmethod 96801 0x000002cc9937e190 code [0x000002cc9937e320, 0x000002cc9937e488]
Event: 5531.392 Thread 0x000002ccb184fe70 96802   !   4       jdk.internal.reflect.GeneratedMethodAccessor17::invoke (66 bytes)
Event: 5531.393 Thread 0x000002ccb184fe70 nmethod 96802 0x000002cc9937dc90 code [0x000002cc9937de20, 0x000002cc9937df88]
Event: 5545.192 Thread 0x000002ccb184fe70 96803       4       net.minecraft.server.commands.ExecuteCommand$$Lambda$48263/0x000002ccba95e968::apply (13 bytes)
Event: 5545.244 Thread 0x000002ccb184fe70 nmethod 96803 0x000002cc98d49210 code [0x000002cc98d49500, 0x000002cc98d4a900]
Event: 5545.244 Thread 0x000002ccb184fe70 96804       4       net.minecraft.server.commands.ExecuteCommand::m_180172_ (31 bytes)
Event: 5545.269 Thread 0x000002ccb184fe70 nmethod 96804 0x000002cc93c4da10 code [0x000002cc93c4dd00, 0x000002cc93c4f100]
Event: 5545.996 Thread 0x000002ccb184fe70 96805       4       net.minecraftforge.fml.IExtensionPoint$DisplayTest$$Lambda$7133/0x000002ccb53bc430::get (4 bytes)
Event: 5545.999 Thread 0x000002ccb184fe70 nmethod 96805 0x000002cc98d48c90 code [0x000002cc98d48e20, 0x000002cc98d49098]

GC Heap History (20 events):
Event: 5384.048 GC heap before
{Heap before GC invocations=533 (full 0):
 garbage-first heap   total 8781824K, used 7882702K [0x00000005e8000000, 0x0000000800000000)
  region size 8192K, 382 young (3129344K), 1 survivors (8192K)
 Metaspace       used 568532K, committed 574464K, reserved 1507328K
  class space    used 118462K, committed 120832K, reserved 1048576K
}
Event: 5384.058 GC heap after
{Heap after GC invocations=534 (full 0):
 garbage-first heap   total 8781824K, used 4761916K [0x00000005e8000000, 0x0000000800000000)
  region size 8192K, 1 young (8192K), 1 survivors (8192K)
 Metaspace       used 568532K, committed 574464K, reserved 1507328K
  class space    used 118462K, committed 120832K, reserved 1048576K
}
Event: 5403.049 GC heap before
{Heap before GC invocations=534 (full 0):
 garbage-first heap   total 8781824K, used 7883068K [0x00000005e8000000, 0x0000000800000000)
  region size 8192K, 382 young (3129344K), 1 survivors (8192K)
 Metaspace       used 568532K, committed 574464K, reserved 1507328K
  class space    used 118462K, committed 120832K, reserved 1048576K
}
Event: 5403.056 GC heap after
{Heap after GC invocations=535 (full 0):
 garbage-first heap   total 8781824K, used 4762602K [0x00000005e8000000, 0x0000000800000000)
  region size 8192K, 1 young (8192K), 1 survivors (8192K)
 Metaspace       used 568532K, committed 574464K, reserved 1507328K
  class space    used 118462K, committed 120832K, reserved 1048576K
}
Event: 5422.654 GC heap before
{Heap before GC invocations=536 (full 0):
 garbage-first heap   total 8781824K, used 7883754K [0x00000005e8000000, 0x0000000800000000)
  region size 8192K, 382 young (3129344K), 1 survivors (8192K)
 Metaspace       used 568532K, committed 574464K, reserved 1507328K
  class space    used 118462K, committed 120832K, reserved 1048576K
}
Event: 5422.666 GC heap after
{Heap after GC invocations=537 (full 0):
 garbage-first heap   total 8781824K, used 4762283K [0x00000005e8000000, 0x0000000800000000)
  region size 8192K, 1 young (8192K), 1 survivors (8192K)
 Metaspace       used 568532K, committed 574464K, reserved 1507328K
  class space    used 118462K, committed 120832K, reserved 1048576K
}
Event: 5425.287 GC heap before
{Heap before GC invocations=537 (full 0):
 garbage-first heap   total 8781824K, used 5180075K [0x00000005e8000000, 0x0000000800000000)
  region size 8192K, 53 young (434176K), 1 survivors (8192K)
 Metaspace       used 568532K, committed 574464K, reserved 1507328K
  class space    used 118462K, committed 120832K, reserved 1048576K
}
Event: 5425.328 GC heap after
{Heap after GC invocations=538 (full 0):
 garbage-first heap   total 8781824K, used 4759467K [0x00000005e8000000, 0x0000000800000000)
  region size 8192K, 1 young (8192K), 1 survivors (8192K)
 Metaspace       used 568532K, committed 574464K, reserved 1507328K
  class space    used 118462K, committed 120832K, reserved 1048576K
}
Event: 5444.172 GC heap before
{Heap before GC invocations=538 (full 0):
 garbage-first heap   total 8781824K, used 7880619K [0x00000005e8000000, 0x0000000800000000)
  region size 8192K, 382 young (3129344K), 1 survivors (8192K)
 Metaspace       used 568532K, committed 574464K, reserved 1507328K
  class space    used 118462K, committed 120832K, reserved 1048576K
}
Event: 5444.177 GC heap after
{Heap after GC invocations=539 (full 0):
 garbage-first heap   total 8781824K, used 4760443K [0x00000005e8000000, 0x0000000800000000)
  region size 8192K, 1 young (8192K), 1 survivors (8192K)
 Metaspace       used 568532K, committed 574464K, reserved 1507328K
  class space    used 118462K, committed 120832K, reserved 1048576K
}
Event: 5463.198 GC heap before
{Heap before GC invocations=539 (full 0):
 garbage-first heap   total 8781824K, used 7881595K [0x00000005e8000000, 0x0000000800000000)
  region size 8192K, 382 young (3129344K), 1 survivors (8192K)
 Metaspace       used 568532K, committed 574464K, reserved 1507328K
  class space    used 118462K, committed 120832K, reserved 1048576K
}
Event: 5463.204 GC heap after
{Heap after GC invocations=540 (full 0):
 garbage-first heap   total 8781824K, used 4761378K [0x00000005e8000000, 0x0000000800000000)
  region size 8192K, 1 young (8192K), 1 survivors (8192K)
 Metaspace       used 568532K, committed 574464K, reserved 1507328K
  class space    used 118462K, committed 120832K, reserved 1048576K
}
Event: 5481.698 GC heap before
{Heap before GC invocations=540 (full 0):
 garbage-first heap   total 8781824K, used 7882530K [0x00000005e8000000, 0x0000000800000000)
  region size 8192K, 382 young (3129344K), 1 survivors (8192K)
 Metaspace       used 568532K, committed 574464K, reserved 1507328K
  class space    used 118462K, committed 120832K, reserved 1048576K
}
Event: 5481.707 GC heap after
{Heap after GC invocations=541 (full 0):
 garbage-first heap   total 8781824K, used 4762799K [0x00000005e8000000, 0x0000000800000000)
  region size 8192K, 1 young (8192K), 1 survivors (8192K)
 Metaspace       used 568532K, committed 574464K, reserved 1507328K
  class space    used 118462K, committed 120832K, reserved 1048576K
}
Event: 5500.819 GC heap before
{Heap before GC invocations=542 (full 0):
 garbage-first heap   total 8781824K, used 7883951K [0x00000005e8000000, 0x0000000800000000)
  region size 8192K, 382 young (3129344K), 1 survivors (8192K)
 Metaspace       used 568515K, committed 574464K, reserved 1507328K
  class space    used 118458K, committed 120832K, reserved 1048576K
}
Event: 5500.831 GC heap after
{Heap after GC invocations=543 (full 0):
 garbage-first heap   total 8781824K, used 4762141K [0x00000005e8000000, 0x0000000800000000)
  region size 8192K, 1 young (8192K), 1 survivors (8192K)
 Metaspace       used 568515K, committed 574464K, reserved 1507328K
  class space    used 118458K, committed 120832K, reserved 1048576K
}
Event: 5503.611 GC heap before
{Heap before GC invocations=543 (full 0):
 garbage-first heap   total 8781824K, used 5188125K [0x00000005e8000000, 0x0000000800000000)
  region size 8192K, 53 young (434176K), 1 survivors (8192K)
 Metaspace       used 568515K, committed 574464K, reserved 1507328K
  class space    used 118458K, committed 120832K, reserved 1048576K
}
Event: 5503.645 GC heap after
{Heap after GC invocations=544 (full 0):
 garbage-first heap   total 8781824K, used 4759826K [0x00000005e8000000, 0x0000000800000000)
  region size 8192K, 1 young (8192K), 1 survivors (8192K)
 Metaspace       used 568515K, committed 574464K, reserved 1507328K
  class space    used 118458K, committed 120832K, reserved 1048576K
}
Event: 5521.905 GC heap before
{Heap before GC invocations=544 (full 0):
 garbage-first heap   total 8781824K, used 7880978K [0x00000005e8000000, 0x0000000800000000)
  region size 8192K, 382 young (3129344K), 1 survivors (8192K)
 Metaspace       used 568515K, committed 574464K, reserved 1507328K
  class space    used 118458K, committed 120832K, reserved 1048576K
}
Event: 5521.917 GC heap after
{Heap after GC invocations=545 (full 0):
 garbage-first heap   total 8781824K, used 4760618K [0x00000005e8000000, 0x0000000800000000)
  region size 8192K, 1 young (8192K), 1 survivors (8192K)
 Metaspace       used 568515K, committed 574464K, reserved 1507328K
  class space    used 118458K, committed 120832K, reserved 1048576K
}

Dll operation events (20 events):
Event: 0.043 Loaded shared library C:\Java Versions\jdk-17.0.14+7\bin\jsvml.dll
Event: 0.157 Loaded shared library C:\Java Versions\jdk-17.0.14+7\bin\net.dll
Event: 0.158 Loaded shared library C:\Java Versions\jdk-17.0.14+7\bin\nio.dll
Event: 0.161 Loaded shared library C:\Java Versions\jdk-17.0.14+7\bin\zip.dll
Event: 0.222 Loaded shared library C:\Java Versions\jdk-17.0.14+7\bin\jimage.dll
Event: 0.461 Loaded shared library C:\Java Versions\jdk-17.0.14+7\bin\verify.dll
Event: 2.259 Loaded shared library C:\Java Versions\jdk-17.0.14+7\bin\management.dll
Event: 2.263 Loaded shared library C:\Java Versions\jdk-17.0.14+7\bin\management_ext.dll
Event: 5.733 Loaded shared library C:\Users\Antoine\curseforge\minecraft\Instances\Servidor de Aventuras - Season 2\lwjgl.dll
Event: 6.479 Loaded shared library C:\Users\Antoine\curseforge\minecraft\Instances\Servidor de Aventuras - Season 2\lwjgl_opengl.dll
Event: 6.579 Loaded shared library C:\Users\Antoine\curseforge\minecraft\Instances\Servidor de Aventuras - Season 2\lwjgl_stb.dll
Event: 7.036 Loaded shared library C:\Users\Antoine\curseforge\minecraft\Instances\Servidor de Aventuras - Season 2\jna12751234001000736469.dll
Event: 70.188 Loaded shared library C:\Java Versions\jdk-17.0.14+7\bin\sunmscapi.dll
Event: 70.263 Loaded shared library C:\Java Versions\jdk-17.0.14+7\bin\extnet.dll
Event: 77.954 Loaded shared library C:\Java Versions\jdk-17.0.14+7\bin\awt.dll
Event: 82.655 Loaded shared library C:\Users\Antoine\curseforge\minecraft\Instances\Servidor de Aventuras - Season 2\bandwidthoptimizer-native\drive\libzstd-jni-1.5.7-711152303779962577166.dll
Event: 139.149 Loaded shared library C:\Users\Antoine\AppData\Local\Temp\libopus4j-9783d0e001158567d1e08f6bb3b2c5b5\libopus4j.dll
Event: 139.182 Loaded shared library C:\Users\Antoine\AppData\Local\Temp\librnnoise4j-40cc1fdd40ca1100a850ddee14466799\librnnoise4j.dll
Event: 139.223 Loaded shared library C:\Users\Antoine\AppData\Local\Temp\libspeex4j-e39751f08962f3611e66c90baf107894\libspeex4j.dll
Event: 139.289 Loaded shared library C:\Users\Antoine\AppData\Local\Temp\liblame4j-290c3436fe9f7c2b8e165ddcb5ad66ce\liblame4j.dll

Deoptimization events (20 events):
Event: 5253.987 Thread 0x000002cd3b9de370 Uncommon trap: trap_request=0xffffff45 fr.pc=0x000002cc954cbdbc relative=0x000000000000011c
Event: 5253.987 Thread 0x000002cd3b9de370 Uncommon trap: reason=unstable_if action=reinterpret pc=0x000002cc954cbdbc method=java.util.concurrent.ForkJoinPool.runWorker(Ljava/util/concurrent/ForkJoinPool$WorkQueue;)V @ 68 c2
Event: 5253.987 Thread 0x000002cd3b9de370 DEOPT PACKING pc=0x000002cc954cbdbc sp=0x000000fa602af320
Event: 5253.987 Thread 0x000002cd3b9de370 DEOPT UNPACKING pc=0x000002cc92c369a3 sp=0x000000fa602af2e0 mode 2
Event: 5283.969 Thread 0x000002cc82643410 Uncommon trap: trap_request=0xffffff45 fr.pc=0x000002cc98ab7be8 relative=0x0000000000000c08
Event: 5283.969 Thread 0x000002cc82643410 Uncommon trap: reason=unstable_if action=reinterpret pc=0x000002cc98ab7be8 method=java.util.concurrent.ConcurrentLinkedDeque.last()Ljava/util/concurrent/ConcurrentLinkedDeque$Node; @ 24 c2
Event: 5283.969 Thread 0x000002cc82643410 DEOPT PACKING pc=0x000002cc98ab7be8 sp=0x000000fa5b6fde40
Event: 5283.970 Thread 0x000002cc82643410 DEOPT UNPACKING pc=0x000002cc92c369a3 sp=0x000000fa5b6fdc80 mode 2
Event: 5531.997 Thread 0x000002cc82643410 Uncommon trap: trap_request=0xffffff45 fr.pc=0x000002cc97c5cf48 relative=0x00000000000000a8
Event: 5531.997 Thread 0x000002cc82643410 Uncommon trap: reason=unstable_if action=reinterpret pc=0x000002cc97c5cf48 method=toni.sodiumextras.foundation.fps.DebugOverlayEvent.calculateGPUPercent$getColor(Lnet/minecraft/client/Minecraft;)Lnet/minecraft/ChatFormatting; @ 12 c2
Event: 5531.997 Thread 0x000002cc82643410 DEOPT PACKING pc=0x000002cc97c5cf48 sp=0x000000fa5b6fdd90
Event: 5531.998 Thread 0x000002cc82643410 DEOPT UNPACKING pc=0x000002cc92c369a3 sp=0x000000fa5b6fdd10 mode 2
Event: 5531.999 Thread 0x000002cc82643410 Uncommon trap: trap_request=0xffffff45 fr.pc=0x000002cc96d964cc relative=0x000000000000052c
Event: 5531.999 Thread 0x000002cc82643410 Uncommon trap: reason=unstable_if action=reinterpret pc=0x000002cc96d964cc method=toni.sodiumextras.foundation.fps.DebugOverlayEvent.fix(I)Ljava/lang/String; @ 2 c2
Event: 5531.999 Thread 0x000002cc82643410 DEOPT PACKING pc=0x000002cc96d964cc sp=0x000000fa5b6fdd60
Event: 5531.999 Thread 0x000002cc82643410 DEOPT UNPACKING pc=0x000002cc92c369a3 sp=0x000000fa5b6fdd10 mode 2
Event: 5546.748 Thread 0x000002cc82643410 Uncommon trap: trap_request=0xffffff45 fr.pc=0x000002cc983d2a38 relative=0x0000000000000778
Event: 5546.749 Thread 0x000002cc82643410 Uncommon trap: reason=unstable_if action=reinterpret pc=0x000002cc983d2a38 method=team.creative.ambientsounds.sound.AmbientSoundEngine.tick(Lteam/creative/ambientsounds/environment/AmbientEnvironment;)V @ 129 c2
Event: 5546.749 Thread 0x000002cc82643410 DEOPT PACKING pc=0x000002cc983d2a38 sp=0x000000fa5b6fdea0
Event: 5546.758 Thread 0x000002cc82643410 DEOPT UNPACKING pc=0x000002cc92c369a3 sp=0x000000fa5b6fde40 mode 2

Classes loaded (20 events):
Event: 5546.643 Loading class java/awt/event/InputMethodEvent
Event: 5546.656 Loading class java/awt/event/InputMethodEvent done
Event: 5546.659 Loading class java/awt/event/ActionEvent
Event: 5546.666 Loading class java/awt/event/ActionEvent done
Event: 5546.712 Loading class sun/java2d/d3d/D3DGraphicsDevice
Event: 5546.728 Loading class sun/awt/Win32GraphicsDevice
Event: 5546.738 Loading class sun/awt/Win32GraphicsDevice done
Event: 5546.738 Loading class sun/java2d/d3d/D3DGraphicsDevice done
Event: 5547.106 Loading class sun/java2d/d3d/D3DRenderQueue
Event: 5547.108 Loading class sun/java2d/pipe/RenderQueue
Event: 5547.109 Loading class sun/java2d/pipe/RenderQueue done
Event: 5547.109 Loading class sun/java2d/d3d/D3DRenderQueue done
Event: 5547.110 Loading class sun/java2d/pipe/RenderBuffer
Event: 5547.113 Loading class sun/java2d/pipe/RenderBuffer done
Event: 5547.113 Loading class sun/java2d/d3d/D3DRenderQueue$1
Event: 5547.113 Loading class sun/java2d/d3d/D3DRenderQueue$1 done
Event: 5547.115 Loading class sun/java2d/d3d/D3DGraphicsDevice$1Result
Event: 5547.115 Loading class sun/java2d/d3d/D3DGraphicsDevice$1Result done
Event: 5547.115 Loading class sun/java2d/d3d/D3DGraphicsDevice$1
Event: 5547.116 Loading class sun/java2d/d3d/D3DGraphicsDevice$1 done

Classes unloaded (20 events):
Event: 5325.209 Thread 0x000002ccb181a0e0 Unloading class 0x000002ccbb4b0400 'java/lang/invoke/LambdaForm$BMH+0x000002ccbb4b0400'
Event: 5325.209 Thread 0x000002ccb181a0e0 Unloading class 0x000002ccb4506000 'java/lang/invoke/LambdaForm$MH+0x000002ccb4506000'
Event: 5325.209 Thread 0x000002ccb181a0e0 Unloading class 0x000002ccb4505c00 'java/lang/invoke/LambdaForm$MH+0x000002ccb4505c00'
Event: 5325.209 Thread 0x000002ccb181a0e0 Unloading class 0x000002ccb4505800 'java/lang/invoke/LambdaForm$MH+0x000002ccb4505800'
Event: 5325.209 Thread 0x000002ccb181a0e0 Unloading class 0x000002ccb4505400 'java/lang/invoke/LambdaForm$MH+0x000002ccb4505400'
Event: 5325.209 Thread 0x000002ccb181a0e0 Unloading class 0x000002ccb4505000 'java/lang/invoke/LambdaForm$MH+0x000002ccb4505000'
Event: 5325.209 Thread 0x000002ccb181a0e0 Unloading class 0x000002ccb4504c00 'java/lang/invoke/LambdaForm$MH+0x000002ccb4504c00'
Event: 5325.209 Thread 0x000002ccb181a0e0 Unloading class 0x000002ccb4504800 'java/lang/invoke/LambdaForm$MH+0x000002ccb4504800'
Event: 5325.209 Thread 0x000002ccb181a0e0 Unloading class 0x000002ccb4504400 'java/lang/invoke/LambdaForm$MH+0x000002ccb4504400'
Event: 5325.210 Thread 0x000002ccb181a0e0 Unloading class 0x000002ccb43d1c00 'java/lang/invoke/LambdaForm$MH+0x000002ccb43d1c00'
Event: 5325.210 Thread 0x000002ccb181a0e0 Unloading class 0x000002ccb43d1800 'java/lang/invoke/LambdaForm$MH+0x000002ccb43d1800'
Event: 5485.770 Thread 0x000002ccb181a0e0 Unloading class 0x000002ccbb4c9400 'java/lang/invoke/LambdaForm$MH+0x000002ccbb4c9400'
Event: 5485.770 Thread 0x000002ccb181a0e0 Unloading class 0x000002ccbb4c9000 'java/lang/invoke/LambdaForm$MH+0x000002ccbb4c9000'
Event: 5485.770 Thread 0x000002ccb181a0e0 Unloading class 0x000002ccbb4c8c00 'java/lang/invoke/LambdaForm$MH+0x000002ccbb4c8c00'
Event: 5485.770 Thread 0x000002ccb181a0e0 Unloading class 0x000002ccbb4c8800 'java/lang/invoke/LambdaForm$MH+0x000002ccbb4c8800'
Event: 5485.770 Thread 0x000002ccb181a0e0 Unloading class 0x000002ccbb4c8400 'java/lang/invoke/LambdaForm$MH+0x000002ccbb4c8400'
Event: 5485.770 Thread 0x000002ccb181a0e0 Unloading class 0x000002ccbb4c8000 'java/lang/invoke/LambdaForm$MH+0x000002ccbb4c8000'
Event: 5485.770 Thread 0x000002ccb181a0e0 Unloading class 0x000002ccbb4c5c00 'java/lang/invoke/LambdaForm$MH+0x000002ccbb4c5c00'
Event: 5485.770 Thread 0x000002ccb181a0e0 Unloading class 0x000002ccbb488400 'java/lang/invoke/LambdaForm$MH+0x000002ccbb488400'
Event: 5485.770 Thread 0x000002ccb181a0e0 Unloading class 0x000002ccb4758000 'java/lang/invoke/LambdaForm$MH+0x000002ccb4758000'

Classes redefined (0 events):
No events

Internal exceptions (20 events):
Event: 5513.767 Thread 0x000002cc82643410 Exception <a 'sun/nio/fs/WindowsException'{0x0000000797cdfcb8}> (0x0000000797cdfcb8) 
thrown [s\src\hotspot\share\prims\jni.cpp, line 516]
Event: 5514.769 Thread 0x000002cc82643410 Exception <a 'sun/nio/fs/WindowsException'{0x000000078d3dfd90}> (0x000000078d3dfd90) 
thrown [s\src\hotspot\share\prims\jni.cpp, line 516]
Event: 5515.784 Thread 0x000002cc82643410 Exception <a 'sun/nio/fs/WindowsException'{0x0000000780361ac0}> (0x0000000780361ac0) 
thrown [s\src\hotspot\share\prims\jni.cpp, line 516]
Event: 5516.785 Thread 0x000002cc82643410 Exception <a 'sun/nio/fs/WindowsException'{0x000000077451d4c8}> (0x000000077451d4c8) 
thrown [s\src\hotspot\share\prims\jni.cpp, line 516]
Event: 5517.799 Thread 0x000002cc82643410 Exception <a 'sun/nio/fs/WindowsException'{0x0000000768916af0}> (0x0000000768916af0) 
thrown [s\src\hotspot\share\prims\jni.cpp, line 516]
Event: 5518.800 Thread 0x000002cc82643410 Exception <a 'sun/nio/fs/WindowsException'{0x000000075da19db0}> (0x000000075da19db0) 
thrown [s\src\hotspot\share\prims\jni.cpp, line 516]
Event: 5519.803 Thread 0x000002cc82643410 Exception <a 'sun/nio/fs/WindowsException'{0x0000000753b7fe20}> (0x0000000753b7fe20) 
thrown [s\src\hotspot\share\prims\jni.cpp, line 516]
Event: 5520.809 Thread 0x000002cc82643410 Exception <a 'sun/nio/fs/WindowsException'{0x000000074bcf9408}> (0x000000074bcf9408) 
thrown [s\src\hotspot\share\prims\jni.cpp, line 516]
Event: 5521.814 Thread 0x000002cc82643410 Exception <a 'sun/nio/fs/WindowsException'{0x000000074279b0f0}> (0x000000074279b0f0) 
thrown [s\src\hotspot\share\prims\jni.cpp, line 516]
Event: 5522.841 Thread 0x000002cc82643410 Exception <a 'sun/nio/fs/WindowsException'{0x00000007f79fa9e8}> (0x00000007f79fa9e8) 
thrown [s\src\hotspot\share\prims\jni.cpp, line 516]
Event: 5523.843 Thread 0x000002cc82643410 Exception <a 'sun/nio/fs/WindowsException'{0x00000007ed3b2600}> (0x00000007ed3b2600) 
thrown [s\src\hotspot\share\prims\jni.cpp, line 516]
Event: 5524.850 Thread 0x000002cc82643410 Exception <a 'sun/nio/fs/WindowsException'{0x00000007e1a34290}> (0x00000007e1a34290) 
thrown [s\src\hotspot\share\prims\jni.cpp, line 516]
Event: 5525.855 Thread 0x000002cc82643410 Exception <a 'sun/nio/fs/WindowsException'{0x00000007d7045270}> (0x00000007d7045270) 
thrown [s\src\hotspot\share\prims\jni.cpp, line 516]
Event: 5526.855 Thread 0x000002cc82643410 Exception <a 'sun/nio/fs/WindowsException'{0x00000007ce605c48}> (0x00000007ce605c48) 
thrown [s\src\hotspot\share\prims\jni.cpp, line 516]
Event: 5527.858 Thread 0x000002cc82643410 Exception <a 'sun/nio/fs/WindowsException'{0x00000007c4510ad0}> (0x00000007c4510ad0) 
thrown [s\src\hotspot\share\prims\jni.cpp, line 516]
Event: 5529.410 Thread 0x000002cc82643410 Exception <a 'sun/nio/fs/WindowsException'{0x00000007bbde9b30}> (0x00000007bbde9b30) 
thrown [s\src\hotspot\share\prims\jni.cpp, line 516]
Event: 5531.996 Thread 0x000002cc82643410 Exception <a 'sun/nio/fs/WindowsException'{0x00000007b4dacd20}> (0x00000007b4dacd20) 
thrown [s\src\hotspot\share\prims\jni.cpp, line 516]
Event: 5546.664 Thread 0x000002cdd6945df0 Exception <a 'java/net/ConnectException'{0x0000000794009af8}: Connection refused: connect> (0x0000000794009af8) 
thrown [s\src\hotspot\share\prims\jni.cpp, line 535]
Event: 5546.664 Thread 0x000002cdd6945df0 Exception <a 'java/net/SocketException'{0x0000000794009e30}: Socket is not connected: shutdown> (0x0000000794009e30) 
thrown [s\src\hotspot\share\prims\jni.cpp, line 535]
Event: 5546.805 Thread 0x000002cc82643410 Exception <a 'sun/nio/fs/WindowsException'{0x0000000792d47380}> (0x0000000792d47380) 
thrown [s\src\hotspot\share\prims\jni.cpp, line 516]

VM Operations (20 events):
Event: 5547.048 Executing VM operation: ThreadDump done
Event: 5547.058 Executing VM operation: ThreadDump
Event: 5547.058 Executing VM operation: ThreadDump done
Event: 5547.068 Executing VM operation: ThreadDump
Event: 5547.068 Executing VM operation: ThreadDump done
Event: 5547.078 Executing VM operation: ThreadDump
Event: 5547.078 Executing VM operation: ThreadDump done
Event: 5547.087 Executing VM operation: ThreadDump
Event: 5547.087 Executing VM operation: ThreadDump done
Event: 5547.098 Executing VM operation: ThreadDump
Event: 5547.098 Executing VM operation: ThreadDump done
Event: 5547.108 Executing VM operation: ThreadDump
Event: 5547.110 Executing VM operation: ThreadDump done
Event: 5547.118 Executing VM operation: ThreadDump
Event: 5547.118 Executing VM operation: ThreadDump done
Event: 5547.128 Executing VM operation: ThreadDump
Event: 5547.128 Executing VM operation: ThreadDump done
Event: 5547.138 Executing VM operation: ThreadDump
Event: 5547.138 Executing VM operation: ThreadDump done
Event: 5547.148 Executing VM operation: ThreadDump

Memory protections (0 events):
No events

Nmethod flushes (20 events):
Event: 4746.730 Thread 0x000002ccb18669a0 flushing  nmethod 0x000002cc90c8fe90
Event: 4746.731 Thread 0x000002ccb18669a0 flushing  nmethod 0x000002cc90d0ba10
Event: 4746.731 Thread 0x000002ccb18669a0 flushing  nmethod 0x000002cc90d4dc90
Event: 4746.731 Thread 0x000002ccb18669a0 flushing  nmethod 0x000002cc90e59c10
Event: 4746.732 Thread 0x000002ccb18669a0 flushing  nmethod 0x000002cc90f66c90
Event: 4746.732 Thread 0x000002ccb18669a0 flushing  nmethod 0x000002cc90fe4690
Event: 4746.732 Thread 0x000002ccb18669a0 flushing  nmethod 0x000002cc90ff2410
Event: 4746.733 Thread 0x000002ccb18669a0 flushing  nmethod 0x000002cc91125d90
Event: 4746.733 Thread 0x000002ccb18669a0 flushing  nmethod 0x000002cc9118d490
Event: 4746.734 Thread 0x000002ccb18669a0 flushing  nmethod 0x000002cc913b1390
Event: 4746.734 Thread 0x000002ccb18669a0 flushing  nmethod 0x000002cc913d3190
Event: 4746.734 Thread 0x000002ccb18669a0 flushing  nmethod 0x000002cc9140aa90
Event: 4746.734 Thread 0x000002ccb18669a0 flushing  nmethod 0x000002cc914b6390
Event: 4746.734 Thread 0x000002ccb18669a0 flushing  nmethod 0x000002cc9151a910
Event: 4746.735 Thread 0x000002ccb18669a0 flushing  nmethod 0x000002cc9166af10
Event: 4746.735 Thread 0x000002ccb18669a0 flushing  nmethod 0x000002cc916b8910
Event: 4746.735 Thread 0x000002ccb18669a0 flushing  nmethod 0x000002cc91704590
Event: 4746.735 Thread 0x000002ccb18669a0 flushing  nmethod 0x000002cc9179af10
Event: 4746.735 Thread 0x000002ccb18669a0 flushing  nmethod 0x000002cc919fca10
Event: 4746.736 Thread 0x000002ccb18669a0 flushing  nmethod 0x000002cc91a54b90

Events (20 events):
Event: 5517.268 Thread 0x000002cc82643410 Thread added: 0x000002cd3a7896e0
Event: 5517.817 Thread 0x000002cd3a7896e0 Thread exited: 0x000002cd3a7896e0
Event: 5519.279 Thread 0x000002cc82643410 Thread added: 0x000002cd0c099a70
Event: 5519.818 Thread 0x000002cd0c099a70 Thread exited: 0x000002cd0c099a70
Event: 5521.282 Thread 0x000002cc82643410 Thread added: 0x000002cd994cc920
Event: 5521.837 Thread 0x000002cd994cc920 Thread exited: 0x000002cd994cc920
Event: 5523.276 Thread 0x000002cc82643410 Thread added: 0x000002cd1046ddb0
Event: 5523.818 Thread 0x000002cd1046ddb0 Thread exited: 0x000002cd1046ddb0
Event: 5525.278 Thread 0x000002cc82643410 Thread added: 0x000002cd3a787d90
Event: 5525.845 Thread 0x000002cd3a787d90 Thread exited: 0x000002cd3a787d90
Event: 5527.281 Thread 0x000002cc82643410 Thread added: 0x000002cd3a7896e0
Event: 5527.805 Thread 0x000002cd3a7896e0 Thread exited: 0x000002cd3a7896e0
Event: 5531.926 Thread 0x000002cc82643410 Thread added: 0x000002cd1046b530
Event: 5532.428 Thread 0x000002cd1046b530 Thread exited: 0x000002cd1046b530
Event: 5533.889 Thread 0x000002cd0eadd780 Thread added: 0x000002cd0fdc3310
Event: 5534.913 Thread 0x000002cd0fdc3310 Thread exited: 0x000002cd0fdc3310
Event: 5536.156 Thread 0x000002cd0eadd780 Thread added: 0x000002cd0fdc3d30
Event: 5537.173 Thread 0x000002cd0fdc3d30 Thread exited: 0x000002cd0fdc3d30
Event: 5546.488 Thread 0x000002cd0eadd780 Thread added: 0x000002cd3a786e60
Event: 5546.574 Thread 0x000002cd0eadd780 Thread added: 0x000002cd3a786440


Dynamic libraries:
0x00007ff6c48b0000 - 0x00007ff6c48be000 	C:\Java Versions\jdk-17.0.14+7\bin\java.exe
0x00007ffb28b60000 - 0x00007ffb28dc6000 	C:\WINDOWS\SYSTEM32\ntdll.dll
0x00007ffb270f0000 - 0x00007ffb271b9000 	C:\WINDOWS\System32\KERNEL32.DLL
0x00007ffb26350000 - 0x00007ffb2674a000 	C:\WINDOWS\System32\KERNELBASE.dll
0x00007ffb25e20000 - 0x00007ffb25f6c000 	C:\WINDOWS\System32\ucrtbase.dll
0x00007ffb01880000 - 0x00007ffb0189e000 	C:\Java Versions\jdk-17.0.14+7\bin\VCRUNTIME140.dll
0x00007ffafce80000 - 0x00007ffafce97000 	C:\Java Versions\jdk-17.0.14+7\bin\jli.dll
0x00007ffb27e50000 - 0x00007ffb28017000 	C:\WINDOWS\System32\USER32.dll
0x00007ffb10000000 - 0x00007ffb10292000 	C:\WINDOWS\WinSxS\amd64_microsoft.windows.common-controls_6595b64144ccf1df_6.0.26100.8521_none_3e08b75ce33403b3\COMCTL32.dll
0x00007ffb25df0000 - 0x00007ffb25e17000 	C:\WINDOWS\System32\win32u.dll
0x00007ffb28a70000 - 0x00007ffb28b19000 	C:\WINDOWS\System32\msvcrt.dll
0x00007ffb26b00000 - 0x00007ffb26b2b000 	C:\WINDOWS\System32\GDI32.dll
0x00007ffb260c0000 - 0x00007ffb261eb000 	C:\WINDOWS\System32\gdi32full.dll
0x00007ffb262a0000 - 0x00007ffb26343000 	C:\WINDOWS\System32\msvcp_win.dll
0x00007ffb28020000 - 0x00007ffb28052000 	C:\WINDOWS\System32\IMM32.DLL
0x00007ffb0f100000 - 0x00007ffb0f10c000 	C:\Java Versions\jdk-17.0.14+7\bin\vcruntime140_1.dll
0x00007ffadd410000 - 0x00007ffadd49d000 	C:\Java Versions\jdk-17.0.14+7\bin\msvcp140.dll
0x00007ffa97260000 - 0x00007ffa97ecb000 	C:\Java Versions\jdk-17.0.14+7\bin\server\jvm.dll
0x00007ffb26b30000 - 0x00007ffb26be6000 	C:\WINDOWS\System32\ADVAPI32.dll
0x00007ffb279d0000 - 0x00007ffb27a7a000 	C:\WINDOWS\System32\sechost.dll
0x00007ffb27b40000 - 0x00007ffb27c58000 	C:\WINDOWS\System32\RPCRT4.dll
0x00007ffb271c0000 - 0x00007ffb27240000 	C:\WINDOWS\System32\WS2_32.dll
0x00007ffb25c50000 - 0x00007ffb25cae000 	C:\WINDOWS\SYSTEM32\POWRPROF.dll
0x00007ffb1c9e0000 - 0x00007ffb1ca16000 	C:\WINDOWS\SYSTEM32\WINMM.dll
0x00007ffb1d420000 - 0x00007ffb1d42b000 	C:\WINDOWS\SYSTEM32\VERSION.dll
0x00007ffb25c30000 - 0x00007ffb25c44000 	C:\WINDOWS\SYSTEM32\UMPDC.dll
0x00007ffb24b80000 - 0x00007ffb24b9b000 	C:\WINDOWS\SYSTEM32\kernel.appcore.dll
0x00007ffb0f050000 - 0x00007ffb0f05a000 	C:\Java Versions\jdk-17.0.14+7\bin\jimage.dll
0x00007ffb231d0000 - 0x00007ffb23412000 	C:\WINDOWS\SYSTEM32\DBGHELP.DLL
0x00007ffb26d60000 - 0x00007ffb270e3000 	C:\WINDOWS\System32\combase.dll
0x00007ffb28060000 - 0x00007ffb28139000 	C:\WINDOWS\System32\OLEAUT32.dll
0x00007ffb05280000 - 0x00007ffb052bb000 	C:\WINDOWS\SYSTEM32\dbgcore.DLL
0x00007ffb261f0000 - 0x00007ffb26298000 	C:\WINDOWS\System32\bcryptPrimitives.dll
0x00007ffafca40000 - 0x00007ffafca65000 	C:\Java Versions\jdk-17.0.14+7\bin\java.dll
0x00007ffaa79f0000 - 0x00007ffaa7ac7000 	C:\Java Versions\jdk-17.0.14+7\bin\jsvml.dll
0x00007ffb28170000 - 0x00007ffb288f4000 	C:\WINDOWS\System32\SHELL32.dll
0x00007ffb239c0000 - 0x00007ffb24240000 	C:\WINDOWS\SYSTEM32\windows.storage.dll
0x00007ffb27250000 - 0x00007ffb27346000 	C:\WINDOWS\System32\SHCORE.dll
0x00007ffb27c60000 - 0x00007ffb27cc7000 	C:\WINDOWS\System32\shlwapi.dll
0x00007ffb25d10000 - 0x00007ffb25d39000 	C:\WINDOWS\SYSTEM32\profapi.dll
0x00007ffafc810000 - 0x00007ffafc829000 	C:\Java Versions\jdk-17.0.14+7\bin\net.dll
0x00007ffb1d280000 - 0x00007ffb1d3a9000 	C:\WINDOWS\SYSTEM32\WINHTTP.dll
0x00007ffb250f0000 - 0x00007ffb2515c000 	C:\WINDOWS\system32\mswsock.dll
0x00007ffafc7f0000 - 0x00007ffafc806000 	C:\Java Versions\jdk-17.0.14+7\bin\nio.dll
0x00007ffafc510000 - 0x00007ffafc528000 	C:\Java Versions\jdk-17.0.14+7\bin\zip.dll
0x00007ffb0e690000 - 0x00007ffb0e6a0000 	C:\Java Versions\jdk-17.0.14+7\bin\verify.dll
0x00007ffb0e600000 - 0x00007ffb0e60a000 	C:\Java Versions\jdk-17.0.14+7\bin\management.dll
0x00007ffb0e4f0000 - 0x00007ffb0e4fb000 	C:\Java Versions\jdk-17.0.14+7\bin\management_ext.dll
0x00007ffb27350000 - 0x00007ffb27358000 	C:\WINDOWS\System32\PSAPI.DLL
0x00007ffad6ea0000 - 0x00007ffad6eb8000 	C:\WINDOWS\system32\napinsp.dll
0x00007ffb246f0000 - 0x00007ffb2483a000 	C:\WINDOWS\SYSTEM32\DNSAPI.dll
0x00007ffb24ef0000 - 0x00007ffb24efd000 	C:\WINDOWS\SYSTEM32\DSPARSE.dll
0x00007ffb246b0000 - 0x00007ffb246e3000 	C:\WINDOWS\SYSTEM32\IPHLPAPI.DLL
0x00007ffb26d50000 - 0x00007ffb26d5a000 	C:\WINDOWS\System32\NSI.dll
0x00007ffad6e80000 - 0x00007ffad6e93000 	C:\WINDOWS\System32\winrnr.dll
0x00007ffabf750000 - 0x00007ffabf772000 	C:\WINDOWS\system32\nlansp_c.dll
0x00007ffb1cbe0000 - 0x00007ffb1cbf6000 	C:\WINDOWS\system32\wshbth.dll
0x00007ffb1ddf0000 - 0x00007ffb1ddfb000 	C:\Windows\System32\rasadhlp.dll
0x00007ffb1f740000 - 0x00007ffb1f7c6000 	C:\WINDOWS\System32\fwpuclnt.dll
0x00007ffadd390000 - 0x00007ffadd405000 	C:\Users\Antoine\curseforge\minecraft\Instances\Servidor de Aventuras - Season 2\lwjgl.dll
0x00007ffaee580000 - 0x00007ffaee5e1000 	C:\Users\Antoine\curseforge\minecraft\Instances\Servidor de Aventuras - Season 2\glfw.dll
0x00007ffafbfc0000 - 0x00007ffafc00b000 	C:\WINDOWS\SYSTEM32\dinput8.dll
0x00007ffadb550000 - 0x00007ffadb56c000 	C:\WINDOWS\SYSTEM32\xinput1_4.dll
0x00007ffb25960000 - 0x00007ffb259b1000 	C:\WINDOWS\SYSTEM32\cfgmgr32.dll
0x00007ffb25930000 - 0x00007ffb2595d000 	C:\WINDOWS\SYSTEM32\DEVOBJ.dll
0x00007ffb22250000 - 0x00007ffb2227f000 	C:\WINDOWS\SYSTEM32\dwmapi.dll
0x00007ffb03940000 - 0x00007ffb03b25000 	C:\WINDOWS\SYSTEM32\inputhost.dll
0x00007ffb21940000 - 0x00007ffb21a65000 	C:\WINDOWS\SYSTEM32\CoreMessaging.dll
0x00007ffb22130000 - 0x00007ffb221da000 	C:\WINDOWS\system32\uxtheme.dll
0x00007ffb253f0000 - 0x00007ffb253fc000 	C:\WINDOWS\SYSTEM32\CRYPTBASE.DLL
0x00007ffb28910000 - 0x00007ffb28a6d000 	C:\WINDOWS\System32\MSCTF.dll
0x00007ffaec660000 - 0x00007ffaec76c000 	C:\WINDOWS\SYSTEM32\opengl32.dll
0x00007ffaefcb0000 - 0x00007ffaefcdd000 	C:\WINDOWS\SYSTEM32\GLU32.dll
0x00007ffb22760000 - 0x00007ffb227a4000 	C:\WINDOWS\SYSTEM32\dxcore.dll
0x00007ffb1f2e0000 - 0x00007ffb1f33f000 	C:\WINDOWS\SYSTEM32\directxdatabasehelper.dll
0x00007ffb13c60000 - 0x00007ffb13c7d000 	C:\WINDOWS\SYSTEM32\windows.staterepositorycore.dll
0x00007ffa6f260000 - 0x00007ffa71845000 	C:\WINDOWS\System32\DriverStore\FileRepository\nvam.inf_amd64_900a074fe80431cd\nvoglv64.dll
0x00007ffb27360000 - 0x00007ffb277e7000 	C:\WINDOWS\System32\SETUPAPI.dll
0x00007ffb26900000 - 0x00007ffb26a98000 	C:\WINDOWS\System32\ole32.dll
0x00007ffb21de0000 - 0x00007ffb21e0a000 	C:\WINDOWS\SYSTEM32\WTSAPI32.dll
0x00007ffb26750000 - 0x00007ffb268c8000 	C:\WINDOWS\System32\CRYPT32.dll
0x00007ffb24e20000 - 0x00007ffb24e69000 	C:\WINDOWS\SYSTEM32\SspiCli.dll
0x00007ffb25440000 - 0x00007ffb25453000 	C:\WINDOWS\SYSTEM32\msasn1.dll
0x00007ffb19430000 - 0x00007ffb1946b000 	C:\WINDOWS\SYSTEM32\cryptnet.dll
0x00007ffb254b0000 - 0x00007ffb2551a000 	C:\WINDOWS\SYSTEM32\wldp.dll
0x00007ffb19130000 - 0x00007ffb192a8000 	C:\WINDOWS\SYSTEM32\drvstore.dll
0x00007ffb25f70000 - 0x00007ffb25ff3000 	C:\WINDOWS\System32\WINTRUST.dll
0x00007ffb24ca0000 - 0x00007ffb24cd6000 	C:\WINDOWS\SYSTEM32\ntmarta.dll
0x00007ffb268d0000 - 0x00007ffb268f0000 	C:\WINDOWS\System32\imagehlp.dll
0x00007ffb253d0000 - 0x00007ffb253eb000 	C:\WINDOWS\System32\CRYPTSP.dll
0x00007ffb24ae0000 - 0x00007ffb24b19000 	C:\WINDOWS\system32\rsaenh.dll
0x00007ffb25ce0000 - 0x00007ffb25d0a000 	C:\WINDOWS\System32\bcrypt.dll
0x00007ffa6d430000 - 0x00007ffa6f25f000 	C:\WINDOWS\System32\DriverStore\FileRepository\nvam.inf_amd64_900a074fe80431cd\nvgpucomp64.dll
0x00007ffb259f0000 - 0x00007ffb25a51000 	C:\WINDOWS\SYSTEM32\WINSTA.dll
0x00007ffb13450000 - 0x00007ffb13b31000 	C:\WINDOWS\SYSTEM32\nvapi64.dll
0x00007ffb21d20000 - 0x00007ffb21dc0000 	C:\WINDOWS\SYSTEM32\apphelp.dll
0x00007ffb251a0000 - 0x00007ffb251d3000 	C:\WINDOWS\SYSTEM32\USERENV.dll
0x00007ffa9e2b0000 - 0x00007ffa9e509000 	C:\Users\Antoine\curseforge\minecraft\Instances\Servidor de Aventuras - Season 2\jemalloc.dll
0x00007ffafa600000 - 0x00007ffafa748000 	C:\WINDOWS\SYSTEM32\textinputframework.dll
0x00007ffb1de00000 - 0x00007ffb1e0e4000 	C:\WINDOWS\SYSTEM32\CoreUIComponents.dll
0x00007ffb1fca0000 - 0x00007ffb1fe0a000 	C:\WINDOWS\SYSTEM32\wintypes.dll
0x00007ffb0fce0000 - 0x00007ffb0fd56000 	C:\WINDOWS\system32\Oleacc.dll
0x00007ffb27a80000 - 0x00007ffb27b2e000 	C:\WINDOWS\System32\clbcatq.dll
0x00007ffaf4690000 - 0x00007ffaf46ee000 	C:\WINDOWS\system32\ApplicationTargetedFeatureDatabase.dll
0x00007ffb1db00000 - 0x00007ffb1dd4f000 	C:\Windows\System32\twinapi.appcore.dll
0x00007ffadd2d0000 - 0x00007ffadd32d000 	C:\Users\Antoine\curseforge\minecraft\Instances\Servidor de Aventuras - Season 2\lwjgl_opengl.dll
0x00007ffab2450000 - 0x00007ffab24d1000 	C:\Users\Antoine\curseforge\minecraft\Instances\Servidor de Aventuras - Season 2\lwjgl_stb.dll
0x00007ffb1f350000 - 0x00007ffb1f36d000 	C:\WINDOWS\SYSTEM32\dhcpcsvc6.DLL
0x00007ffb1f2b0000 - 0x00007ffb1f2d5000 	C:\WINDOWS\SYSTEM32\dhcpcsvc.DLL
0x00007ffaf8310000 - 0x00007ffaf8350000 	C:\Users\Antoine\curseforge\minecraft\Instances\Servidor de Aventuras - Season 2\jna12751234001000736469.dll
0x00007ffb13bc0000 - 0x00007ffb13bd2000 	C:\WINDOWS\system32\wbem\wbemprox.dll
0x00007ffb129a0000 - 0x00007ffb12a1a000 	C:\WINDOWS\SYSTEM32\wbemcomn.dll
0x00007ffb11700000 - 0x00007ffb11715000 	C:\WINDOWS\system32\wbem\wbemsvc.dll
0x00007ffb11890000 - 0x00007ffb11983000 	C:\WINDOWS\system32\wbem\fastprox.dll
0x00007ffb12ab0000 - 0x00007ffb12acd000 	C:\WINDOWS\SYSTEM32\amsi.dll
0x00007ffb12860000 - 0x00007ffb12905000 	C:\ProgramData\Microsoft\Windows Defender\Platform\4.18.26050.15-0\MpOav.dll
0x00007ffb01db0000 - 0x00007ffb01e08000 	C:\WINDOWS\SYSTEM32\Pdh.dll
0x00007ffafa820000 - 0x00007ffafa831000 	C:\WINDOWS\System32\perfos.dll
0x00007ffb24270000 - 0x00007ffb24282000 	C:\WINDOWS\SYSTEM32\pfclient.dll
0x00007ffb0f380000 - 0x00007ffb0f38e000 	C:\Java Versions\jdk-17.0.14+7\bin\sunmscapi.dll
0x00007ffb255f0000 - 0x00007ffb25620000 	C:\WINDOWS\SYSTEM32\ncrypt.dll
0x00007ffb255a0000 - 0x00007ffb255df000 	C:\WINDOWS\SYSTEM32\NTASN1.dll
0x00007ffb0e510000 - 0x00007ffb0e519000 	C:\Java Versions\jdk-17.0.14+7\bin\extnet.dll
0x00007ffb20830000 - 0x00007ffb20838000 	C:\WINDOWS\system32\wshunix.dll
0x00007ffb1f390000 - 0x00007ffb1f44f000 	C:\WINDOWS\SYSTEM32\mscms.dll
0x00007ffab3d30000 - 0x00007ffab3d79000 	C:\WINDOWS\SYSTEM32\icm32.dll
0x00007ffa8f020000 - 0x00007ffa8f1b0000 	C:\Java Versions\jdk-17.0.14+7\bin\awt.dll
0x00007ffa75c20000 - 0x00007ffa75d42000 	C:\Users\Antoine\curseforge\minecraft\Instances\Servidor de Aventuras - Season 2\bandwidthoptimizer-native\drive\libzstd-jni-1.5.7-711152303779962577166.dll

dbghelp: loaded successfully - version: 4.0.5 - missing functions: none
symbol engine: initialized successfully - sym options: 0x614 - pdb path: .;C:\Java Versions\jdk-17.0.14+7\bin;C:\WINDOWS\SYSTEM32;C:\WINDOWS\WinSxS\amd64_microsoft.windows.common-controls_6595b64144ccf1df_6.0.26100.8521_none_3e08b75ce33403b3;C:\Java Versions\jdk-17.0.14+7\bin\server;C:\Users\Antoine\curseforge\minecraft\Instances\Servidor de Aventuras - Season 2;C:\WINDOWS\System32\DriverStore\FileRepository\nvam.inf_amd64_900a074fe80431cd;C:\Windows\System32\DriverStore\FileRepository\u0377732.inf_amd64_79fea957424079d3\B377738;C:\WINDOWS\system32\wbem;C:\ProgramData\Microsoft\Windows Defender\Platform\4.18.26050.15-0;C:\Users\Antoine\curseforge\minecraft\Instances\Servidor de Aventuras - Season 2\bandwidthoptimizer-native\drive;C:\WINDOWS\System32\Speech\Common;C:\Users\Antoine\AppData\Local\Temp\libopus4j-9783d0e001158567d1e08f6bb3b2c5b5;C:\Users\Antoine\AppData\Local\Temp\librnnoise4j-40cc1fdd40ca1100a850ddee14466799;C:\Users\Antoine\AppData\Local\Temp\libspeex4j-e39751f08962f3611e66c90baf107894;C:\Users\Antoine\AppData\Local\Temp\liblame4j-290c3436fe9f7c2b8e165ddcb5ad66ce

VM Arguments:
jvm_args: -XX:HeapDumpPath=MojangTricksIntelDriversForPerformance_javaw.exe_minecraft.exe.heapdump -Xss1M -Djava.library.path=. -Djna.tmpdir=. -Dorg.lwjgl.system.SharedLibraryExtractPath=. -Dio.netty.native.workdir=. -Dminecraft.launcher.brand=minecraft-launcher -Dminecraft.launcher.version=2.2.12145 -Djava.net.preferIPv6Addresses=system -DignoreList=bootstraplauncher,securejarhandler,asm-commons,asm-util,asm-analysis,asm-tree,asm,JarJarFileSystems,client-extra,fmlcore,javafmllanguage,lowcodelanguage,mclanguage,forge-,forge-47.4.20.jar,forge-47.4.20 -DmergeModules=jna-5.10.0.jar,jna-platform-5.10.0.jar -DlibraryDirectory=C:\Users\Antoine\curseforge\minecraft\Install\libraries --module-path=C:\Users\Antoine\curseforge\minecraft\Install\libraries/cpw/mods/bootstraplauncher/1.1.2/bootstraplauncher-1.1.2.jar;C:\Users\Antoine\curseforge\minecraft\Install\libraries/cpw/mods/securejarhandler/2.1.10/securejarhandler-2.1.10.jar;C:\Users\Antoine\curseforge\minecraft\Install\libraries/org/ow2/asm/asm-commons/9.9.1/asm-commons-9.9.1.jar;C:\Users\Antoine\curseforge\minecraft\Install\libraries/org/ow2/asm/asm-util/9.9.1/asm-util-9.9.1.jar;C:\Users\Antoine\curseforge\minecraft\Install\libraries/org/ow2/asm/asm-analysis/9.9.1/asm-analysis-9.9.1.jar;C:\Users\Antoine\curseforge\minecraft\Install\libraries/org/ow2/asm/asm-tree/9.9.1/asm-tree-9.9.1.jar;C:\Users\Antoine\curseforge\minecraft\Install\libraries/org/ow2/asm/asm/9.9.1/asm-9.9.1.jar;C:\Users\Antoine\curseforge\minecraft\Install\libraries/net/minecraftforge/JarJarFileSystems/0.3.19/JarJarFileSystems-0.3.19.jar --add-modules=ALL-MODULE-PATH --add-opens=java.base/java.util.jar=cpw.mods.securejarhandler --add-opens=java.base/java.lang.invoke=cpw.mods.securejarhandler --add-exports=java.base/sun.security.util=cpw.mods.securejarhandler --add-exports=jdk.naming.dns/com.sun.jndi.dns=java.naming -Xmx8576m -Xms256m -Dminecraft.applet.TargetDirectory=C:\Users\Antoine\curseforge\minecraft\Instances\Servidor de Aventuras - Season 2 -Dfml.ignorePatchDiscrepancies=true -Dfml.ignoreInvalidMinecraftCertificates=true -Duser.language=en -Duser.country=US -DCFInstanceId=cd666c4a-05bc-4e15-9355-7f5844d48c06 -DlibraryDirectory=C:\Users\Antoine\curseforge\minecraft\Install\libraries -Dlog4j.configurationFile=C:\Users\Antoine\curseforge\minecraft\Install\assets\log_configs\client-1.12.xml 
java_command: cpw.mods.bootstraplauncher.BootstrapLauncher --username AntoineCra --version forge-47.4.20 --gameDir C:\Users\Antoine\curseforge\minecraft\Instances\Servidor de Aventuras - Season 2 --assetsDir C:\Users\Antoine\curseforge\minecraft\Install\assets --assetIndex 5 --uuid c3a0fe159fc546d789bf7350618f5e4d --accessToken eyJraWQiOiIwNDkxODEiLCJhbGciOiJSUzI1NiJ9.eyJ4dWlkIjoiMjUzNTQ1NDExMjk3NzA5NSIsImFnZyI6IkFkdWx0Iiwic3ViIjoiYjg5OTVmMjMtNWJlZi00ZTFiLThkN2QtYWVjMWM0M2Q4ODM0IiwiYXV0aCI6IlhCT1giLCJucyI6ImRlZmF1bHQiLCJyb2xlcyI6W10sImlzcyI6ImF1dGhlbnRpY2F0aW9uIiwiZmxhZ3MiOlsibXVsdGlwbGF5ZXIiXSwicHJvZmlsZXMiOnsibWMiOiJjM2EwZmUxNS05ZmM1LTQ2ZDctODliZi03MzUwNjE4ZjVlNGQifSwicG1pZCI6IjZlYzJmNmE0LTVhNDktNTVjMC1iZjNjLTVlNTQ4NWQxYmJhZiIsInBsYXRmb3JtIjoiUENfTEFVTkNIRVIiLCJ0aWQiOiJFOTlCMCIsInBmZCI6W3sidHlwZSI6Im1jIiwiaWQiOiJjM2EwZmUxNS05ZmM1LTQ2ZDctODliZi03MzUwNjE4ZjVlNGQiLCJuYW1lIjoiQW50b2luZUNyYSJ9XSwieGlkIjoiMjUzNTQ1NDExMjk3NzA5NSIsIm5iZiI6MTc4MTI5MzYzNywiZXhwIjoxNzgxMzgwMDM3LCJpYXQiOjE3ODEyOTM2MzcsImFpZCI6IjAwMDAwMDAwLTAwMDAtMDAwMC0wMDAwLTAwMDA0MDJiNTMyOCJ9.Pt1Hje_vfUsmLemsLDIXRslt5NUMHxBRi808paN87NfnDXsYRsSLVi-WCQEV6tRxKWXFUi_rb6I2wfq91JOUsMgHPyyeazE5nsb4CIwXW88ndk3z77pv00c1Enqu2PUlKRqtMzLmEmoVwzrP5HL6HppIAMGS9m1LRoSlLn-Vc4QUvMkyeYx-_aXOknKVe_XSwu5SHzPXST5Ok_59Px5b8bvSBvUaFMx1QiI7ArhPW3son6_dnko7Dl8YOa1rnlpiHO3o7FWx8mvzRmcMS5i8BaSIzrH3xDvetUg1UpNmzBGzSc80lCMtssD3IpPoCVyeV9Jp2zolGw4-vMhcprT84w --clientId M2ZiOTYyMDUtZGY3Zi00YzQ4LTk3YTktY2UwMTNjYzRhNGY5 --xuid 2535454112977095 --userType msa --versionType release --width 1024 --height 768 --launchTarget forgeclient --fml.forgeVersion 47.4.20 --fml.mcVersion 1.20.1 --fml.forgeGroup net.minecraftforge --fml.mcpVersion 20230612.114412
java_class_path (initial): C:\Users\Antoine\curseforge\minecraft\Install\libraries\cpw\mods\securejarhandler\2.1.10\securejarhandler-2.1.10.jar;C:\Users\Antoine\curseforge\minecraft\Install\libraries\org\ow2\asm\asm\9.9.1\asm-9.9.1.jar;C:\Users\Antoine\curseforge\minecraft\Install\libraries\org\ow2\asm\asm-commons\9.9.1\asm-commons-9.9.1.jar;C:\Users\Antoine\curseforge\minecraft\Install\libraries\org\ow2\asm\asm-tree\9.9.1\asm-tree-9.9.1.jar;C:\Users\Antoine\curseforge\minecraft\Install\libraries\org\ow2\asm\asm-util\9.9.1\asm-util-9.9.1.jar;C:\Users\Antoine\curseforge\minecraft\Install\libraries\org\ow2\asm\asm-analysis\9.9.1\asm-analysis-9.9.1.jar;C:\Users\Antoine\curseforge\minecraft\Install\libraries\net\minecraftforge\accesstransformers\8.0.4\accesstransformers-8.0.4.jar;C:\Users\Antoine\curseforge\minecraft\Install\libraries\org\antlr\antlr4-runtime\4.9.1\antlr4-runtime-4.9.1.jar;C:\Users\Antoine\curseforge\minecraft\Install\libraries\net\minecraftforge\eventbus\6.2.33\eventbus-6.2.33.jar;C:\Users\Antoine\curseforge\minecraft\Install\libraries\net\minecraftforge\forgespi\7.0.1\forgespi-7.0.1.jar;C:\Users\Antoine\curseforge\minecraft\Install\libraries\net\minecraftforge\coremods\5.2.4\coremods-5.2.4.jar;C:\Users\Antoine\curseforge\minecraft\Install\libraries\cpw\mods\modlauncher\10.0.9\modlauncher-10.0.9.jar;C:\Users\Antoine\curseforge\minecraft\Install\libraries\net\minecraftforge\unsafe\0.2.0\unsafe-0.2.0.jar;C:\Users\Antoine\curseforge\minecraft\Install\libraries\net\minecraftforge\mergetool\1.1.5\mergetool-1.1.5-api.jar;C:\Users\Antoine\curseforge\minecraft\Install\libraries\com\electronwill\night-config\core\3.6.4\core-3.6.4.jar;C:\Users\Antoine\curseforge\minecraft\Install\libraries\com\electronwill\night-config\toml\3.6.4\toml-3.6.4.jar;C:\Users\Antoine\curseforge\minecraft\Install\libraries\org\apache\maven\maven-artifact\3.8.5\maven-artifact-3.8.5.jar;C:\Users\Antoine\curseforge\minecraft\Install\libraries\net\jodah\typetools\0.6.3\typetools-0.6.3.ja
Launcher Type: SUN_STANDARD

[Global flags]
     intx CICompilerCount                          = 12                                        {product} {ergonomic}
     uint ConcGCThreads                            = 3                                         {product} {ergonomic}
     uint G1ConcRefinementThreads                  = 13                                        {product} {ergonomic}
   size_t G1HeapRegionSize                         = 8388608                                   {product} {ergonomic}
    uintx GCDrainStackTargetSize                   = 64                                        {product} {ergonomic}
    ccstr HeapDumpPath                             = MojangTricksIntelDriversForPerformance_javaw.exe_minecraft.exe.heapdump         {manageable} {command line}
   size_t InitialHeapSize                          = 268435456                                 {product} {command line}
   size_t MarkStackSize                            = 4194304                                   {product} {ergonomic}
   size_t MaxHeapSize                              = 8992587776                                {product} {command line}
   size_t MaxNewSize                               = 5393874944                                {product} {ergonomic}
   size_t MinHeapDeltaBytes                        = 8388608                                   {product} {ergonomic}
   size_t MinHeapSize                              = 268435456                                 {product} {command line}
    uintx NonNMethodCodeHeapSize                   = 7602480                                {pd product} {ergonomic}
    uintx NonProfiledCodeHeapSize                  = 122027880                              {pd product} {ergonomic}
    uintx ProfiledCodeHeapSize                     = 122027880                              {pd product} {ergonomic}
    uintx ReservedCodeCacheSize                    = 251658240                              {pd product} {ergonomic}
     bool SegmentedCodeCache                       = true                                      {product} {ergonomic}
   size_t SoftMaxHeapSize                          = 8992587776                             {manageable} {ergonomic}
     intx ThreadStackSize                          = 1024                                   {pd product} {command line}
     bool UseCompressedClassPointers               = true                           {product lp64_product} {ergonomic}
     bool UseCompressedOops                        = true                           {product lp64_product} {ergonomic}
     bool UseG1GC                                  = true                                      {product} {ergonomic}
     bool UseLargePagesIndividualAllocation        = false                                  {pd product} {ergonomic}

Logging:
Log output configuration:
 #0: stdout all=warning uptime,level,tags
 #1: stderr all=off uptime,level,tags

Environment Variables:
PATH=C:\Program Files\Meta Horizon\Support\oculus-runtime;C:\Java Versions\bin;C:\Program Files\Common Files\Oracle\Java\javapath;C:\WINDOWS\system32;C:\WINDOWS;C:\WINDOWS\System32\Wbem;C:\WINDOWS\System32\WindowsPowerShell\v1.0\;C:\WINDOWS\System32\OpenSSH\;C:\Program Files\dotnet\;C:\Program Files\Git\cmd;C:\ProgramData\chocolatey\bin;E:\Autofirma\Autofirma;C:\Users\Antoine\AppData\Local\Programs\Python\Python314\Scripts\;C:\Users\Antoine\AppData\Local\Programs\Python\Python314\;C:\Users\Antoine\AppData\Local\Programs\Python\Launcher\;C:\Users\Antoine\AppData\Local\Microsoft\WindowsApps;C:\Users\Antoine\AppData\Local\Programs\Microsoft VS Code\bin;C:\ProgramData\Antoine\GitHubDesktop\bin;C:\Users\Antoine\AppData\Local\GitHubDesktop\bin
USERNAME=Antoine
OS=Windows_NT
PROCESSOR_IDENTIFIER=AMD64 Family 25 Model 80 Stepping 0, AuthenticAMD
TMP=C:\Users\Antoine\AppData\Local\Temp
TEMP=C:\Users\Antoine\AppData\Local\Temp



Periodic native trim disabled


---------------  S Y S T E M  ---------------

OS:
 Windows 11 , 64 bit Build 26100 (10.0.26100.8521)
OS uptime: 0 days 8:08 hours

CPU: total 16 (initial active 16) (16 cores per cpu, 2 threads per core) family 25 model 80 stepping 0 microcode 0xa50000c, cx8, cmov, fxsr, ht, mmx, 3dnowpref, sse, sse2, sse3, ssse3, sse4a, sse4.1, sse4.2, popcnt, lzcnt, tsc, tscinvbit, avx, avx2, aes, erms, clmul, bmi1, bmi2, adx, sha, fma, vzeroupper, clflush, clflushopt
Processor Information for processor 0
  Max Mhz: 3301, Current Mhz: 2652, Mhz Limit: 3301
Processor Information for processor 1
  Max Mhz: 3301, Current Mhz: 3301, Mhz Limit: 3301
Processor Information for processor 2
  Max Mhz: 3301, Current Mhz: 3301, Mhz Limit: 3301
Processor Information for processor 3
  Max Mhz: 3301, Current Mhz: 3301, Mhz Limit: 3301
Processor Information for processor 4
  Max Mhz: 3301, Current Mhz: 2652, Mhz Limit: 3301
Processor Information for processor 5
  Max Mhz: 3301, Current Mhz: 2652, Mhz Limit: 3301
Processor Information for processor 6
  Max Mhz: 3301, Current Mhz: 3301, Mhz Limit: 3301
Processor Information for processor 7
  Max Mhz: 3301, Current Mhz: 2652, Mhz Limit: 3301
Processor Information for processor 8
  Max Mhz: 3301, Current Mhz: 3301, Mhz Limit: 3301
Processor Information for processor 9
  Max Mhz: 3301, Current Mhz: 3301, Mhz Limit: 3301
Processor Information for processor 10
  Max Mhz: 3301, Current Mhz: 2652, Mhz Limit: 3301
Processor Information for processor 11
  Max Mhz: 3301, Current Mhz: 2652, Mhz Limit: 3301
Processor Information for processor 12
  Max Mhz: 3301, Current Mhz: 3301, Mhz Limit: 3301
Processor Information for processor 13
  Max Mhz: 3301, Current Mhz: 3301, Mhz Limit: 3301
Processor Information for processor 14
  Max Mhz: 3301, Current Mhz: 3301, Mhz Limit: 3301
Processor Information for processor 15
  Max Mhz: 3301, Current Mhz: 2652, Mhz Limit: 3301

Memory: 4k page, system-wide physical 15776M (842M free)
TotalPageFile size 35232M (AvailPageFile size 5414M)
current process WorkingSet (physical memory assigned to process): 8207M, peak: 9117M
current process commit charge ("private bytes"): 14161M, peak: 14253M

vm_info: OpenJDK 64-Bit Server VM (17.0.14+7) for windows-amd64 JRE (17.0.14+7), built on Jan 21 2025 23:40:15 by "admin" with MS VC++ 17.7 (VS2022)

END.
