[00:00:00] [ftbbackups2_Worker-1/INFO]: Attempting to create an automatic backup
[00:00:00] [ftbbackups2_Worker-1/INFO]: Found world folder at C:\Users\Antoine\curseforge\minecraft\Instances\Servidor de Aventuras - Season 2\saves\New World (1)\.
[00:00:01] [ftbbackups2_Worker-1/INFO]: Last backup size: 43.7MB Current world size: 120.8MB Current Available space: 194.0GB ExpectedSize 45.9MB
[00:00:01] [ftbbackups2_Worker-1/INFO]: Setting world minecraft:overworld save state to true
[00:00:01] [ftbbackups2_Worker-1/INFO]: Setting world timelessprison:timeless_dimension save state to true
[00:00:01] [ftbbackups2_Worker-1/INFO]: Setting world mofus_better_end_:broken_constellation save state to true
[00:00:01] [ftbbackups2_Worker-1/INFO]: Setting world minecraft:the_nether save state to true
[00:00:01] [ftbbackups2_Worker-1/INFO]: Setting world minecells:promenade save state to true
[00:00:01] [ftbbackups2_Worker-1/INFO]: Setting world sras:amphoreus save state to true
[00:00:01] [ftbbackups2_Worker-1/INFO]: Setting world irons_spellbooks:pocket_dimension save state to true
[00:00:01] [ftbbackups2_Worker-1/INFO]: Setting world minecells:prison save state to true
[00:00:01] [ftbbackups2_Worker-1/INFO]: Setting world minecells:black_bridge save state to true
[00:00:01] [ftbbackups2_Worker-1/INFO]: Setting world roaring:dark_world save state to true
[00:00:01] [ftbbackups2_Worker-1/INFO]: Setting world minecells:insufferable_crypt save state to true
[00:00:01] [ftbbackups2_Worker-1/INFO]: Setting world rpg_style_more_bosses:second_dimention save state to true
[00:00:01] [ftbbackups2_Worker-1/INFO]: Setting world bossesunleashed:celestial_field save state to true
[00:00:01] [ftbbackups2_Worker-1/INFO]: Setting world minecraft:the_end save state to true
[00:00:01] [ftbbackups2_Worker-1/INFO]: Setting world minecraft_121_update:boss_room save state to true
[00:00:01] [ftbbackups2_Worker-1/INFO]: Setting world minecells:ramparts save state to true
[00:00:01] [ftbbackups2_Worker-1/INFO]: Setting world macabre:the_pit save state to true
[00:00:01] [ftbbackups2_Worker-1/INFO]: Setting world macabre:limbo save state to true
[00:00:01] [ftbbackups2_Worker-1/INFO]: Setting world sras:grand_theatre save state to true
[00:00:01] [ftbbackups2_Worker-1/INFO]: Writing to file C:\Users\Antoine\curseforge\minecraft\Instances\Servidor de Aventuras - Season 2\backups\backups.json
[00:00:01] [FTB Backups backup thread 0/INFO]: Waiting for world save to complete.
[00:00:01] [Render thread/INFO]: [System] [CHAT] Starting Server backup
[00:00:02] [FTB Backups backup thread 0/INFO]: Detected MC Version 1.20.1, Data version 3465
[00:00:02] [FTB Backups backup thread 0/INFO]: Save Name: New World
[00:00:02] [FTB Backups backup thread 0/WARN]: Found possible mod dimension with no region folder bossesunleashed:celestial_field
[00:00:02] [FTB Backups backup thread 0/WARN]: Found possible mod dimension with no region folder macabre:limbo
[00:00:02] [FTB Backups backup thread 0/WARN]: Found possible mod dimension with no region folder macabre:the_pit
[00:00:02] [FTB Backups backup thread 0/WARN]: Found possible mod dimension with no region folder minecells:black_bridge
[00:00:02] [FTB Backups backup thread 0/WARN]: Found possible mod dimension with no region folder minecells:insufferable_crypt
[00:00:02] [FTB Backups backup thread 0/WARN]: Found possible mod dimension with no region folder minecells:prison
[00:00:02] [FTB Backups backup thread 0/WARN]: Found possible mod dimension with no region folder minecells:promenade
[00:00:02] [FTB Backups backup thread 0/WARN]: Found possible mod dimension with no region folder minecells:ramparts
[00:00:02] [FTB Backups backup thread 0/WARN]: Found possible mod dimension with no region folder minecraft_121_update:boss_room
[00:00:02] [FTB Backups backup thread 0/WARN]: Found possible mod dimension with no region folder mofus_better_end_:broken_constellation
[00:00:02] [FTB Backups backup thread 0/WARN]: Found possible mod dimension with no region folder roaring:dark_world
[00:00:02] [FTB Backups backup thread 0/WARN]: Found possible mod dimension with no region folder rpg_style_more_bosses:second_dimention
[00:00:02] [FTB Backups backup thread 0/WARN]: Found possible mod dimension with no region folder sras:amphoreus
[00:00:02] [FTB Backups backup thread 0/WARN]: Found possible mod dimension with no region folder timelessprison:timeless_dimension
[00:00:05] [FTB Backups backup thread 0/INFO]: Backup preview created, Scan took 742ms, Capture took 2106ms
[00:00:09] [FTB Backups backup thread 0/INFO]: Setting world minecraft:overworld save state to false
[00:00:09] [FTB Backups backup thread 0/INFO]: Setting world timelessprison:timeless_dimension save state to false
[00:00:09] [FTB Backups backup thread 0/INFO]: Setting world mofus_better_end_:broken_constellation save state to false
[00:00:09] [FTB Backups backup thread 0/INFO]: Setting world minecraft:the_nether save state to false
[00:00:09] [FTB Backups backup thread 0/INFO]: Setting world minecells:promenade save state to false
[00:00:09] [FTB Backups backup thread 0/INFO]: Setting world sras:amphoreus save state to false
[00:00:09] [FTB Backups backup thread 0/INFO]: Setting world irons_spellbooks:pocket_dimension save state to false
[00:00:09] [FTB Backups backup thread 0/INFO]: Setting world minecells:prison save state to false
[00:00:09] [FTB Backups backup thread 0/INFO]: Setting world minecells:black_bridge save state to false
[00:00:09] [FTB Backups backup thread 0/INFO]: Setting world roaring:dark_world save state to false
[00:00:09] [FTB Backups backup thread 0/INFO]: Setting world minecells:insufferable_crypt save state to false
[00:00:09] [FTB Backups backup thread 0/INFO]: Setting world rpg_style_more_bosses:second_dimention save state to false
[00:00:09] [FTB Backups backup thread 0/INFO]: Setting world bossesunleashed:celestial_field save state to false
[00:00:09] [FTB Backups backup thread 0/INFO]: Setting world minecraft:the_end save state to false
[00:00:09] [FTB Backups backup thread 0/INFO]: Setting world minecraft_121_update:boss_room save state to false
[00:00:09] [FTB Backups backup thread 0/INFO]: Setting world minecells:ramparts save state to false
[00:00:09] [FTB Backups backup thread 0/INFO]: Setting world macabre:the_pit save state to false
[00:00:09] [FTB Backups backup thread 0/INFO]: Setting world macabre:limbo save state to false
[00:00:09] [FTB Backups backup thread 0/INFO]: Setting world sras:grand_theatre save state to false
[00:00:09] [Render thread/INFO]: [System] [CHAT] Backup finished in 0m, 8s, 505ms
[00:00:09] [FTB Backups backup thread 0/INFO]: Backup size 43.7MB World Size 120.8MB
[00:00:09] [FTB Backups backup thread 0/INFO]: Writing to file C:\Users\Antoine\curseforge\minecraft\Instances\Servidor de Aventuras - Season 2\backups\backups.json
[00:00:09] [FTB Backups backup thread 0/INFO]: New backup created at C:\Users\Antoine\curseforge\minecraft\Instances\Servidor de Aventuras - Season 2\backups\2026-6-21_0-0-0.zip size: 43.7MB Took: 0m, 8s, 505ms Sha1: ff2af21ae8b25fc4b8b90b88b9056e39fad6ae5a
[00:00:19] [Render thread/INFO]: [ChunkLoadProbe] cache_center round=2, chunk=(-1, 4), sinceTpMs=12345863
[00:00:21] [Render thread/INFO]: [ChunkLoadProbe] cache_center round=2, chunk=(-1, 5), sinceTpMs=12348414
[00:00:22] [Render thread/INFO]: [ChunkLoadProbe] cache_center round=2, chunk=(-1, 4), sinceTpMs=12349361
[00:00:30] [FTB Backups scheduled executor 0/INFO]: More backups than 5 found, Removing oldest backup
[00:00:30] [FTB Backups scheduled executor 0/INFO]: Removed old backup 2026-6-20_20-30-0.zip
[00:00:30] [FTB Backups scheduled executor 0/INFO]: File missing, removing from backups C:\Users\Antoine\curseforge\minecraft\Instances\Servidor de Aventuras - Season 2\backups\2026-6-20_20-30-0.zip
[00:00:30] [FTB Backups scheduled executor 0/INFO]: Writing to file C:\Users\Antoine\curseforge\minecraft\Instances\Servidor de Aventuras - Season 2\backups\backups.json
[00:00:30] [Render thread/INFO]: [ChunkLoadProbe] cache_center round=2, chunk=(-1, 5), sinceTpMs=12357411
[00:00:31] [Render thread/INFO]: [ChunkLoadProbe] cache_center round=2, chunk=(-1, 4), sinceTpMs=12357867
[00:00:38] [Render thread/INFO]: [ChunkLoadProbe] cache_center round=2, chunk=(0, 4), sinceTpMs=12365615
[00:00:44] [Render thread/INFO]: [ChunkLoadProbe] cache_center round=2, chunk=(-1, 4), sinceTpMs=12371108
[00:00:44] [Render thread/INFO]: [ChunkLoadProbe] cache_center round=2, chunk=(0, 4), sinceTpMs=12371613
[00:00:46] [Render thread/INFO]: [ChunkLoadProbe] cache_center round=2, chunk=(-1, 4), sinceTpMs=12373013
[00:00:47] [Render thread/INFO]: [ChunkLoadProbe] cache_center round=2, chunk=(-1, 3), sinceTpMs=12374463
[00:00:52] [Render thread/INFO]: [ChunkLoadProbe] cache_center round=2, chunk=(-2, 3), sinceTpMs=12379219
[00:00:55] [Render thread/INFO]: [System] [CHAT] First position set to (-17, -61, 61) (240).
[00:00:55] [Render thread/INFO]: [ChunkLoadProbe] cache_center round=2, chunk=(-1, 3), sinceTpMs=12382382
[00:00:55] [Render thread/INFO]: [ChunkLoadProbe] cache_center round=2, chunk=(-1, 4), sinceTpMs=12382611
[00:00:57] [Render thread/INFO]: [ChunkLoadProbe] cache_center round=2, chunk=(0, 4), sinceTpMs=12383712
[00:00:57] [Render thread/INFO]: [System] [CHAT] Second position set to (2, -61, 78) (360).
[00:01:03] [Render thread/INFO]: [System] [CHAT] 76 blocks have been changed.
[00:01:04] [Render thread/INFO]: [ChunkLoadProbe] cache_center round=2, chunk=(-1, 4), sinceTpMs=12391113
[00:01:05] [Render thread/INFO]: [ChunkLoadProbe] cache_center round=2, chunk=(-1, 4), sinceTpMs=12391965
[00:01:08] [Render thread/INFO]: [ChunkLoadProbe] cache_center round=2, chunk=(-1, 4), sinceTpMs=12394708
[00:01:08] [Render thread/INFO]: [ChunkLoadProbe] cache_center round=2, chunk=(0, 4), sinceTpMs=12395367
[00:01:09] [Render thread/INFO]: [ChunkLoadProbe] cache_center round=2, chunk=(0, 3), sinceTpMs=12395762
[00:01:10] [Render thread/INFO]: [ChunkLoadProbe] cache_center round=2, chunk=(0, 4), sinceTpMs=12396718
[00:01:10] [Render thread/INFO]: [ChunkLoadProbe] cache_center round=2, chunk=(0, 3), sinceTpMs=12397118
[00:01:11] [Render thread/INFO]: [System] [CHAT] First position set to (2, -61, 62) (17).
[00:01:11] [Render thread/INFO]: [ChunkLoadProbe] cache_center round=2, chunk=(-1, 3), sinceTpMs=12398563
[00:01:13] [Render thread/INFO]: [System] [CHAT] Second position set to (-17, -61, 62) (20).
[00:01:14] [Render thread/INFO]: [System] [CHAT] 42 blocks have been changed.
[00:01:15] [Render thread/INFO]: [System] [CHAT] First position set to (-17, -61, 61) (2).
[00:01:16] [Render thread/INFO]: [ChunkLoadProbe] cache_center round=2, chunk=(0, 3), sinceTpMs=12403265
[00:01:17] [Render thread/INFO]: [System] [CHAT] Second position set to (2, -61, 61) (20).
[00:01:19] [Render thread/INFO]: [System] [CHAT] 42 blocks have been changed.
[00:01:22] [Render thread/INFO]: [System] [CHAT] 42 blocks have been changed.
[00:01:24] [Render thread/INFO]: [ChunkLoadProbe] cache_center round=2, chunk=(0, 4), sinceTpMs=12410819
[00:01:25] [Render thread/INFO]: [ChunkLoadProbe] cache_center round=2, chunk=(-1, 4), sinceTpMs=12411713
[00:01:25] [Render thread/INFO]: [ChunkLoadProbe] cache_center round=2, chunk=(-1, 4), sinceTpMs=12411809
[00:01:30] [Render thread/INFO]: [ChunkLoadProbe] cache_center round=2, chunk=(-1, 4), sinceTpMs=12417544
[00:01:30] [Render thread/INFO]: [ChunkLoadProbe] cache_center round=2, chunk=(0, 4), sinceTpMs=12417582
[00:01:32] [Render thread/INFO]: [ChunkLoadProbe] cache_center round=2, chunk=(-1, 4), sinceTpMs=12419013
[00:01:37] [Render thread/INFO]: [ChunkLoadProbe] cache_center round=2, chunk=(-2, 4), sinceTpMs=12424359
[00:01:37] [Render thread/INFO]: [ChunkLoadProbe] cache_center round=2, chunk=(-1, 4), sinceTpMs=12424616
[00:01:39] [Render thread/INFO]: [ChunkLoadProbe] cache_center round=2, chunk=(-2, 4), sinceTpMs=12426463
[00:01:41] [Render thread/INFO]: [ChunkLoadProbe] cache_center round=2, chunk=(-1, 4), sinceTpMs=12427768
[00:01:52] [Render thread/INFO]: [ChunkLoadProbe] cache_center round=2, chunk=(-1, 5), sinceTpMs=12438759
[00:01:52] [Render thread/INFO]: [ChunkLoadProbe] cache_center round=2, chunk=(-2, 5), sinceTpMs=12439110
[00:01:52] [Render thread/INFO]: [ChunkLoadProbe] cache_center round=2, chunk=(-2, 4), sinceTpMs=12439314
[00:01:52] [Render thread/INFO]: [System] [CHAT] First position set to (-17, -61, 79) (380).
[00:01:53] [Render thread/INFO]: [ChunkLoadProbe] cache_center round=2, chunk=(-1, 4), sinceTpMs=12440166
[00:01:54] [Render thread/INFO]: [ChunkLoadProbe] cache_center round=2, chunk=(-1, 5), sinceTpMs=12440961
[00:01:54] [Render thread/INFO]: [ChunkLoadProbe] cache_center round=2, chunk=(0, 5), sinceTpMs=12441563
[00:01:55] [Render thread/INFO]: [System] [CHAT] Second position set to (2, -61, 79) (20).
[00:01:56] [Render thread/INFO]: [System] [CHAT] 42 blocks have been changed.
[00:01:58] [Render thread/INFO]: [System] [CHAT] 42 blocks have been changed.
[00:01:58] [Render thread/INFO]: [ChunkLoadProbe] cache_center round=2, chunk=(0, 4), sinceTpMs=12445322
[00:01:59] [Render thread/INFO]: [System] [CHAT] First position set to (1, -61, 78) (4).
[00:02:00] [Render thread/INFO]: [ChunkLoadProbe] cache_center round=2, chunk=(-1, 4), sinceTpMs=12446673
[00:02:00] [Render thread/INFO]: [ChunkLoadProbe] cache_center round=2, chunk=(-1, 5), sinceTpMs=12447163
[00:02:01] [Render thread/INFO]: [ChunkLoadProbe] cache_center round=2, chunk=(-1, 4), sinceTpMs=12447719
[00:02:01] [Render thread/INFO]: [System] [CHAT] Second position set to (-16, -61, 78) (18).
[00:02:02] [Render thread/INFO]: [ChunkLoadProbe] cache_center round=2, chunk=(-2, 4), sinceTpMs=12449317
[00:02:03] [Render thread/INFO]: [System] [CHAT] 38 blocks have been changed.
[00:02:03] [Render thread/INFO]: [ChunkLoadProbe] cache_center round=2, chunk=(-1, 4), sinceTpMs=12449961
[00:02:03] [Render thread/INFO]: [ChunkLoadProbe] cache_center round=2, chunk=(-2, 4), sinceTpMs=12450260
[00:02:04] [Render thread/INFO]: [ChunkLoadProbe] cache_center round=2, chunk=(-2, 3), sinceTpMs=12451063
[00:02:05] [Render thread/INFO]: [System] [CHAT] First position set to (-17, -61, 61) (36).
[00:02:05] [Render thread/INFO]: [ChunkLoadProbe] cache_center round=2, chunk=(-1, 3), sinceTpMs=12452366
[00:02:07] [Render thread/INFO]: [System] [CHAT] Second position set to (2, -61, 61) (20).
[00:02:09] [Render thread/INFO]: [System] [CHAT] 42 blocks have been changed.
[00:02:10] [Render thread/INFO]: [System] [CHAT] First position set to (1, -61, 62) (4).
[00:02:12] [Render thread/INFO]: [System] [CHAT] Second position set to (-16, -61, 62) (18).
[00:02:13] [Render thread/INFO]: [System] [CHAT] 38 blocks have been changed.
[00:02:15] [Render thread/INFO]: [ChunkLoadProbe] cache_center round=2, chunk=(-1, 4), sinceTpMs=12461712
[00:02:15] [Render thread/INFO]: [ChunkLoadProbe] cache_center round=2, chunk=(-1, 4), sinceTpMs=12462209
[00:02:19] [Render thread/INFO]: [ChunkLoadProbe] cache_center round=2, chunk=(-1, 4), sinceTpMs=12466010
[00:02:20] [Render thread/INFO]: [ChunkLoadProbe] cache_center round=2, chunk=(0, 4), sinceTpMs=12467067
[00:02:21] [Render thread/INFO]: [ChunkLoadProbe] cache_center round=2, chunk=(0, 5), sinceTpMs=12468076
[00:02:23] [Render thread/INFO]: [System] [CHAT] First position set to (3, -61, 79) (360).
[00:02:23] [Render thread/INFO]: [ChunkLoadProbe] cache_center round=2, chunk=(0, 4), sinceTpMs=12470220
[00:02:24] [Render thread/INFO]: [ChunkLoadProbe] cache_center round=2, chunk=(0, 3), sinceTpMs=12471360
[00:02:25] [Render thread/INFO]: [System] [CHAT] Second position set to (3, -61, 61) (19).
[00:02:27] [Render thread/INFO]: [System] [CHAT] 40 blocks have been changed.
[00:02:28] [Render thread/INFO]: [System] [CHAT] First position set to (2, -61, 62) (4).
[00:02:28] [Render thread/INFO]: [ChunkLoadProbe] cache_center round=2, chunk=(0, 4), sinceTpMs=12474965
[00:02:29] [Render thread/INFO]: [System] [CHAT] Second position set to (2, -61, 77) (16).
[00:02:31] [Render thread/INFO]: [System] [CHAT] 34 blocks have been changed.
[00:02:32] [Render thread/INFO]: [System] [CHAT] 34 blocks have been changed.
[00:02:36] [Render thread/INFO]: [ChunkLoadProbe] cache_center round=2, chunk=(-1, 4), sinceTpMs=12482713
[00:02:37] [Render thread/INFO]: [ChunkLoadProbe] cache_center round=2, chunk=(-1, 4), sinceTpMs=12483815
[00:02:53] [Render thread/INFO]: [ChunkLoadProbe] cache_center round=2, chunk=(-1, 3), sinceTpMs=12499760
[00:03:06] [Render thread/INFO]: [ChunkLoadProbe] cache_center round=2, chunk=(-1, 3), sinceTpMs=12512917
[00:03:11] [Render thread/INFO]: [ChunkLoadProbe] cache_center round=2, chunk=(-1, 4), sinceTpMs=12518013
[00:03:12] [Render thread/INFO]: [ChunkLoadProbe] cache_center round=2, chunk=(-1, 4), sinceTpMs=12519021
[00:03:13] [Render thread/INFO]: [ChunkLoadProbe] cache_center round=2, chunk=(-1, 4), sinceTpMs=12519981
[00:03:15] [Render thread/INFO]: [ChunkLoadProbe] cache_center round=2, chunk=(-1, 3), sinceTpMs=12521768
[00:03:30] [Render thread/INFO]: [ChunkLoadProbe] cache_center round=2, chunk=(-1, 4), sinceTpMs=12536620
[00:03:43] [Render thread/INFO]: [System] [CHAT] 392 blocks have been created.
[00:03:45] [Render thread/INFO]: [ChunkLoadProbe] cache_center round=2, chunk=(-1, 4), sinceTpMs=12551664
[00:03:45] [Render thread/INFO]: [ChunkLoadProbe] cache_center round=2, chunk=(-1, 4), sinceTpMs=12552365
[00:03:46] [Render thread/INFO]: [ChunkLoadProbe] cache_center round=2, chunk=(-2, 4), sinceTpMs=12552660
[00:03:48] [Render thread/INFO]: [ChunkLoadProbe] cache_center round=2, chunk=(-2, 4), sinceTpMs=12555212
[00:03:49] [Render thread/INFO]: [ChunkLoadProbe] cache_center round=2, chunk=(-1, 4), sinceTpMs=12555721
[00:03:52] [Render thread/INFO]: [System] [CHAT] Undid 1 available edits.
[00:03:53] [Render thread/INFO]: [ChunkLoadProbe] cache_center round=2, chunk=(-1, 4), sinceTpMs=12560227
[00:03:57] [Render thread/INFO]: [System] [CHAT] First position set to (-7, -59, 70) (240).
[00:03:58] [Render thread/INFO]: [ChunkLoadProbe] cache_center round=2, chunk=(-1, 3), sinceTpMs=12564812
[00:04:01] [Render thread/INFO]: [System] [CHAT] Second position set to (-9, -61, 58) (117).
[00:04:04] [Render thread/INFO]: [System] [CHAT] Second position set to (-7, -59, 58) (13).
[00:04:05] [Render thread/INFO]: [ChunkLoadProbe] cache_center round=2, chunk=(-1, 4), sinceTpMs=12571959
[00:04:07] [Render thread/INFO]: [System] [CHAT] 28 blocks have been changed.
[00:04:17] [Render thread/INFO]: [System] [CHAT] 2676 blocks have been created.
[00:04:19] [Render thread/INFO]: [ChunkLoadProbe] cache_center round=2, chunk=(-1, 4), sinceTpMs=12586368
[00:04:20] [Render thread/INFO]: [ChunkLoadProbe] cache_center round=2, chunk=(-2, 4), sinceTpMs=12586874
[00:04:20] [Render thread/INFO]: [ChunkLoadProbe] cache_center round=2, chunk=(-2, 3), sinceTpMs=12587318
[00:04:21] [Render thread/INFO]: [ChunkLoadProbe] cache_center round=2, chunk=(-3, 3), sinceTpMs=12587710
[00:04:24] [Render thread/INFO]: [ChunkLoadProbe] cache_center round=2, chunk=(-2, 3), sinceTpMs=12590663
[00:04:26] [Render thread/INFO]: [System] [CHAT] Undid 1 available edits.
[00:04:26] [Render thread/INFO]: [ChunkLoadProbe] block_entity_progress round=2, count=5, sinceTpMs=12592976, firstChunkMs=1, firstBlockEntityMs=8984712, type=sophisticatedstorage:chest, block=(13, -58, 88), chunk=(0, 5), inWindow=true, receivedWindow=288/289, ignoredBlockEntities=0
[00:04:26] [Render thread/INFO]: [ChunkLoadProbe] block_entity_progress round=2, count=6, sinceTpMs=12592977, firstChunkMs=1, firstBlockEntityMs=8984712, type=sophisticatedstorage:chest, block=(13, -58, 90), chunk=(0, 5), inWindow=true, receivedWindow=288/289, ignoredBlockEntities=0
[00:04:26] [Render thread/INFO]: [ChunkLoadProbe] block_entity_progress round=2, count=7, sinceTpMs=12592977, firstChunkMs=1, firstBlockEntityMs=8984712, type=sophisticatedstorage:chest, block=(2, -58, 83), chunk=(0, 5), inWindow=true, receivedWindow=288/289, ignoredBlockEntities=0
[00:04:26] [Render thread/INFO]: [ChunkLoadProbe] block_entity_progress round=2, count=8, sinceTpMs=12592977, firstChunkMs=1, firstBlockEntityMs=8984712, type=sophisticatedstorage:chest, block=(6, -58, 83), chunk=(0, 5), inWindow=true, receivedWindow=288/289, ignoredBlockEntities=0
[00:04:26] [Render thread/INFO]: [ChunkLoadProbe] block_entity_progress round=2, count=9, sinceTpMs=12592977, firstChunkMs=1, firstBlockEntityMs=8984712, type=sophisticatedstorage:chest, block=(1, -58, 83), chunk=(0, 5), inWindow=true, receivedWindow=288/289, ignoredBlockEntities=0
[00:04:26] [Render thread/INFO]: [ChunkLoadProbe] block_entity_progress round=2, count=10, sinceTpMs=12592977, firstChunkMs=1, firstBlockEntityMs=8984712, type=sophisticatedstorage:chest, block=(5, -58, 83), chunk=(0, 5), inWindow=true, receivedWindow=288/289, ignoredBlockEntities=0
[00:04:26] [Render thread/INFO]: [ChunkLoadProbe] block_entity_progress round=2, count=11, sinceTpMs=12592977, firstChunkMs=1, firstBlockEntityMs=8984712, type=sophisticatedstorage:chest, block=(4, -58, 83), chunk=(0, 5), inWindow=true, receivedWindow=288/289, ignoredBlockEntities=0
[00:04:26] [Render thread/INFO]: [ChunkLoadProbe] block_entity_progress round=2, count=12, sinceTpMs=12592978, firstChunkMs=1, firstBlockEntityMs=8984712, type=sophisticatedstorage:chest, block=(13, -58, 87), chunk=(0, 5), inWindow=true, receivedWindow=288/289, ignoredBlockEntities=0
[00:04:26] [Render thread/INFO]: [ChunkLoadProbe] block_entity_progress round=2, count=13, sinceTpMs=12592978, firstChunkMs=1, firstBlockEntityMs=8984712, type=sophisticatedstorage:chest, block=(3, -58, 83), chunk=(0, 5), inWindow=true, receivedWindow=288/289, ignoredBlockEntities=0
[00:04:26] [Render thread/INFO]: [ChunkLoadProbe] block_entity_progress round=2, count=14, sinceTpMs=12592978, firstChunkMs=1, firstBlockEntityMs=8984712, type=sophisticatedstorage:chest, block=(13, -58, 86), chunk=(0, 5), inWindow=true, receivedWindow=288/289, ignoredBlockEntities=0
[00:04:27] [Render thread/INFO]: [ChunkLoadProbe] cache_center round=2, chunk=(-2, 4), sinceTpMs=12594121
[00:04:27] [Render thread/INFO]: [ChunkLoadProbe] cache_center round=2, chunk=(-1, 4), sinceTpMs=12594320
[00:04:33] [Render thread/INFO]: [System] [CHAT] 724 blocks have been created.
[00:04:34] [Render thread/INFO]: [ChunkLoadProbe] cache_center round=2, chunk=(-1, 3), sinceTpMs=12601567
[00:04:43] [Render thread/INFO]: [System] [CHAT] Undid 1 available edits.
[00:04:43] [Render thread/INFO]: [ChunkLoadProbe] cache_center round=2, chunk=(-1, 4), sinceTpMs=12610572
[00:04:48] [Render thread/INFO]: [System] [CHAT] 540 blocks have been created.
[00:04:53] [Render thread/INFO]: [System] [CHAT] Undid 1 available edits.
[00:04:59] [Render thread/INFO]: [System] [CHAT] 540 blocks have been created.
[00:05:02] [Render thread/INFO]: [ChunkLoadProbe] cache_center round=2, chunk=(-2, 4), sinceTpMs=12629170
[00:05:04] [Render thread/INFO]: [System] [CHAT] Undid 1 available edits.
[00:05:05] [Render thread/INFO]: [ChunkLoadProbe] cache_center round=2, chunk=(-1, 4), sinceTpMs=12632212
[00:05:11] [Render thread/INFO]: [System] [CHAT] 540 blocks have been created.
[00:05:13] [Render thread/INFO]: [System] [CHAT] Undid 1 available edits.
[00:05:16] [Render thread/INFO]: [System] [CHAT] 540 blocks have been created.
[00:05:18] [Render thread/INFO]: [System] [CHAT] Undid 1 available edits.
[00:05:24] [Render thread/INFO]: [System] [CHAT] 540 blocks have been created.
[00:05:27] [Render thread/INFO]: [System] [CHAT] Undid 1 available edits.
[00:05:29] [Render thread/INFO]: [System] [CHAT] 540 blocks have been created.
[00:05:31] [Render thread/INFO]: [ChunkLoadProbe] cache_center round=2, chunk=(-1, 5), sinceTpMs=12658259
[00:05:44] [Render thread/INFO]: [ChunkLoadProbe] cache_center round=2, chunk=(-1, 4), sinceTpMs=12670770
[00:05:46] [Render thread/INFO]: [ChunkLoadProbe] cache_center round=2, chunk=(-2, 4), sinceTpMs=12673161
[00:05:50] [Render thread/INFO]: [ChunkLoadProbe] cache_center round=2, chunk=(-1, 4), sinceTpMs=12677169
[00:05:51] [Render thread/INFO]: [ChunkLoadProbe] cache_center round=2, chunk=(-1, 3), sinceTpMs=12678568
[00:05:57] [Render thread/INFO]: [ChunkLoadProbe] cache_center round=2, chunk=(0, 3), sinceTpMs=12684262
[00:05:58] [Render thread/INFO]: [ChunkLoadProbe] cache_center round=2, chunk=(0, 4), sinceTpMs=12685013
[00:06:05] [Render thread/INFO]: [ChunkLoadProbe] cache_center round=2, chunk=(0, 5), sinceTpMs=12691809
[00:06:05] [Render thread/INFO]: [ChunkLoadProbe] cache_center round=2, chunk=(-1, 5), sinceTpMs=12692110
[00:06:05] [Render thread/INFO]: [ChunkLoadProbe] cache_center round=2, chunk=(0, 5), sinceTpMs=12692510
[00:06:07] [Render thread/INFO]: [ChunkLoadProbe] cache_center round=2, chunk=(0, 4), sinceTpMs=12693874
[00:06:07] [Render thread/INFO]: [ChunkLoadProbe] cache_center round=2, chunk=(-1, 4), sinceTpMs=12693926
[00:06:07] [Render thread/INFO]: [ChunkLoadProbe] cache_center round=2, chunk=(-1, 5), sinceTpMs=12694024
[00:06:14] [Render thread/INFO]: [ChunkLoadProbe] cache_center round=2, chunk=(-1, 4), sinceTpMs=12701215
[00:06:27] [Render thread/INFO]: [System] [CHAT] 468 blocks have been created.
[00:06:33] [Render thread/INFO]: [System] [CHAT] Undid 1 available edits.
[00:06:39] [Render thread/INFO]: [System] [CHAT] 468 blocks have been created.
[00:06:41] [Render thread/INFO]: [System] [CHAT] Undid 1 available edits.
[00:06:43] [Render thread/INFO]: [System] [CHAT] 468 blocks have been created.
[00:06:47] [Render thread/INFO]: [System] [CHAT] Undid 1 available edits.
[00:06:56] [Render thread/INFO]: Loaded 1280 advancements
[00:06:59] [Render thread/INFO]: [System] [CHAT] 468 blocks have been created.
[00:07:02] [Render thread/INFO]: [System] [CHAT] Undid 1 available edits.
[00:07:11] [Render thread/INFO]: [ChunkLoadProbe] cache_center round=2, chunk=(-1, 4), sinceTpMs=12758125
[00:07:13] [Render thread/INFO]: [ChunkLoadProbe] cache_center round=2, chunk=(-1, 3), sinceTpMs=12759974
[00:07:13] [Render thread/INFO]: [ChunkLoadProbe] cache_center round=2, chunk=(-1, 4), sinceTpMs=12760609
[00:07:15] [Render thread/INFO]: [ChunkLoadProbe] cache_center round=2, chunk=(-1, 4), sinceTpMs=12761666
[00:07:16] [Render thread/INFO]: [ChunkLoadProbe] cache_center round=2, chunk=(-1, 5), sinceTpMs=12762659
[00:07:19] [Render thread/INFO]: [ChunkLoadProbe] cache_center round=2, chunk=(-1, 4), sinceTpMs=12766167
[00:07:20] [Render thread/INFO]: [ChunkLoadProbe] cache_center round=2, chunk=(-1, 4), sinceTpMs=12766774
[00:07:25] [Render thread/INFO]: [ChunkLoadProbe] cache_center round=2, chunk=(-1, 3), sinceTpMs=12771659
[00:07:25] [Render thread/INFO]: [ChunkLoadProbe] cache_center round=2, chunk=(-1, 3), sinceTpMs=12772216
[00:07:38] [Render thread/INFO]: [ChunkLoadProbe] cache_center round=2, chunk=(-1, 4), sinceTpMs=12785411
[00:07:40] [Render thread/INFO]: [ChunkLoadProbe] cache_center round=2, chunk=(-1, 5), sinceTpMs=12787363
[00:07:43] [Render thread/INFO]: [ChunkLoadProbe] cache_center round=2, chunk=(-1, 4), sinceTpMs=12790267
[00:07:45] [Render thread/INFO]: [ChunkLoadProbe] cache_center round=2, chunk=(-1, 3), sinceTpMs=12791912
[00:07:46] [Render thread/INFO]: [ChunkLoadProbe] cache_center round=2, chunk=(-1, 3), sinceTpMs=12793016
[00:07:47] [Render thread/INFO]: [ChunkLoadProbe] cache_center round=2, chunk=(-1, 4), sinceTpMs=12793915
[00:07:48] [Render thread/INFO]: [ChunkLoadProbe] cache_center round=2, chunk=(-2, 4), sinceTpMs=12794771
[00:07:48] [Render thread/INFO]: [ChunkLoadProbe] cache_center round=2, chunk=(-2, 4), sinceTpMs=12795565
[00:07:49] [Render thread/INFO]: [ChunkLoadProbe] cache_center round=2, chunk=(-2, 5), sinceTpMs=12796412
[00:07:50] [Render thread/INFO]: [ChunkLoadProbe] cache_center round=2, chunk=(-1, 5), sinceTpMs=12796621
[00:07:50] [Render thread/INFO]: [ChunkLoadProbe] cache_center round=2, chunk=(-1, 4), sinceTpMs=12796810
[00:07:50] [Render thread/INFO]: [ChunkLoadProbe] cache_center round=2, chunk=(-2, 4), sinceTpMs=12797514
[00:07:52] [Render thread/INFO]: [ChunkLoadProbe] cache_center round=2, chunk=(-1, 4), sinceTpMs=12798867
[00:07:53] [Render thread/INFO]: [ChunkLoadProbe] cache_center round=2, chunk=(-2, 4), sinceTpMs=12800475
[00:07:56] [Render thread/INFO]: [ChunkLoadProbe] cache_center round=2, chunk=(-1, 4), sinceTpMs=12803161
[00:07:57] [Render thread/INFO]: [ChunkLoadProbe] cache_center round=2, chunk=(-1, 5), sinceTpMs=12804564
[00:07:58] [Render thread/INFO]: [ChunkLoadProbe] cache_center round=2, chunk=(-1, 4), sinceTpMs=12805461
[00:07:59] [Render thread/INFO]: [ChunkLoadProbe] cache_center round=2, chunk=(-2, 4), sinceTpMs=12805818
[00:08:00] [Render thread/INFO]: [ChunkLoadProbe] cache_center round=2, chunk=(-1, 4), sinceTpMs=12806665
[00:08:00] [Render thread/INFO]: Listing events...
[00:08:00] [Render thread/INFO]: World join: 2
[00:08:00] [Render thread/INFO]:   Singleplayer: 2
[00:08:00] [Render thread/INFO]:   Multiplayer: 0
[00:08:00] [Render thread/INFO]: Client Level Updates: 5
[00:08:00] [Render thread/INFO]: Client Player Logout: 3
[00:08:00] [Render thread/INFO]: Server Player Logout: 1
[00:08:00] [Render thread/INFO]: Server Stopped: 1
[00:08:00] [Render thread/INFO]: Listing memory leaks so far...
[00:08:00] [Render thread/INFO]: B: 5022MB / C: 5086MB / Diff: +64MB
[00:08:00] [Render thread/INFO]: Memory Leaks detected: (/atl force_refresh to update)
[00:08:00] [Render thread/INFO]: | Player:
[00:08:00] [Render thread/INFO]: |- ServerPlayer (minecraft): 1
[00:08:00] [Render thread/INFO]: |- LocalPlayer (minecraft): 1
[00:08:00] [Render thread/INFO]: | Level:
[00:08:00] [Render thread/INFO]: |- ServerLevel (minecraft): 19
[00:08:00] [Render thread/INFO]: |- ClientLevel (minecraft): 1
[00:08:00] [Render thread/INFO]: | MinecraftServer:
[00:08:00] [Render thread/INFO]: |- IntegratedServer (minecraft): 1
[00:08:00] [Render thread/INFO]: | ChunkAccess:
[00:08:00] [Render thread/INFO]: |- LevelChunk (minecraft): 95
[00:08:08] [Render thread/INFO]: [ChunkLoadProbe] cache_center round=2, chunk=(-2, 4), sinceTpMs=12814811
[00:08:09] [Render thread/INFO]: [ChunkLoadProbe] cache_center round=2, chunk=(-1, 4), sinceTpMs=12816617
[00:08:10] [Render thread/INFO]: [ChunkLoadProbe] cache_center round=2, chunk=(-1, 4), sinceTpMs=12817510
[00:08:17] [Render thread/INFO]: [ChunkLoadProbe] cache_center round=2, chunk=(-1, 4), sinceTpMs=12824515
[00:08:19] [Render thread/INFO]: [ChunkLoadProbe] cache_center round=2, chunk=(-2, 4), sinceTpMs=12825962
[00:08:20] [Render thread/INFO]: [System] [CHAT] First position set to (-17, -59, 71) (154).
[00:08:20] [Render thread/INFO]: [ChunkLoadProbe] tp_start round=3, sinceCommandMs=-1, commandSequence=0, command=, packetPos=(-17.306387538719605, -58.26254977314029, 71.88636679405393), packetId=2, relative=[], playerPos=(-17.306387538719605, -58.26254977314029, 71.88636679405393), playerChunk=(-2, 4), center=(-2, 4), radius=8
[00:08:24] [Render thread/INFO]: [System] [CHAT] Undid 1 available edits.
[00:08:25] [Render thread/INFO]: [ChunkLoadProbe] cache_center round=3, chunk=(-1, 4), sinceTpMs=5657
[00:08:25] [Render thread/INFO]: [ChunkLoadProbe] first_chunk round=3, delayMs=5658, sinceCommandMs=-1, chunk=(5, -4), center=(-1, 4), radius=8, inWindow=true, receivedWindow=1/289
[00:08:25] [Render thread/INFO]: [ChunkLoadProbe] chunk_progress round=3, count=1, sinceTpMs=5658, firstChunkMs=5658, chunk=(5, -4), inWindow=true, receivedWindow=1/289, center=(-1, 4), radius=8
[00:08:26] [Render thread/INFO]: [ChunkLoadProbe] chunk_progress round=3, count=2, sinceTpMs=5660, firstChunkMs=5658, chunk=(5, 12), inWindow=true, receivedWindow=2/289, center=(-1, 4), radius=8
[00:08:26] [Render thread/INFO]: [ChunkLoadProbe] chunk_progress round=3, count=3, sinceTpMs=5660, firstChunkMs=5658, chunk=(6, -3), inWindow=true, receivedWindow=3/289, center=(-1, 4), radius=8
[00:08:26] [Render thread/INFO]: [ChunkLoadProbe] chunk_progress round=3, count=4, sinceTpMs=5660, firstChunkMs=5658, chunk=(6, 11), inWindow=true, receivedWindow=4/289, center=(-1, 4), radius=8
[00:08:26] [Render thread/INFO]: [ChunkLoadProbe] chunk_progress round=3, count=5, sinceTpMs=5667, firstChunkMs=5658, chunk=(7, 7), inWindow=true, receivedWindow=5/289, center=(-1, 4), radius=8
[00:08:26] [Render thread/INFO]: [ChunkLoadProbe] chunk_progress round=3, count=6, sinceTpMs=5669, firstChunkMs=5658, chunk=(7, 9), inWindow=true, receivedWindow=6/289, center=(-1, 4), radius=8
[00:08:26] [Render thread/INFO]: [ChunkLoadProbe] chunk_progress round=3, count=7, sinceTpMs=5670, firstChunkMs=5658, chunk=(7, 10), inWindow=true, receivedWindow=7/289, center=(-1, 4), radius=8
[00:08:26] [Render thread/INFO]: [ChunkLoadProbe] chunk_progress round=3, count=8, sinceTpMs=5671, firstChunkMs=5658, chunk=(7, 8), inWindow=true, receivedWindow=8/289, center=(-1, 4), radius=8
[00:08:26] [Render thread/INFO]: [ChunkLoadProbe] chunk_progress round=3, count=9, sinceTpMs=5671, firstChunkMs=5658, chunk=(7, 4), inWindow=true, receivedWindow=9/289, center=(-1, 4), radius=8
[00:08:26] [Render thread/INFO]: [ChunkLoadProbe] chunk_progress round=3, count=10, sinceTpMs=5672, firstChunkMs=5658, chunk=(7, 1), inWindow=true, receivedWindow=10/289, center=(-1, 4), radius=8
[00:08:26] [Render thread/INFO]: [ChunkLoadProbe] chunk_progress round=3, count=11, sinceTpMs=5672, firstChunkMs=5658, chunk=(7, 0), inWindow=true, receivedWindow=11/289, center=(-1, 4), radius=8
[00:08:26] [Render thread/INFO]: [ChunkLoadProbe] chunk_progress round=3, count=12, sinceTpMs=5672, firstChunkMs=5658, chunk=(7, 3), inWindow=true, receivedWindow=12/289, center=(-1, 4), radius=8
[00:08:26] [Render thread/INFO]: [ChunkLoadProbe] chunk_progress round=3, count=13, sinceTpMs=5672, firstChunkMs=5658, chunk=(7, 2), inWindow=true, receivedWindow=13/289, center=(-1, 4), radius=8
[00:08:26] [Render thread/INFO]: [ChunkLoadProbe] chunk_progress round=3, count=14, sinceTpMs=5672, firstChunkMs=5658, chunk=(7, -1), inWindow=true, receivedWindow=14/289, center=(-1, 4), radius=8
[00:08:26] [Render thread/INFO]: [ChunkLoadProbe] chunk_progress round=3, count=15, sinceTpMs=5672, firstChunkMs=5658, chunk=(7, 6), inWindow=true, receivedWindow=15/289, center=(-1, 4), radius=8
[00:08:26] [Render thread/INFO]: [ChunkLoadProbe] chunk_progress round=3, count=16, sinceTpMs=5672, firstChunkMs=5658, chunk=(7, 5), inWindow=true, receivedWindow=16/289, center=(-1, 4), radius=8
[00:08:26] [Render thread/INFO]: [ChunkLoadProbe] chunk_progress round=3, count=17, sinceTpMs=5672, firstChunkMs=5658, chunk=(7, -2), inWindow=true, receivedWindow=17/289, center=(-1, 4), radius=8
[00:08:34] [Render thread/INFO]: [ChunkLoadProbe] cache_center round=3, chunk=(-2, 4), sinceTpMs=14261
[00:08:34] [Render thread/INFO]: [ChunkLoadProbe] chunk_progress round=3, count=18, sinceTpMs=14262, firstChunkMs=5658, chunk=(-9, -3), inWindow=true, receivedWindow=5/289, center=(-2, 4), radius=8
[00:08:34] [Render thread/INFO]: [ChunkLoadProbe] chunk_progress round=3, count=19, sinceTpMs=14262, firstChunkMs=5658, chunk=(-9, 11), inWindow=true, receivedWindow=6/289, center=(-2, 4), radius=8
[00:08:34] [Render thread/INFO]: [ChunkLoadProbe] chunk_progress round=3, count=20, sinceTpMs=14262, firstChunkMs=5658, chunk=(-8, -4), inWindow=true, receivedWindow=7/289, center=(-2, 4), radius=8
[00:08:34] [Render thread/INFO]: [ChunkLoadProbe] chunk_progress round=3, count=21, sinceTpMs=14262, firstChunkMs=5658, chunk=(-8, 12), inWindow=true, receivedWindow=8/289, center=(-2, 4), radius=8
[00:08:34] [Render thread/INFO]: [ChunkLoadProbe] chunk_progress round=3, count=22, sinceTpMs=14272, firstChunkMs=5658, chunk=(-10, 2), inWindow=true, receivedWindow=9/289, center=(-2, 4), radius=8
[00:08:34] [Render thread/INFO]: [ChunkLoadProbe] chunk_progress round=3, count=23, sinceTpMs=14272, firstChunkMs=5658, chunk=(-10, 1), inWindow=true, receivedWindow=10/289, center=(-2, 4), radius=8
[00:08:34] [Render thread/INFO]: [ChunkLoadProbe] chunk_progress round=3, count=24, sinceTpMs=14272, firstChunkMs=5658, chunk=(-10, 0), inWindow=true, receivedWindow=11/289, center=(-2, 4), radius=8
[00:08:34] [Render thread/INFO]: [ChunkLoadProbe] chunk_progress round=3, count=25, sinceTpMs=14274, firstChunkMs=5658, chunk=(-10, -1), inWindow=true, receivedWindow=12/289, center=(-2, 4), radius=8
[00:08:34] [Render thread/INFO]: [ChunkLoadProbe] chunk_progress round=3, count=26, sinceTpMs=14274, firstChunkMs=5658, chunk=(-10, 3), inWindow=true, receivedWindow=13/289, center=(-2, 4), radius=8
[00:08:34] [Render thread/INFO]: [ChunkLoadProbe] chunk_progress round=3, count=27, sinceTpMs=14274, firstChunkMs=5658, chunk=(-10, 10), inWindow=true, receivedWindow=14/289, center=(-2, 4), radius=8
[00:08:34] [Render thread/INFO]: [ChunkLoadProbe] chunk_progress round=3, count=28, sinceTpMs=14274, firstChunkMs=5658, chunk=(-10, 9), inWindow=true, receivedWindow=15/289, center=(-2, 4), radius=8
[00:08:34] [Render thread/INFO]: [ChunkLoadProbe] chunk_progress round=3, count=29, sinceTpMs=14274, firstChunkMs=5658, chunk=(-10, 8), inWindow=true, receivedWindow=16/289, center=(-2, 4), radius=8
[00:08:34] [Render thread/INFO]: [ChunkLoadProbe] chunk_progress round=3, count=30, sinceTpMs=14274, firstChunkMs=5658, chunk=(-10, -2), inWindow=true, receivedWindow=17/289, center=(-2, 4), radius=8
[00:08:34] [Render thread/INFO]: [ChunkLoadProbe] chunk_progress round=3, count=31, sinceTpMs=14274, firstChunkMs=5658, chunk=(-10, 7), inWindow=true, receivedWindow=18/289, center=(-2, 4), radius=8
[00:08:34] [Render thread/INFO]: [ChunkLoadProbe] chunk_progress round=3, count=32, sinceTpMs=14274, firstChunkMs=5658, chunk=(-10, 6), inWindow=true, receivedWindow=19/289, center=(-2, 4), radius=8
[00:08:34] [Render thread/INFO]: [ChunkLoadProbe] cache_center round=3, chunk=(-2, 3), sinceTpMs=14455
[00:08:34] [Render thread/INFO]: [ChunkLoadProbe] chunk_progress round=3, count=48, sinceTpMs=14469, firstChunkMs=5658, chunk=(1, -5), inWindow=true, receivedWindow=31/289, center=(-2, 3), radius=8
[00:08:36] [Render thread/INFO]: [System] [CHAT] First position set to (-17, -61, 61) (132).
[00:08:36] [Render thread/INFO]: [ChunkLoadProbe] cache_center round=3, chunk=(-1, 3), sinceTpMs=16155
[00:08:36] [Render thread/INFO]: [ChunkLoadProbe] chunk_progress round=3, count=64, sinceTpMs=16174, firstChunkMs=5658, chunk=(7, -1), inWindow=true, receivedWindow=37/289, center=(-1, 3), radius=8
[00:08:38] [Render thread/INFO]: [ChunkLoadProbe] cache_center round=3, chunk=(0, 3), sinceTpMs=18514
[00:08:38] [Render thread/INFO]: [ChunkLoadProbe] chunk_progress round=3, count=80, sinceTpMs=18522, firstChunkMs=5658, chunk=(8, -1), inWindow=true, receivedWindow=45/289, center=(0, 3), radius=8
[00:08:39] [Render thread/INFO]: [System] [CHAT] Second position set to (3, -61, 61) (21).
[00:08:41] [Render thread/INFO]: [System] [CHAT] Missing argument for <mask>.
[00:08:41] [Render thread/INFO]: [System] [CHAT] Usage: //count <mask>
[00:08:50] [Render thread/INFO]: [System] [CHAT] Counted: 21
[00:08:51] [Render thread/INFO]: [System] [CHAT] First position set to (3, -61, 61) (1).
[00:08:52] [Render thread/INFO]: [ChunkLoadProbe] cache_center round=3, chunk=(0, 4), sinceTpMs=31750
[00:08:52] [Render thread/INFO]: [ChunkLoadProbe] chunk_progress round=3, count=96, sinceTpMs=31769, firstChunkMs=5658, chunk=(0, 12), inWindow=true, receivedWindow=48/289, center=(0, 4), radius=8
[00:08:53] [Render thread/INFO]: [System] [CHAT] Second position set to (3, -61, 79) (19).
[00:08:54] [Render thread/INFO]: [System] [CHAT] Counted: 19
[00:08:55] [Render thread/INFO]: [ChunkLoadProbe] cache_center round=3, chunk=(0, 5), sinceTpMs=35404
[00:08:55] [Render thread/INFO]: [ChunkLoadProbe] chunk_progress round=3, count=112, sinceTpMs=35415, firstChunkMs=5658, chunk=(4, 13), inWindow=true, receivedWindow=59/289, center=(0, 5), radius=8
[00:08:56] [Render thread/INFO]: [ChunkLoadProbe] cache_center round=3, chunk=(0, 4), sinceTpMs=36264
[00:08:56] [Render thread/INFO]: [ChunkLoadProbe] chunk_progress round=3, count=128, sinceTpMs=36265, firstChunkMs=5658, chunk=(-1, -4), inWindow=true, receivedWindow=64/289, center=(0, 4), radius=8
[00:08:56] [Render thread/INFO]: [ChunkLoadProbe] cache_center round=3, chunk=(-1, 4), sinceTpMs=36400
[00:08:56] [Render thread/INFO]: [ChunkLoadProbe] chunk_progress round=3, count=144, sinceTpMs=36409, firstChunkMs=5658, chunk=(-9, 0), inWindow=true, receivedWindow=64/289, center=(-1, 4), radius=8
[00:09:00] [Render thread/INFO]: [ChunkLoadProbe] cache_center round=3, chunk=(-1, 3), sinceTpMs=39805
[00:09:00] [Render thread/INFO]: [ChunkLoadProbe] chunk_progress round=3, count=160, sinceTpMs=39818, firstChunkMs=5658, chunk=(-6, -5), inWindow=true, receivedWindow=72/289, center=(-1, 3), radius=8
[00:09:01] [Render thread/INFO]: [ChunkLoadProbe] cache_center round=3, chunk=(-1, 4), sinceTpMs=41261
[00:09:01] [Render thread/INFO]: [ChunkLoadProbe] chunk_progress round=3, count=176, sinceTpMs=41285, firstChunkMs=5658, chunk=(2, 12), inWindow=true, receivedWindow=73/289, center=(-1, 4), radius=8
[00:09:02] [Render thread/INFO]: [ChunkLoadProbe] cache_center round=3, chunk=(-1, 4), sinceTpMs=42162
[00:09:03] [Render thread/INFO]: [ChunkLoadProbe] cache_center round=3, chunk=(-1, 4), sinceTpMs=43061
[00:09:38] [Render thread/INFO]: [System] [CHAT] Missing argument for <radii>.
[00:09:38] [Render thread/INFO]: [System] [CHAT] Usage: //cyl [-h] <pattern> <radii> [height]
[00:09:51] [Render thread/INFO]: [System] [CHAT] 332 blocks have been created.
[00:09:56] [Render thread/INFO]: [ChunkLoadProbe] cache_center round=3, chunk=(-1, 5), sinceTpMs=95902
[00:09:56] [Render thread/INFO]: [ChunkLoadProbe] chunk_progress round=3, count=192, sinceTpMs=95911, firstChunkMs=5658, chunk=(0, 13), inWindow=true, receivedWindow=69/289, center=(-1, 5), radius=8
[00:09:57] [Render thread/INFO]: [ChunkLoadProbe] cache_center round=3, chunk=(-1, 4), sinceTpMs=97355
[00:09:57] [Render thread/INFO]: [ChunkLoadProbe] chunk_progress round=3, count=208, sinceTpMs=97355, firstChunkMs=5658, chunk=(7, -2), inWindow=true, receivedWindow=73/289, center=(-1, 4), radius=8
[00:10:02] [Render thread/INFO]: [ChunkLoadProbe] cache_center round=3, chunk=(-1, 4), sinceTpMs=101757
[00:10:02] [Render thread/INFO]: [ChunkLoadProbe] cache_center round=3, chunk=(-1, 4), sinceTpMs=102552
[00:10:07] [Render thread/INFO]: [ChunkLoadProbe] cache_center round=3, chunk=(-1, 4), sinceTpMs=106706
[00:10:08] [Render thread/INFO]: [ChunkLoadProbe] cache_center round=3, chunk=(-1, 4), sinceTpMs=108406
[00:10:24] [Render thread/INFO]: [System] [CHAT] 260 blocks have been created.
[00:10:27] [Render thread/INFO]: [ChunkLoadProbe] cache_center round=3, chunk=(-1, 4), sinceTpMs=126755
[00:10:30] [Render thread/INFO]: [ChunkLoadProbe] cache_center round=3, chunk=(-1, 4), sinceTpMs=130354
[00:10:30] [Render thread/INFO]: [ChunkLoadProbe] cache_center round=3, chunk=(-2, 4), sinceTpMs=130657
[00:10:30] [Render thread/INFO]: [ChunkLoadProbe] chunk_progress round=3, count=224, sinceTpMs=130659, firstChunkMs=5658, chunk=(-8, -4), inWindow=true, receivedWindow=70/289, center=(-2, 4), radius=8
[00:10:32] [Render thread/INFO]: [ChunkLoadProbe] cache_center round=3, chunk=(-1, 4), sinceTpMs=132611
[00:10:32] [Render thread/INFO]: [ChunkLoadProbe] chunk_progress round=3, count=240, sinceTpMs=132612, firstChunkMs=5658, chunk=(5, 12), inWindow=true, receivedWindow=73/289, center=(-1, 4), radius=8
[00:10:34] [Render thread/INFO]: [ChunkLoadProbe] cache_center round=3, chunk=(-1, 3), sinceTpMs=134300
[00:10:34] [Render thread/INFO]: [ChunkLoadProbe] chunk_progress round=3, count=256, sinceTpMs=134301, firstChunkMs=5658, chunk=(-9, -3), inWindow=true, receivedWindow=72/289, center=(-1, 3), radius=8
[00:10:34] [Render thread/INFO]: [ChunkLoadProbe] chunk_progress round=3, count=272, sinceTpMs=134321, firstChunkMs=5658, chunk=(4, -5), inWindow=true, receivedWindow=72/289, center=(-1, 3), radius=8
[00:10:35] [Render thread/INFO]: [ChunkLoadProbe] cache_center round=3, chunk=(-1, 4), sinceTpMs=135353
[00:10:35] [Render thread/INFO]: [ChunkLoadProbe] chunk_progress round=3, count=288, sinceTpMs=135362, firstChunkMs=5658, chunk=(-1, 12), inWindow=true, receivedWindow=73/289, center=(-1, 4), radius=8
[00:10:48] [Render thread/INFO]: [System] [CHAT] 332 blocks have been created.
[00:10:55] [Render thread/INFO]: [System] [CHAT] 392 blocks have been created.
[00:10:59] [Server thread/INFO]: [AntoineCra: Set own game mode to Spectator Mode]
[00:10:59] [Render thread/INFO]: [System] [CHAT] Set own game mode to Spectator Mode
[00:11:00] [Render thread/INFO]: [ChunkLoadProbe] cache_center round=3, chunk=(-2, 4), sinceTpMs=160053
[00:11:00] [Render thread/INFO]: [ChunkLoadProbe] chunk_progress round=3, count=304, sinceTpMs=160065, firstChunkMs=5658, chunk=(-10, 6), inWindow=true, receivedWindow=70/289, center=(-2, 4), radius=8
[00:11:02] [Render thread/INFO]: [ChunkLoadProbe] cache_center round=3, chunk=(-1, 4), sinceTpMs=162502
[00:11:02] [Render thread/INFO]: [ChunkLoadProbe] chunk_progress round=3, count=320, sinceTpMs=162513, firstChunkMs=5658, chunk=(7, -1), inWindow=true, receivedWindow=73/289, center=(-1, 4), radius=8
[00:11:03] [Render thread/INFO]: [ChunkLoadProbe] cache_center round=3, chunk=(-2, 4), sinceTpMs=163200
[00:11:03] [Render thread/INFO]: [ChunkLoadProbe] chunk_progress round=3, count=336, sinceTpMs=163209, firstChunkMs=5658, chunk=(-10, 4), inWindow=true, receivedWindow=70/289, center=(-2, 4), radius=8
[00:11:08] [Render thread/INFO]: [System] [CHAT] Undid 1 available edits.
[00:11:08] [Render thread/INFO]: [ChunkLoadProbe] cache_center round=3, chunk=(-1, 4), sinceTpMs=168553
[00:11:08] [Render thread/INFO]: [ChunkLoadProbe] chunk_progress round=3, count=352, sinceTpMs=168563, firstChunkMs=5658, chunk=(7, 3), inWindow=true, receivedWindow=73/289, center=(-1, 4), radius=8
[00:11:09] [Server thread/INFO]: [AntoineCra: Set own game mode to Creative Mode]
[00:11:09] [Render thread/INFO]: [System] [CHAT] Set own game mode to Creative Mode
[00:11:16] [Render thread/INFO]: [System] [CHAT] 468 blocks have been created.
[00:11:17] [Server thread/INFO]: [AntoineCra: Set own game mode to Spectator Mode]
[00:11:17] [Render thread/INFO]: [System] [CHAT] Set own game mode to Spectator Mode
[00:11:19] [Render thread/INFO]: [ChunkLoadProbe] cache_center round=3, chunk=(-1, 5), sinceTpMs=178805
[00:11:19] [Render thread/INFO]: [ChunkLoadProbe] chunk_progress round=3, count=368, sinceTpMs=178818, firstChunkMs=5658, chunk=(-3, 13), inWindow=true, receivedWindow=70/289, center=(-1, 5), radius=8
[00:11:22] [Render thread/INFO]: [ChunkLoadProbe] cache_center round=3, chunk=(-1, 4), sinceTpMs=181806
[00:11:22] [Render thread/INFO]: [ChunkLoadProbe] chunk_progress round=3, count=384, sinceTpMs=181817, firstChunkMs=5658, chunk=(-2, -4), inWindow=true, receivedWindow=73/289, center=(-1, 4), radius=8
[00:11:22] [Render thread/INFO]: [ChunkLoadProbe] round_log_limit round=3, count=384, sinceTpMs=181817
[00:11:23] [Render thread/INFO]: [ChunkLoadProbe] cache_center round=3, chunk=(-1, 3), sinceTpMs=183111
[00:11:27] [Render thread/INFO]: [ChunkLoadProbe] cache_center round=3, chunk=(-1, 4), sinceTpMs=187102
[00:11:28] [Render thread/INFO]: [ChunkLoadProbe] cache_center round=3, chunk=(-2, 4), sinceTpMs=188613
[00:11:31] [Render thread/INFO]: [ChunkLoadProbe] cache_center round=3, chunk=(-1, 4), sinceTpMs=190763
[00:11:31] [Render thread/INFO]: [ChunkLoadProbe] cache_center round=3, chunk=(-2, 4), sinceTpMs=191303
[00:11:34] [Render thread/INFO]: [ChunkLoadProbe] cache_center round=3, chunk=(-2, 4), sinceTpMs=194048
[00:11:35] [Render thread/INFO]: [ChunkLoadProbe] cache_center round=3, chunk=(-1, 4), sinceTpMs=194802
[00:11:35] [Render thread/INFO]: [ChunkLoadProbe] cache_center round=3, chunk=(-1, 5), sinceTpMs=195454
[00:11:36] [Render thread/INFO]: [ChunkLoadProbe] cache_center round=3, chunk=(-1, 4), sinceTpMs=196151
[00:11:37] [Render thread/INFO]: [ChunkLoadProbe] cache_center round=3, chunk=(-1, 4), sinceTpMs=197506
[00:11:39] [Render thread/INFO]: [System] [CHAT] Undid 1 available edits.
[00:11:40] [Server thread/INFO]: [AntoineCra: Set own game mode to Creative Mode]
[00:11:40] [Render thread/INFO]: [System] [CHAT] Set own game mode to Creative Mode
[00:11:47] [Render thread/INFO]: [System] [CHAT] 468 blocks have been created.
[00:12:02] [Render thread/INFO]: [System] [CHAT] 392 blocks have been created.
[00:12:04] [Render thread/INFO]: [ChunkLoadProbe] cache_center round=3, chunk=(-1, 4), sinceTpMs=224462
[00:12:07] [Render thread/INFO]: [ChunkLoadProbe] cache_center round=3, chunk=(-1, 3), sinceTpMs=226910
[00:12:11] [Render thread/INFO]: [ChunkLoadProbe] cache_center round=3, chunk=(-1, 4), sinceTpMs=230950
[00:12:16] [Render thread/INFO]: [ChunkLoadProbe] cache_center round=3, chunk=(-1, 4), sinceTpMs=235953
[00:12:17] [Render thread/INFO]: [ChunkLoadProbe] cache_center round=3, chunk=(-1, 4), sinceTpMs=237349
[00:12:24] [Render thread/INFO]: [System] [CHAT] 468 blocks have been created.
[00:12:33] [Render thread/INFO]: [System] [CHAT] 468 blocks have been created.
[00:12:44] [Render thread/INFO]: [System] [CHAT] 468 blocks have been created.
[00:12:52] [Render thread/INFO]: [System] [CHAT] 392 blocks have been created.
[00:12:54] [Render thread/INFO]: [ChunkLoadProbe] cache_center round=3, chunk=(-1, 4), sinceTpMs=274261
[00:12:59] [Render thread/INFO]: [ChunkLoadProbe] cache_center round=3, chunk=(-1, 4), sinceTpMs=278751
[00:12:59] [Render thread/INFO]: [ChunkLoadProbe] cache_center round=3, chunk=(-1, 3), sinceTpMs=279205
[00:13:01] [Render thread/INFO]: [ChunkLoadProbe] cache_center round=3, chunk=(-1, 4), sinceTpMs=281363
[00:13:04] [Render thread/INFO]: [ChunkLoadProbe] cache_center round=3, chunk=(-1, 5), sinceTpMs=284001
[00:13:07] [Render thread/INFO]: [ChunkLoadProbe] cache_center round=3, chunk=(-1, 5), sinceTpMs=286919
[00:13:07] [Render thread/INFO]: [ChunkLoadProbe] cache_center round=3, chunk=(-1, 4), sinceTpMs=286958
[00:13:22] [Render thread/INFO]: [ChunkLoadProbe] cache_center round=3, chunk=(-1, 4), sinceTpMs=301754
[00:13:23] [Render thread/INFO]: [ChunkLoadProbe] cache_center round=3, chunk=(-1, 3), sinceTpMs=302701
[00:13:25] [Render thread/INFO]: [ChunkLoadProbe] cache_center round=3, chunk=(-2, 3), sinceTpMs=305107
[00:13:34] [Render thread/INFO]: [System] [CHAT] First position set to (-18, -59, 60) (1320).
[00:13:37] [Render thread/INFO]: [ChunkLoadProbe] cache_center round=3, chunk=(-1, 3), sinceTpMs=317159
[00:13:38] [Render thread/INFO]: [ChunkLoadProbe] cache_center round=3, chunk=(-1, 4), sinceTpMs=318354
[00:13:39] [Render thread/INFO]: [ChunkLoadProbe] cache_center round=3, chunk=(0, 4), sinceTpMs=318950
[00:13:40] [Render thread/INFO]: [ChunkLoadProbe] cache_center round=3, chunk=(0, 5), sinceTpMs=320065
[00:13:41] [Render thread/INFO]: [ChunkLoadProbe] cache_center round=3, chunk=(-1, 5), sinceTpMs=320703
[00:13:41] [Render thread/INFO]: [ChunkLoadProbe] cache_center round=3, chunk=(0, 5), sinceTpMs=321206
[00:13:44] [Render thread/INFO]: [ChunkLoadProbe] cache_center round=3, chunk=(0, 4), sinceTpMs=323660
[00:13:44] [Render thread/INFO]: [ChunkLoadProbe] cache_center round=3, chunk=(0, 5), sinceTpMs=324454
[00:13:48] [Render thread/INFO]: [System] [CHAT] Second position set to (4, -59, 82) (529).
[00:13:51] [Render thread/INFO]: [ChunkLoadProbe] cache_center round=3, chunk=(0, 4), sinceTpMs=331606
[00:13:53] [Render thread/INFO]: [ChunkLoadProbe] cache_center round=3, chunk=(-1, 4), sinceTpMs=333359
[00:13:54] [Render thread/INFO]: [ChunkLoadProbe] cache_center round=3, chunk=(0, 4), sinceTpMs=334159
[00:13:56] [Render thread/INFO]: [ChunkLoadProbe] cache_center round=3, chunk=(-1, 4), sinceTpMs=336155
[00:13:56] [Render thread/INFO]: [ChunkLoadProbe] cache_center round=3, chunk=(-1, 5), sinceTpMs=336615
[00:14:11] [Render thread/INFO]: [System] [CHAT] 529 blocks affected
[00:14:11] [Render thread/INFO]: [System] [CHAT] 0 biomes affected
[00:14:11] [Render thread/INFO]: [System] [CHAT] 0 entities affected
[00:14:13] [Render thread/INFO]: [System] [CHAT] 529 blocks affected
[00:14:13] [Render thread/INFO]: [System] [CHAT] 0 biomes affected
[00:14:13] [Render thread/INFO]: [System] [CHAT] 0 entities affected
[00:14:18] [Render thread/INFO]: [System] [CHAT] The clipboard has been pasted at (-7, -60, 82)
[00:14:18] [Render thread/INFO]: [System] [CHAT] 529 blocks affected
[00:14:18] [Render thread/INFO]: [System] [CHAT] 0 biomes affected
[00:14:18] [Render thread/INFO]: [System] [CHAT] 0 entities affected
[00:14:22] [Render thread/INFO]: [ChunkLoadProbe] cache_center round=3, chunk=(-1, 4), sinceTpMs=362456
[00:14:23] [Render thread/INFO]: [ChunkLoadProbe] cache_center round=3, chunk=(-1, 3), sinceTpMs=363552
[00:14:25] [Render thread/INFO]: [ChunkLoadProbe] cache_center round=3, chunk=(-1, 4), sinceTpMs=364800
[00:14:27] [Render thread/INFO]: [ChunkLoadProbe] cache_center round=3, chunk=(-1, 4), sinceTpMs=367554
[00:14:29] [Render thread/INFO]: [ChunkLoadProbe] cache_center round=3, chunk=(0, 4), sinceTpMs=369054
[00:14:29] [Render thread/INFO]: [ChunkLoadProbe] cache_center round=3, chunk=(0, 4), sinceTpMs=369309
[00:14:30] [Render thread/INFO]: [ChunkLoadProbe] cache_center round=3, chunk=(-1, 4), sinceTpMs=369804
[00:14:30] [Render thread/INFO]: [ChunkLoadProbe] cache_center round=3, chunk=(-1, 4), sinceTpMs=370652
[00:14:32] [Render thread/INFO]: [ChunkLoadProbe] cache_center round=3, chunk=(-1, 4), sinceTpMs=371803
[00:14:36] [Render thread/INFO]: [ChunkLoadProbe] cache_center round=3, chunk=(-1, 5), sinceTpMs=375907
[00:14:45] [Render thread/INFO]: [ChunkLoadProbe] cache_center round=3, chunk=(0, 5), sinceTpMs=385555
[00:14:47] [Render thread/INFO]: [ChunkLoadProbe] cache_center round=3, chunk=(0, 4), sinceTpMs=387103
[00:14:48] [Render thread/INFO]: [ChunkLoadProbe] cache_center round=3, chunk=(0, 5), sinceTpMs=388560
[00:14:49] [Render thread/INFO]: [ChunkLoadProbe] cache_center round=3, chunk=(0, 4), sinceTpMs=389504
[00:14:50] [Render thread/INFO]: [ChunkLoadProbe] cache_center round=3, chunk=(-1, 4), sinceTpMs=390253
[00:14:50] [Render thread/INFO]: [ChunkLoadProbe] cache_center round=3, chunk=(0, 4), sinceTpMs=390506
[00:14:51] [Render thread/INFO]: [ChunkLoadProbe] cache_center round=3, chunk=(0, 5), sinceTpMs=391358
[00:14:52] [Render thread/INFO]: [ChunkLoadProbe] cache_center round=3, chunk=(0, 4), sinceTpMs=391769
[00:14:54] [Render thread/INFO]: [ChunkLoadProbe] cache_center round=3, chunk=(-1, 4), sinceTpMs=394306
[00:14:54] [Render thread/INFO]: [ChunkLoadProbe] cache_center round=3, chunk=(-1, 5), sinceTpMs=394352
[00:14:55] [Render thread/INFO]: [ChunkLoadProbe] cache_center round=3, chunk=(-1, 4), sinceTpMs=395054
[00:14:55] [Render thread/INFO]: [ChunkLoadProbe] cache_center round=3, chunk=(0, 4), sinceTpMs=395649
[00:15:15] [Render thread/INFO]: [ChunkLoadProbe] cache_center round=3, chunk=(0, 5), sinceTpMs=415212
[00:15:15] [Render thread/INFO]: [ChunkLoadProbe] cache_center round=3, chunk=(-1, 5), sinceTpMs=415451
[00:15:19] [Render thread/INFO]: [ChunkLoadProbe] cache_center round=3, chunk=(-1, 4), sinceTpMs=418760
[00:15:21] [Render thread/INFO]: [ChunkLoadProbe] cache_center round=3, chunk=(0, 4), sinceTpMs=421511
[00:15:22] [Render thread/INFO]: [ChunkLoadProbe] cache_center round=3, chunk=(-1, 4), sinceTpMs=422650
[00:15:23] [Render thread/INFO]: [ChunkLoadProbe] cache_center round=3, chunk=(-1, 5), sinceTpMs=422801
[00:15:23] [Render thread/INFO]: [ChunkLoadProbe] cache_center round=3, chunk=(-1, 4), sinceTpMs=423360
[00:15:23] [Render thread/INFO]: [ChunkLoadProbe] cache_center round=3, chunk=(0, 4), sinceTpMs=423451
[00:15:24] [Render thread/INFO]: [ChunkLoadProbe] cache_center round=3, chunk=(-1, 4), sinceTpMs=424208
[00:15:24] [Render thread/INFO]: [ChunkLoadProbe] cache_center round=3, chunk=(-1, 5), sinceTpMs=424250
[00:15:25] [Render thread/INFO]: [ChunkLoadProbe] cache_center round=3, chunk=(-1, 4), sinceTpMs=424954
[00:15:25] [Render thread/INFO]: [ChunkLoadProbe] cache_center round=3, chunk=(0, 4), sinceTpMs=425403
[00:15:26] [Render thread/INFO]: [ChunkLoadProbe] cache_center round=3, chunk=(0, 5), sinceTpMs=426004
[00:15:26] [Render thread/INFO]: [ChunkLoadProbe] cache_center round=3, chunk=(-1, 5), sinceTpMs=426651
[00:15:29] [Render thread/INFO]: [ChunkLoadProbe] cache_center round=3, chunk=(0, 5), sinceTpMs=428802
[00:15:29] [Render thread/INFO]: [ChunkLoadProbe] cache_center round=3, chunk=(0, 4), sinceTpMs=429501
[00:15:30] [Render thread/INFO]: [ChunkLoadProbe] cache_center round=3, chunk=(0, 5), sinceTpMs=430009
[00:15:30] [Render thread/INFO]: [ChunkLoadProbe] cache_center round=3, chunk=(-1, 5), sinceTpMs=430101
[00:15:31] [Render thread/INFO]: [ChunkLoadProbe] cache_center round=3, chunk=(-1, 4), sinceTpMs=431252
[00:15:33] [Render thread/INFO]: [ChunkLoadProbe] cache_center round=3, chunk=(0, 4), sinceTpMs=432930
[00:15:36] [Render thread/INFO]: [ChunkLoadProbe] cache_center round=3, chunk=(0, 5), sinceTpMs=436070
[00:15:36] [Render thread/INFO]: [ChunkLoadProbe] cache_center round=3, chunk=(0, 4), sinceTpMs=436301
[00:16:12] [Render thread/INFO]: [ChunkLoadProbe] cache_center round=3, chunk=(0, 3), sinceTpMs=472357
[00:16:13] [Render thread/INFO]: [ChunkLoadProbe] cache_center round=3, chunk=(0, 4), sinceTpMs=473209
[00:16:14] [Render thread/INFO]: [ChunkLoadProbe] cache_center round=3, chunk=(0, 4), sinceTpMs=474048
[00:16:15] [Render thread/INFO]: [ChunkLoadProbe] cache_center round=3, chunk=(0, 4), sinceTpMs=475200
[00:16:21] [Render thread/INFO]: [ChunkLoadProbe] cache_center round=3, chunk=(-1, 4), sinceTpMs=481402
[00:16:22] [Render thread/INFO]: [ChunkLoadProbe] cache_center round=3, chunk=(-1, 4), sinceTpMs=482205
[00:16:25] [Render thread/INFO]: [ChunkLoadProbe] cache_center round=3, chunk=(0, 4), sinceTpMs=484807
[00:16:26] [Render thread/INFO]: [ChunkLoadProbe] cache_center round=3, chunk=(1, 4), sinceTpMs=486457
[00:16:28] [Render thread/INFO]: [ChunkLoadProbe] cache_center round=3, chunk=(0, 4), sinceTpMs=488352
[00:16:30] [Render thread/INFO]: [ChunkLoadProbe] cache_center round=3, chunk=(-1, 4), sinceTpMs=490357
[00:16:37] [Render thread/INFO]: [ChunkLoadProbe] cache_center round=3, chunk=(0, 4), sinceTpMs=497260
[00:16:40] [Render thread/INFO]: [ChunkLoadProbe] cache_center round=3, chunk=(0, 4), sinceTpMs=500056
[00:16:47] [Render thread/INFO]: [ChunkLoadProbe] cache_center round=3, chunk=(0, 3), sinceTpMs=507404
[00:16:53] [Render thread/INFO]: [ChunkLoadProbe] cache_center round=3, chunk=(0, 4), sinceTpMs=512665
[00:16:54] [Render thread/INFO]: [ChunkLoadProbe] cache_center round=3, chunk=(0, 3), sinceTpMs=513808
[00:16:54] [Render thread/INFO]: [ChunkLoadProbe] cache_center round=3, chunk=(-1, 3), sinceTpMs=514313
[00:16:54] [Render thread/INFO]: [ChunkLoadProbe] cache_center round=3, chunk=(0, 3), sinceTpMs=514400
[00:16:57] [Render thread/INFO]: [ChunkLoadProbe] cache_center round=3, chunk=(0, 4), sinceTpMs=517515
[00:16:59] [Render thread/INFO]: [ChunkLoadProbe] cache_center round=3, chunk=(0, 3), sinceTpMs=518712
[00:17:04] [Render thread/INFO]: [ChunkLoadProbe] cache_center round=3, chunk=(-1, 3), sinceTpMs=524303
[00:17:09] [Render thread/INFO]: [ChunkLoadProbe] cache_center round=3, chunk=(-1, 4), sinceTpMs=528661
[00:17:10] [Render thread/INFO]: [ChunkLoadProbe] cache_center round=3, chunk=(-1, 3), sinceTpMs=530202
[00:17:40] [Render thread/INFO]: [ChunkLoadProbe] cache_center round=3, chunk=(-2, 3), sinceTpMs=560502
[00:17:40] [Render thread/INFO]: [ChunkLoadProbe] cache_center round=3, chunk=(-1, 3), sinceTpMs=560652
[00:17:45] [Render thread/INFO]: [ChunkLoadProbe] cache_center round=3, chunk=(-1, 3), sinceTpMs=565004
[00:17:46] [Render thread/INFO]: [ChunkLoadProbe] cache_center round=3, chunk=(-1, 3), sinceTpMs=566454
[00:17:48] [Render thread/INFO]: [ChunkLoadProbe] cache_center round=3, chunk=(-1, 4), sinceTpMs=568007
[00:17:49] [Render thread/INFO]: [ChunkLoadProbe] cache_center round=3, chunk=(-2, 4), sinceTpMs=569200
[00:17:50] [Render thread/INFO]: [ChunkLoadProbe] cache_center round=3, chunk=(-1, 4), sinceTpMs=570450
[00:17:54] [Render thread/INFO]: [ChunkLoadProbe] cache_center round=3, chunk=(-1, 3), sinceTpMs=573998
[00:17:55] [Render thread/INFO]: [ChunkLoadProbe] cache_center round=3, chunk=(-1, 4), sinceTpMs=575055
[00:17:58] [Render thread/INFO]: [ChunkLoadProbe] cache_center round=3, chunk=(-1, 4), sinceTpMs=577958
[00:17:58] [Render thread/INFO]: [ChunkLoadProbe] cache_center round=3, chunk=(-1, 4), sinceTpMs=578504
[00:18:00] [Render thread/INFO]: [ChunkLoadProbe] cache_center round=3, chunk=(-2, 4), sinceTpMs=579665
[00:18:00] [Render thread/INFO]: Listing events...
[00:18:00] [Render thread/INFO]: World join: 2
[00:18:00] [Render thread/INFO]:   Singleplayer: 2
[00:18:00] [Render thread/INFO]:   Multiplayer: 0
[00:18:00] [Render thread/INFO]: Client Level Updates: 5
[00:18:00] [Render thread/INFO]: Client Player Logout: 3
[00:18:00] [Render thread/INFO]: Server Player Logout: 1
[00:18:00] [Render thread/INFO]: Server Stopped: 1
[00:18:00] [Render thread/INFO]: Listing memory leaks so far...
[00:18:00] [Render thread/INFO]: B: 5022MB / C: 5083MB / Diff: +61MB
[00:18:00] [Render thread/INFO]: Memory Leaks detected: (/atl force_refresh to update)
[00:18:00] [Render thread/INFO]: | Player:
[00:18:00] [Render thread/INFO]: |- ServerPlayer (minecraft): 1
[00:18:00] [Render thread/INFO]: |- LocalPlayer (minecraft): 1
[00:18:00] [Render thread/INFO]: | Level:
[00:18:00] [Render thread/INFO]: |- ServerLevel (minecraft): 19
[00:18:00] [Render thread/INFO]: |- ClientLevel (minecraft): 1
[00:18:00] [Render thread/INFO]: | MinecraftServer:
[00:18:00] [Render thread/INFO]: |- IntegratedServer (minecraft): 1
[00:18:00] [Render thread/INFO]: | ChunkAccess:
[00:18:00] [Render thread/INFO]: |- LevelChunk (minecraft): 95
[00:18:08] [Render thread/INFO]: [ChunkLoadProbe] cache_center round=3, chunk=(-1, 4), sinceTpMs=588406
[00:18:09] [Render thread/INFO]: [ChunkLoadProbe] cache_center round=3, chunk=(-2, 4), sinceTpMs=589014
[00:18:09] [Render thread/INFO]: [ChunkLoadProbe] cache_center round=3, chunk=(-1, 4), sinceTpMs=589456
[00:18:10] [Render thread/INFO]: [ChunkLoadProbe] cache_center round=3, chunk=(-1, 4), sinceTpMs=589812
[00:18:15] [Render thread/INFO]: [ChunkLoadProbe] cache_center round=3, chunk=(-1, 4), sinceTpMs=594951
[00:18:16] [Render thread/INFO]: [ChunkLoadProbe] cache_center round=3, chunk=(-2, 4), sinceTpMs=596205
[00:18:18] [Render thread/INFO]: [ChunkLoadProbe] cache_center round=3, chunk=(-1, 4), sinceTpMs=598250
[00:18:19] [Render thread/INFO]: [ChunkLoadProbe] cache_center round=3, chunk=(-1, 4), sinceTpMs=599406
[00:18:23] [Render thread/INFO]: [ChunkLoadProbe] cache_center round=3, chunk=(-1, 4), sinceTpMs=603001
[00:18:24] [Render thread/INFO]: [ChunkLoadProbe] cache_center round=3, chunk=(-2, 4), sinceTpMs=604208
[00:18:25] [Render thread/INFO]: [ChunkLoadProbe] cache_center round=3, chunk=(-1, 4), sinceTpMs=604955
[00:18:30] [Render thread/INFO]: [ChunkLoadProbe] cache_center round=3, chunk=(-1, 4), sinceTpMs=609705
[00:18:37] [Render thread/INFO]: [ChunkLoadProbe] cache_center round=3, chunk=(-1, 4), sinceTpMs=617361
[00:18:55] [Render thread/INFO]: [ChunkLoadProbe] cache_center round=3, chunk=(-1, 5), sinceTpMs=635307
[00:18:56] [Render thread/INFO]: [ChunkLoadProbe] cache_center round=3, chunk=(-1, 4), sinceTpMs=635956
[00:18:58] [Render thread/INFO]: [ChunkLoadProbe] cache_center round=3, chunk=(-1, 4), sinceTpMs=638003
[00:18:58] [Render thread/INFO]: [ChunkLoadProbe] cache_center round=3, chunk=(-1, 3), sinceTpMs=638658
[00:19:00] [Render thread/INFO]: [ChunkLoadProbe] cache_center round=3, chunk=(-1, 4), sinceTpMs=640249
[00:19:01] [Render thread/INFO]: [ChunkLoadProbe] cache_center round=3, chunk=(-1, 4), sinceTpMs=640749
[00:19:04] [Render thread/INFO]: [ChunkLoadProbe] cache_center round=3, chunk=(-1, 4), sinceTpMs=644014
[00:19:39] [Render thread/INFO]: [ChunkLoadProbe] cache_center round=3, chunk=(-1, 4), sinceTpMs=679454
[00:19:39] [Render thread/INFO]: [ChunkLoadProbe] cache_center round=3, chunk=(-1, 3), sinceTpMs=679652
[00:19:54] [Render thread/INFO]: [ChunkLoadProbe] cache_center round=3, chunk=(-2, 3), sinceTpMs=693855
[00:19:56] [Render thread/INFO]: [System] [CHAT] First position set to (-18, -61, 59) (1656).
[00:19:58] [Render thread/INFO]: [ChunkLoadProbe] cache_center round=3, chunk=(-1, 3), sinceTpMs=698360
[00:19:58] [Render thread/INFO]: [ChunkLoadProbe] cache_center round=3, chunk=(-1, 4), sinceTpMs=698503
[00:19:59] [Render thread/INFO]: [ChunkLoadProbe] cache_center round=3, chunk=(0, 4), sinceTpMs=699405
[00:20:01] [Render thread/INFO]: [ChunkLoadProbe] cache_center round=3, chunk=(0, 5), sinceTpMs=700701
[00:20:07] [Render thread/INFO]: [ChunkLoadProbe] cache_center round=3, chunk=(0, 4), sinceTpMs=707405
[00:20:08] [Render thread/INFO]: [ChunkLoadProbe] cache_center round=3, chunk=(0, 5), sinceTpMs=708156
[00:20:09] [Render thread/INFO]: [ChunkLoadProbe] cache_center round=3, chunk=(0, 4), sinceTpMs=708961
[00:20:10] [Render thread/INFO]: [ChunkLoadProbe] cache_center round=3, chunk=(0, 5), sinceTpMs=710051
[00:20:10] [Render thread/INFO]: [ChunkLoadProbe] cache_center round=3, chunk=(0, 4), sinceTpMs=710469
[00:20:12] [Render thread/INFO]: [ChunkLoadProbe] cache_center round=3, chunk=(0, 5), sinceTpMs=712306
[00:20:13] [Render thread/INFO]: [System] [CHAT] Second position set to (4, -61, 81) (529).
[00:20:13] [Render thread/INFO]: [ChunkLoadProbe] cache_center round=3, chunk=(0, 4), sinceTpMs=713461
[00:20:21] [Render thread/INFO]: [System] [CHAT] 92 blocks have been changed.
[00:20:22] [Render thread/INFO]: [ChunkLoadProbe] cache_center round=3, chunk=(-1, 4), sinceTpMs=722210
[00:20:23] [Render thread/INFO]: [ChunkLoadProbe] cache_center round=3, chunk=(-1, 4), sinceTpMs=723161
[00:20:27] [Render thread/INFO]: [ChunkLoadProbe] cache_center round=3, chunk=(-1, 4), sinceTpMs=727649
[00:20:38] [Render thread/INFO]: [System] [CHAT] 92 blocks have been changed.
[00:20:41] [Render thread/INFO]: [ChunkLoadProbe] cache_center round=3, chunk=(-2, 4), sinceTpMs=741654
[00:20:42] [Render thread/INFO]: [ChunkLoadProbe] cache_center round=3, chunk=(-2, 5), sinceTpMs=742106
[00:20:42] [Render thread/INFO]: [ChunkLoadProbe] cache_center round=3, chunk=(-2, 4), sinceTpMs=742458
[00:20:43] [Render thread/INFO]: [ChunkLoadProbe] cache_center round=3, chunk=(-1, 4), sinceTpMs=742804
[00:20:55] [Render thread/INFO]: [System] [CHAT] 92 blocks have been changed.
[00:20:57] [Render thread/INFO]: [ChunkLoadProbe] cache_center round=3, chunk=(-1, 3), sinceTpMs=757049
[00:21:01] [Render thread/INFO]: [System] [CHAT] Undid 1 available edits.
[00:21:03] [Render thread/INFO]: [ChunkLoadProbe] cache_center round=3, chunk=(-2, 3), sinceTpMs=762706
[00:21:04] [Render thread/INFO]: [System] [CHAT] First position set to (-19, -61, 58) (576).
[00:21:05] [Render thread/INFO]: [ChunkLoadProbe] cache_center round=3, chunk=(-1, 3), sinceTpMs=765103
[00:21:05] [Render thread/INFO]: [ChunkLoadProbe] cache_center round=3, chunk=(-1, 4), sinceTpMs=765408
[00:21:06] [Render thread/INFO]: [ChunkLoadProbe] cache_center round=3, chunk=(0, 4), sinceTpMs=766365
[00:21:07] [Render thread/INFO]: [ChunkLoadProbe] cache_center round=3, chunk=(0, 5), sinceTpMs=766705
[00:21:08] [Render thread/INFO]: [System] [CHAT] Second position set to (5, -61, 82) (625).
[00:21:09] [Render thread/INFO]: [ChunkLoadProbe] cache_center round=3, chunk=(-1, 5), sinceTpMs=769109
[00:21:11] [Render thread/INFO]: [ChunkLoadProbe] cache_center round=3, chunk=(-1, 4), sinceTpMs=770702
[00:21:12] [Render thread/INFO]: [System] [CHAT] Undid 1 available edits.
[00:21:12] [Render thread/INFO]: [ChunkLoadProbe] cache_center round=3, chunk=(-1, 5), sinceTpMs=772610
[00:21:16] [Render thread/INFO]: [System] [CHAT] 100 blocks have been changed.
[00:21:22] [Render thread/INFO]: [System] [CHAT] 100 blocks have been changed.
[00:21:22] [Render thread/INFO]: [ChunkLoadProbe] cache_center round=3, chunk=(-1, 4), sinceTpMs=782361
[00:21:23] [Render thread/INFO]: [ChunkLoadProbe] cache_center round=3, chunk=(-2, 4), sinceTpMs=783402
[00:21:24] [Render thread/INFO]: [ChunkLoadProbe] cache_center round=3, chunk=(-2, 5), sinceTpMs=783850
[00:21:24] [Render thread/INFO]: [System] [CHAT] First position set to (-18, -61, 81) (48).
[00:21:25] [Render thread/INFO]: [ChunkLoadProbe] cache_center round=3, chunk=(-1, 4), sinceTpMs=785115
[00:21:27] [Render thread/INFO]: [ChunkLoadProbe] cache_center round=3, chunk=(-2, 4), sinceTpMs=787458
[00:21:28] [Render thread/INFO]: [ChunkLoadProbe] cache_center round=3, chunk=(-1, 4), sinceTpMs=787750
[00:21:28] [Render thread/INFO]: [ChunkLoadProbe] cache_center round=3, chunk=(-1, 5), sinceTpMs=788560
[00:21:29] [Render thread/INFO]: [ChunkLoadProbe] cache_center round=3, chunk=(-1, 4), sinceTpMs=789049
[00:21:29] [Render thread/INFO]: [ChunkLoadProbe] cache_center round=3, chunk=(-2, 4), sinceTpMs=789549
[00:21:30] [Render thread/INFO]: [System] [CHAT] First position set to (-17, -61, 79) (92).
[00:21:30] [Render thread/INFO]: [ChunkLoadProbe] cache_center round=3, chunk=(-1, 4), sinceTpMs=790206
[00:21:32] [Render thread/INFO]: [ChunkLoadProbe] cache_center round=3, chunk=(0, 4), sinceTpMs=791662
[00:21:32] [Render thread/INFO]: [ChunkLoadProbe] cache_center round=3, chunk=(0, 3), sinceTpMs=792103
[00:21:32] [Render thread/INFO]: [System] [CHAT] Second position set to (3, -61, 61) (399).
[00:21:33] [Render thread/INFO]: [ChunkLoadProbe] cache_center round=3, chunk=(0, 4), sinceTpMs=793249
[00:21:33] [Render thread/INFO]: [ChunkLoadProbe] cache_center round=3, chunk=(-1, 4), sinceTpMs=793511
[00:21:37] [Render thread/INFO]: [System] [CHAT] 80 blocks have been changed.
[00:21:41] [Render thread/INFO]: [ChunkLoadProbe] cache_center round=3, chunk=(-1, 3), sinceTpMs=801166
[00:21:42] [Render thread/INFO]: [ChunkLoadProbe] cache_center round=3, chunk=(-1, 4), sinceTpMs=801852
[00:21:43] [Render thread/INFO]: [System] [CHAT] First position set to (-11, -61, 66) (90).
[00:21:48] [Render thread/INFO]: [System] [CHAT] Second position set to (-3, -61, 74) (81).
[00:21:54] [Render thread/INFO]: [System] [CHAT] 36 blocks have been changed.
[00:21:57] [Render thread/INFO]: [ChunkLoadProbe] cache_center round=3, chunk=(-1, 5), sinceTpMs=816853
[00:21:58] [Render thread/INFO]: [ChunkLoadProbe] cache_center round=3, chunk=(-2, 5), sinceTpMs=818552
[00:22:01] [Render thread/INFO]: [ChunkLoadProbe] cache_center round=3, chunk=(-1, 5), sinceTpMs=820661
[00:22:02] [Render thread/INFO]: [ChunkLoadProbe] cache_center round=3, chunk=(-2, 5), sinceTpMs=822101
[00:22:05] [Render thread/INFO]: [System] [CHAT] First position set to (-18, -61, 81) (128).
[00:22:06] [Render thread/INFO]: [ChunkLoadProbe] cache_center round=3, chunk=(-2, 4), sinceTpMs=825704
[00:22:06] [Render thread/INFO]: [ChunkLoadProbe] cache_center round=3, chunk=(-1, 4), sinceTpMs=825762
[00:22:07] [Render thread/INFO]: [ChunkLoadProbe] cache_center round=3, chunk=(-1, 3), sinceTpMs=827008
[00:22:07] [Render thread/INFO]: [ChunkLoadProbe] cache_center round=3, chunk=(0, 3), sinceTpMs=827155
[00:22:08] [Render thread/INFO]: [System] [CHAT] Second position set to (4, -61, 59) (529).
[00:22:13] [Render thread/INFO]: [System] [CHAT] 92 blocks have been changed.
[00:22:14] [Render thread/INFO]: [ChunkLoadProbe] cache_center round=3, chunk=(0, 4), sinceTpMs=834501
[00:22:15] [Render thread/INFO]: [ChunkLoadProbe] cache_center round=3, chunk=(0, 4), sinceTpMs=835058
[00:22:16] [Render thread/INFO]: [ChunkLoadProbe] cache_center round=3, chunk=(-1, 4), sinceTpMs=835704
[00:22:35] [Render thread/INFO]: [ChunkLoadProbe] cache_center round=3, chunk=(-1, 4), sinceTpMs=855650
[00:22:42] [Render thread/INFO]: [ChunkLoadProbe] cache_center round=3, chunk=(-1, 4), sinceTpMs=862204
[00:22:50] [Render thread/INFO]: [ChunkLoadProbe] cache_center round=3, chunk=(-2, 4), sinceTpMs=870405
[00:22:50] [Render thread/INFO]: [ChunkLoadProbe] cache_center round=3, chunk=(-2, 4), sinceTpMs=870549
[00:22:51] [Render thread/INFO]: [ChunkLoadProbe] cache_center round=3, chunk=(-2, 5), sinceTpMs=871306
[00:22:51] [Render thread/INFO]: [ChunkLoadProbe] cache_center round=3, chunk=(-1, 5), sinceTpMs=871505
[00:22:52] [Render thread/INFO]: [ChunkLoadProbe] cache_center round=3, chunk=(-2, 5), sinceTpMs=871701
[00:22:53] [Render thread/INFO]: [ChunkLoadProbe] cache_center round=3, chunk=(-2, 4), sinceTpMs=872710
[00:22:53] [Render thread/INFO]: [ChunkLoadProbe] cache_center round=3, chunk=(-1, 4), sinceTpMs=873006
[00:22:54] [Render thread/INFO]: [ChunkLoadProbe] cache_center round=3, chunk=(-1, 4), sinceTpMs=873755
[00:23:13] [Render thread/INFO]: [ChunkLoadProbe] cache_center round=3, chunk=(-1, 4), sinceTpMs=892757
[00:23:13] [Render thread/INFO]: [ChunkLoadProbe] cache_center round=3, chunk=(-2, 4), sinceTpMs=892907
[00:23:14] [Render thread/INFO]: [ChunkLoadProbe] cache_center round=3, chunk=(-1, 4), sinceTpMs=893803
[00:23:22] [Render thread/INFO]: [ChunkLoadProbe] cache_center round=3, chunk=(-1, 4), sinceTpMs=901854
[00:23:27] [Render thread/INFO]: [ChunkLoadProbe] cache_center round=3, chunk=(-1, 4), sinceTpMs=907401
[00:23:29] [Render thread/INFO]: [ChunkLoadProbe] cache_center round=3, chunk=(-2, 4), sinceTpMs=909307
[00:23:32] [Render thread/INFO]: [ChunkLoadProbe] cache_center round=3, chunk=(-1, 4), sinceTpMs=911903
[00:23:32] [Render thread/INFO]: [ChunkLoadProbe] cache_center round=3, chunk=(-1, 3), sinceTpMs=912403
[00:23:35] [Render thread/INFO]: [ChunkLoadProbe] cache_center round=3, chunk=(-1, 4), sinceTpMs=915652
[00:23:51] [Render thread/INFO]: [ChunkLoadProbe] cache_center round=3, chunk=(-1, 4), sinceTpMs=931154
[00:23:56] [Render thread/INFO]: [ChunkLoadProbe] cache_center round=3, chunk=(-2, 4), sinceTpMs=936512
[00:23:58] [Render thread/INFO]: [ChunkLoadProbe] cache_center round=3, chunk=(-2, 4), sinceTpMs=938350
[00:23:58] [Render thread/INFO]: [ChunkLoadProbe] cache_center round=3, chunk=(-2, 5), sinceTpMs=938605
[00:23:59] [Render thread/INFO]: [ChunkLoadProbe] cache_center round=3, chunk=(-1, 5), sinceTpMs=939303
[00:23:59] [Render thread/INFO]: [ChunkLoadProbe] cache_center round=3, chunk=(-1, 4), sinceTpMs=939456
[00:24:06] [Render thread/INFO]: [ChunkLoadProbe] cache_center round=3, chunk=(-1, 3), sinceTpMs=945959
[00:24:06] [Render thread/INFO]: [ChunkLoadProbe] cache_center round=3, chunk=(-1, 4), sinceTpMs=946581
[00:24:35] [Render thread/INFO]: [ChunkLoadProbe] cache_center round=3, chunk=(-1, 4), sinceTpMs=975001
[00:24:39] [Render thread/INFO]: [ChunkLoadProbe] cache_center round=3, chunk=(-1, 4), sinceTpMs=979054
[00:24:50] [Render thread/INFO]: [ChunkLoadProbe] cache_center round=3, chunk=(-1, 4), sinceTpMs=990255
[00:24:50] [Render thread/INFO]: [ChunkLoadProbe] cache_center round=3, chunk=(-1, 5), sinceTpMs=990551
[00:24:52] [Render thread/INFO]: [ChunkLoadProbe] cache_center round=3, chunk=(-1, 4), sinceTpMs=992204
[00:24:53] [Render thread/INFO]: [ChunkLoadProbe] cache_center round=3, chunk=(-1, 4), sinceTpMs=992756
[00:25:06] [Render thread/INFO]: [ChunkLoadProbe] cache_center round=3, chunk=(-1, 5), sinceTpMs=1006554
[00:25:08] [Render thread/INFO]: [System] [CHAT] First position set to (-2, -60, 86) (392).
[00:25:11] [Render thread/INFO]: [System] [CHAT] First position set to (-3, -60, 86) (448).
[00:25:12] [Render thread/INFO]: [ChunkLoadProbe] cache_center round=3, chunk=(-1, 4), sinceTpMs=1012356
[00:25:14] [Render thread/INFO]: [System] [CHAT] Second position set to (-3, -49, 75) (144).
[00:25:22] [Render thread/INFO]: [System] [CHAT] 12 blocks have been changed.
[00:25:25] [Render thread/INFO]: [System] [CHAT] Undid 1 available edits.
[00:25:28] [Render thread/INFO]: [ChunkLoadProbe] cache_center round=3, chunk=(-1, 5), sinceTpMs=1028401
[00:25:30] [Render thread/INFO]: [ChunkLoadProbe] cache_center round=3, chunk=(-1, 4), sinceTpMs=1030312
[00:25:58] [ForkJoinPool.commonPool-worker-121/ERROR]: Unable to fetch data for ratatouille:plush_on_head[c3a0fe15-9fc5-46d7-89bf-7350618f5e4d]
java.util.concurrent.CompletionException: java.lang.RuntimeException: java.net.http.HttpConnectTimeoutException: HTTP connect timed out
	at java.util.concurrent.CompletableFuture.encodeThrowable(CompletableFuture.java:315) ~[?:?]
	at java.util.concurrent.CompletableFuture.completeThrowable(CompletableFuture.java:320) ~[?:?]
	at java.util.concurrent.CompletableFuture$AsyncSupply.run(CompletableFuture.java:1770) ~[?:?]
	at java.util.concurrent.CompletableFuture$AsyncSupply.exec(CompletableFuture.java:1760) ~[?:?]
	at java.util.concurrent.ForkJoinTask.doExec(ForkJoinTask.java:373) ~[?:?]
	at java.util.concurrent.ForkJoinPool$WorkQueue.topLevelExec(ForkJoinPool.java:1182) ~[?:?]
	at java.util.concurrent.ForkJoinPool.scan(ForkJoinPool.java:1655) ~[?:?]
	at java.util.concurrent.ForkJoinPool.runWorker(ForkJoinPool.java:1622) ~[?:?]
	at java.util.concurrent.ForkJoinWorkerThread.run(ForkJoinWorkerThread.java:165) ~[?:?]
Caused by: java.lang.RuntimeException: java.net.http.HttpConnectTimeoutException: HTTP connect timed out
	at dev.upcraft.datasync.content.StoredDataHolder.lambda$reload$0(StoredDataHolder.java:44) ~[ratatouille-1.0.9-1.20.1$datasync-minecraft-1.20.1-fabric-0.6.1_mapped_srg_1.20.1.jar%231519!/:0.6.1]
	at java.util.concurrent.CompletableFuture$AsyncSupply.run(CompletableFuture.java:1768) ~[?:?]
	... 6 more
Caused by: java.net.http.HttpConnectTimeoutException: HTTP connect timed out
	at jdk.internal.net.http.HttpClientImpl.send(HttpClientImpl.java:568) ~[java.net.http:?]
	at jdk.internal.net.http.HttpClientFacade.send(HttpClientFacade.java:123) ~[java.net.http:?]
	at dev.upcraft.datasync.web.HttpUtil.makeJsonRequest(HttpUtil.java:140) ~[ratatouille-1.0.9-1.20.1$datasync-minecraft-1.20.1-fabric-0.6.1_mapped_srg_1.20.1.jar%231519!/:0.6.1]
	at dev.upcraft.datasync.content.DataType.fetchRemote(DataType.java:89) ~[ratatouille-1.0.9-1.20.1$datasync-minecraft-1.20.1-fabric-0.6.1_mapped_srg_1.20.1.jar%231519!/:0.6.1]
	at dev.upcraft.datasync.content.StoredDataHolder.lambda$reload$0(StoredDataHolder.java:41) ~[ratatouille-1.0.9-1.20.1$datasync-minecraft-1.20.1-fabric-0.6.1_mapped_srg_1.20.1.jar%231519!/:0.6.1]
	at java.util.concurrent.CompletableFuture$AsyncSupply.run(CompletableFuture.java:1768) ~[?:?]
	... 6 more
Caused by: java.net.http.HttpConnectTimeoutException: HTTP connect timed out
	at jdk.internal.net.http.ResponseTimerEvent.handle(ResponseTimerEvent.java:68) ~[java.net.http:?]
	at jdk.internal.net.http.HttpClientImpl.purgeTimeoutsAndReturnNextDeadline(HttpClientImpl.java:1275) ~[java.net.http:?]
	at jdk.internal.net.http.HttpClientImpl$SelectorManager.run(HttpClientImpl.java:904) ~[java.net.http:?]
Caused by: java.net.ConnectException: HTTP connect timed out
	at jdk.internal.net.http.ResponseTimerEvent.handle(ResponseTimerEvent.java:69) ~[java.net.http:?]
	at jdk.internal.net.http.HttpClientImpl.purgeTimeoutsAndReturnNextDeadline(HttpClientImpl.java:1275) ~[java.net.http:?]
	at jdk.internal.net.http.HttpClientImpl$SelectorManager.run(HttpClientImpl.java:904) ~[java.net.http:?]
[00:27:00] [Render thread/INFO]: [ChunkLoadProbe] cache_center round=3, chunk=(0, 4), sinceTpMs=1120410
[00:27:01] [Render thread/INFO]: [ChunkLoadProbe] cache_center round=3, chunk=(-1, 4), sinceTpMs=1120952
[00:27:14] [Render thread/INFO]: [ChunkLoadProbe] cache_center round=3, chunk=(-1, 4), sinceTpMs=1134153
[00:27:15] [Render thread/INFO]: [ChunkLoadProbe] cache_center round=3, chunk=(-1, 4), sinceTpMs=1134957
[00:27:37] [Render thread/INFO]: [ChunkLoadProbe] cache_center round=3, chunk=(-1, 5), sinceTpMs=1157205
[00:27:37] [Render thread/INFO]: [ChunkLoadProbe] cache_center round=3, chunk=(-1, 5), sinceTpMs=1157549
[00:27:40] [Render thread/INFO]: [ChunkLoadProbe] cache_center round=3, chunk=(-1, 5), sinceTpMs=1160106
[00:27:40] [Render thread/INFO]: [ChunkLoadProbe] cache_center round=3, chunk=(0, 5), sinceTpMs=1160507
[00:27:41] [Render thread/INFO]: [ChunkLoadProbe] cache_center round=3, chunk=(-1, 5), sinceTpMs=1160953
[00:27:46] [Render thread/INFO]: [ChunkLoadProbe] cache_center round=3, chunk=(-1, 4), sinceTpMs=1166019
[00:28:00] [Render thread/INFO]: Listing events...
[00:28:00] [Render thread/INFO]: World join: 2
[00:28:00] [Render thread/INFO]:   Singleplayer: 2
[00:28:00] [Render thread/INFO]:   Multiplayer: 0
[00:28:00] [Render thread/INFO]: Client Level Updates: 5
[00:28:00] [Render thread/INFO]: Client Player Logout: 3
[00:28:00] [Render thread/INFO]: Server Player Logout: 1
[00:28:00] [Render thread/INFO]: Server Stopped: 1
[00:28:00] [Render thread/INFO]: Listing memory leaks so far...
[00:28:00] [Render thread/INFO]: B: 5022MB / C: 5080MB / Diff: +58MB
[00:28:00] [Render thread/INFO]: Memory Leaks detected: (/atl force_refresh to update)
[00:28:00] [Render thread/INFO]: | Player:
[00:28:00] [Render thread/INFO]: |- ServerPlayer (minecraft): 1
[00:28:00] [Render thread/INFO]: |- LocalPlayer (minecraft): 1
[00:28:00] [Render thread/INFO]: | Level:
[00:28:00] [Render thread/INFO]: |- ServerLevel (minecraft): 19
[00:28:00] [Render thread/INFO]: |- ClientLevel (minecraft): 1
[00:28:00] [Render thread/INFO]: | MinecraftServer:
[00:28:00] [Render thread/INFO]: |- IntegratedServer (minecraft): 1
[00:28:00] [Render thread/INFO]: | ChunkAccess:
[00:28:00] [Render thread/INFO]: |- LevelChunk (minecraft): 38
[00:28:08] [Render thread/INFO]: [ChunkLoadProbe] cache_center round=3, chunk=(0, 4), sinceTpMs=1188656
[00:28:11] [Render thread/INFO]: [ChunkLoadProbe] cache_center round=3, chunk=(-1, 4), sinceTpMs=1191356
[00:28:25] [Render thread/INFO]: [ChunkLoadProbe] cache_center round=3, chunk=(-1, 3), sinceTpMs=1205409
[00:28:26] [Render thread/INFO]: [ChunkLoadProbe] cache_center round=3, chunk=(-1, 4), sinceTpMs=1205852
[00:29:01] [Render thread/INFO]: Loaded 1281 advancements
[00:29:14] [Render thread/INFO]: Loaded 1282 advancements
[00:29:45] [Render thread/INFO]: [ChunkLoadProbe] cache_center round=3, chunk=(-1, 4), sinceTpMs=1285605
[00:29:59] [Render thread/INFO]: [ChunkLoadProbe] cache_center round=3, chunk=(-1, 4), sinceTpMs=1299256
[00:30:00] [ftbbackups2_Worker-1/INFO]: Attempting to create an automatic backup
[00:30:00] [ftbbackups2_Worker-1/INFO]: Found world folder at C:\Users\Antoine\curseforge\minecraft\Instances\Servidor de Aventuras - Season 2\saves\New World (1)\.
[00:30:01] [ftbbackups2_Worker-1/INFO]: Last backup size: 43.7MB Current world size: 120.8MB Current Available space: 194.0GB ExpectedSize 45.9MB
[00:30:01] [ftbbackups2_Worker-1/INFO]: Setting world minecraft:overworld save state to true
[00:30:01] [ftbbackups2_Worker-1/INFO]: Setting world timelessprison:timeless_dimension save state to true
[00:30:01] [ftbbackups2_Worker-1/INFO]: Setting world mofus_better_end_:broken_constellation save state to true
[00:30:01] [ftbbackups2_Worker-1/INFO]: Setting world minecraft:the_nether save state to true
[00:30:01] [ftbbackups2_Worker-1/INFO]: Setting world minecells:promenade save state to true
[00:30:01] [ftbbackups2_Worker-1/INFO]: Setting world sras:amphoreus save state to true
[00:30:01] [ftbbackups2_Worker-1/INFO]: Setting world irons_spellbooks:pocket_dimension save state to true
[00:30:01] [ftbbackups2_Worker-1/INFO]: Setting world minecells:prison save state to true
[00:30:01] [ftbbackups2_Worker-1/INFO]: Setting world minecells:black_bridge save state to true
[00:30:01] [ftbbackups2_Worker-1/INFO]: Setting world roaring:dark_world save state to true
[00:30:01] [ftbbackups2_Worker-1/INFO]: Setting world minecells:insufferable_crypt save state to true
[00:30:01] [ftbbackups2_Worker-1/INFO]: Setting world rpg_style_more_bosses:second_dimention save state to true
[00:30:01] [ftbbackups2_Worker-1/INFO]: Setting world bossesunleashed:celestial_field save state to true
[00:30:01] [ftbbackups2_Worker-1/INFO]: Setting world minecraft:the_end save state to true
[00:30:01] [ftbbackups2_Worker-1/INFO]: Setting world minecraft_121_update:boss_room save state to true
[00:30:01] [ftbbackups2_Worker-1/INFO]: Setting world minecells:ramparts save state to true
[00:30:01] [ftbbackups2_Worker-1/INFO]: Setting world macabre:the_pit save state to true
[00:30:01] [ftbbackups2_Worker-1/INFO]: Setting world macabre:limbo save state to true
[00:30:01] [ftbbackups2_Worker-1/INFO]: Setting world sras:grand_theatre save state to true
[00:30:01] [ftbbackups2_Worker-1/INFO]: Writing to file C:\Users\Antoine\curseforge\minecraft\Instances\Servidor de Aventuras - Season 2\backups\backups.json
[00:30:01] [FTB Backups backup thread 0/INFO]: Waiting for world save to complete.
[00:30:01] [Render thread/INFO]: [System] [CHAT] Starting Server backup
[00:30:02] [FTB Backups backup thread 0/INFO]: Detected MC Version 1.20.1, Data version 3465
[00:30:02] [FTB Backups backup thread 0/INFO]: Save Name: New World
[00:30:02] [FTB Backups backup thread 0/WARN]: Found possible mod dimension with no region folder bossesunleashed:celestial_field
[00:30:02] [FTB Backups backup thread 0/WARN]: Found possible mod dimension with no region folder macabre:limbo
[00:30:02] [FTB Backups backup thread 0/WARN]: Found possible mod dimension with no region folder macabre:the_pit
[00:30:02] [FTB Backups backup thread 0/WARN]: Found possible mod dimension with no region folder minecells:black_bridge
[00:30:02] [FTB Backups backup thread 0/WARN]: Found possible mod dimension with no region folder minecells:insufferable_crypt
[00:30:02] [FTB Backups backup thread 0/WARN]: Found possible mod dimension with no region folder minecells:prison
[00:30:02] [FTB Backups backup thread 0/WARN]: Found possible mod dimension with no region folder minecells:promenade
[00:30:02] [FTB Backups backup thread 0/WARN]: Found possible mod dimension with no region folder minecells:ramparts
[00:30:02] [FTB Backups backup thread 0/WARN]: Found possible mod dimension with no region folder minecraft_121_update:boss_room
[00:30:02] [FTB Backups backup thread 0/WARN]: Found possible mod dimension with no region folder mofus_better_end_:broken_constellation
[00:30:02] [FTB Backups backup thread 0/WARN]: Found possible mod dimension with no region folder roaring:dark_world
[00:30:02] [FTB Backups backup thread 0/WARN]: Found possible mod dimension with no region folder rpg_style_more_bosses:second_dimention
[00:30:02] [FTB Backups backup thread 0/WARN]: Found possible mod dimension with no region folder sras:amphoreus
[00:30:02] [FTB Backups backup thread 0/WARN]: Found possible mod dimension with no region folder timelessprison:timeless_dimension
[00:30:04] [FTB Backups backup thread 0/INFO]: Backup preview created, Scan took 417ms, Capture took 1676ms
[00:30:07] [FTB Backups backup thread 0/INFO]: Setting world minecraft:overworld save state to false
[00:30:07] [FTB Backups backup thread 0/INFO]: Setting world timelessprison:timeless_dimension save state to false
[00:30:07] [FTB Backups backup thread 0/INFO]: Setting world mofus_better_end_:broken_constellation save state to false
[00:30:07] [FTB Backups backup thread 0/INFO]: Setting world minecraft:the_nether save state to false
[00:30:07] [FTB Backups backup thread 0/INFO]: Setting world minecells:promenade save state to false
[00:30:07] [FTB Backups backup thread 0/INFO]: Setting world sras:amphoreus save state to false
[00:30:07] [FTB Backups backup thread 0/INFO]: Setting world irons_spellbooks:pocket_dimension save state to false
[00:30:07] [FTB Backups backup thread 0/INFO]: Setting world minecells:prison save state to false
[00:30:07] [FTB Backups backup thread 0/INFO]: Setting world minecells:black_bridge save state to false
[00:30:07] [FTB Backups backup thread 0/INFO]: Setting world roaring:dark_world save state to false
[00:30:07] [FTB Backups backup thread 0/INFO]: Setting world minecells:insufferable_crypt save state to false
[00:30:07] [FTB Backups backup thread 0/INFO]: Setting world rpg_style_more_bosses:second_dimention save state to false
[00:30:07] [FTB Backups backup thread 0/INFO]: Setting world bossesunleashed:celestial_field save state to false
[00:30:07] [FTB Backups backup thread 0/INFO]: Setting world minecraft:the_end save state to false
[00:30:07] [FTB Backups backup thread 0/INFO]: Setting world minecraft_121_update:boss_room save state to false
[00:30:07] [FTB Backups backup thread 0/INFO]: Setting world minecells:ramparts save state to false
[00:30:07] [FTB Backups backup thread 0/INFO]: Setting world macabre:the_pit save state to false
[00:30:07] [FTB Backups backup thread 0/INFO]: Setting world macabre:limbo save state to false
[00:30:07] [FTB Backups backup thread 0/INFO]: Setting world sras:grand_theatre save state to false
[00:30:07] [Render thread/INFO]: [System] [CHAT] Backup finished in 0m, 6s, 454ms
[00:30:07] [FTB Backups backup thread 0/INFO]: Backup size 43.7MB World Size 120.8MB
[00:30:07] [FTB Backups backup thread 0/INFO]: Writing to file C:\Users\Antoine\curseforge\minecraft\Instances\Servidor de Aventuras - Season 2\backups\backups.json
[00:30:07] [FTB Backups backup thread 0/INFO]: New backup created at C:\Users\Antoine\curseforge\minecraft\Instances\Servidor de Aventuras - Season 2\backups\2026-6-21_0-30-0.zip size: 43.7MB Took: 0m, 6s, 454ms Sha1: 217ce7ab345e8fc598df26cb57ae04b2b8d8e089
[00:30:15] [Render thread/INFO]: [ChunkLoadProbe] cache_center round=3, chunk=(-1, 5), sinceTpMs=1314701
[00:30:30] [FTB Backups scheduled executor 0/INFO]: More backups than 5 found, Removing oldest backup
[00:30:30] [FTB Backups scheduled executor 0/INFO]: Removed old backup 2026-6-20_21-0-0.zip
[00:30:30] [FTB Backups scheduled executor 0/INFO]: File missing, removing from backups C:\Users\Antoine\curseforge\minecraft\Instances\Servidor de Aventuras - Season 2\backups\2026-6-20_21-0-0.zip
[00:30:30] [FTB Backups scheduled executor 0/INFO]: Writing to file C:\Users\Antoine\curseforge\minecraft\Instances\Servidor de Aventuras - Season 2\backups\backups.json
[00:30:36] [Render thread/INFO]: [ChunkLoadProbe] cache_center round=3, chunk=(-1, 4), sinceTpMs=1336052
[00:30:37] [Render thread/INFO]: [ChunkLoadProbe] cache_center round=3, chunk=(-2, 4), sinceTpMs=1337553
[00:30:38] [Render thread/INFO]: [ChunkLoadProbe] cache_center round=3, chunk=(-1, 4), sinceTpMs=1337955
[00:30:44] [Render thread/INFO]: [ChunkLoadProbe] cache_center round=3, chunk=(-1, 3), sinceTpMs=1344301
[00:30:46] [Render thread/INFO]: [ChunkLoadProbe] cache_center round=3, chunk=(-1, 4), sinceTpMs=1346003
[00:30:47] [Render thread/INFO]: [ChunkLoadProbe] cache_center round=3, chunk=(-1, 4), sinceTpMs=1346848
[00:30:49] [Render thread/INFO]: [ChunkLoadProbe] cache_center round=3, chunk=(-1, 4), sinceTpMs=1349402
[00:30:53] [Render thread/INFO]: [ChunkLoadProbe] cache_center round=3, chunk=(-2, 4), sinceTpMs=1353014
[00:30:54] [Render thread/INFO]: [ChunkLoadProbe] cache_center round=3, chunk=(-1, 4), sinceTpMs=1353705
[00:30:55] [Render thread/INFO]: [ChunkLoadProbe] cache_center round=3, chunk=(0, 4), sinceTpMs=1354853
[00:30:57] [Render thread/INFO]: [ChunkLoadProbe] cache_center round=3, chunk=(-1, 4), sinceTpMs=1357305
[00:30:58] [Render thread/INFO]: [ChunkLoadProbe] cache_center round=3, chunk=(-1, 4), sinceTpMs=1357902
[00:31:00] [Render thread/INFO]: [ChunkLoadProbe] cache_center round=3, chunk=(-1, 4), sinceTpMs=1360552
[00:31:05] [Render thread/INFO]: [ChunkLoadProbe] cache_center round=3, chunk=(-1, 4), sinceTpMs=1365060
[00:31:34] [Render thread/INFO]: [ChunkLoadProbe] cache_center round=3, chunk=(-1, 4), sinceTpMs=1393805
[00:31:35] [Render thread/INFO]: [ChunkLoadProbe] cache_center round=3, chunk=(-1, 4), sinceTpMs=1395548
[00:31:37] [Render thread/INFO]: [ChunkLoadProbe] cache_center round=3, chunk=(0, 4), sinceTpMs=1396852
[00:31:39] [Render thread/INFO]: [ChunkLoadProbe] cache_center round=3, chunk=(-1, 4), sinceTpMs=1399401
[00:34:28] [Render thread/INFO]: [ChunkLoadProbe] cache_center round=3, chunk=(-1, 4), sinceTpMs=1568101
[00:35:07] [Render thread/INFO]: [ChunkLoadProbe] cache_center round=3, chunk=(-1, 5), sinceTpMs=1606853
[00:35:08] [Render thread/INFO]: [ChunkLoadProbe] cache_center round=3, chunk=(0, 5), sinceTpMs=1607806
[00:35:08] [Render thread/INFO]: [ChunkLoadProbe] cache_center round=3, chunk=(0, 4), sinceTpMs=1607863
[00:35:09] [Render thread/INFO]: [ChunkLoadProbe] cache_center round=3, chunk=(0, 5), sinceTpMs=1609162
[00:35:10] [Render thread/INFO]: [ChunkLoadProbe] cache_center round=3, chunk=(0, 6), sinceTpMs=1610057
[00:35:10] [Render thread/INFO]: [ChunkLoadProbe] cache_center round=3, chunk=(-1, 6), sinceTpMs=1610307
[00:35:11] [Render thread/INFO]: [ChunkLoadProbe] cache_center round=3, chunk=(-1, 5), sinceTpMs=1610808
[00:35:12] [Render thread/INFO]: [ChunkLoadProbe] cache_center round=3, chunk=(-1, 4), sinceTpMs=1611803
[00:35:14] [Render thread/INFO]: [ChunkLoadProbe] cache_center round=3, chunk=(-2, 4), sinceTpMs=1613707
[00:37:23] [Render thread/INFO]: [ChunkLoadProbe] cache_center round=3, chunk=(-1, 4), sinceTpMs=1743257
[00:37:30] [Render thread/INFO]: [ChunkLoadProbe] cache_center round=3, chunk=(-2, 4), sinceTpMs=1750058
[00:37:32] [Render thread/INFO]: [ChunkLoadProbe] cache_center round=3, chunk=(-1, 4), sinceTpMs=1752158
[00:37:33] [Render thread/INFO]: [ChunkLoadProbe] cache_center round=3, chunk=(-2, 4), sinceTpMs=1753518
[00:37:35] [Render thread/INFO]: [ChunkLoadProbe] cache_center round=3, chunk=(-1, 4), sinceTpMs=1755552
[00:37:37] [Render thread/INFO]: [ChunkLoadProbe] cache_center round=3, chunk=(-2, 4), sinceTpMs=1757211
[00:37:39] [Render thread/INFO]: [ChunkLoadProbe] cache_center round=3, chunk=(-3, 4), sinceTpMs=1758853
[00:37:41] [Render thread/INFO]: [ChunkLoadProbe] cache_center round=3, chunk=(-2, 4), sinceTpMs=1761203
[00:37:42] [Render thread/INFO]: [ChunkLoadProbe] cache_center round=3, chunk=(-1, 4), sinceTpMs=1762355
[00:37:43] [Render thread/INFO]: [ChunkLoadProbe] cache_center round=3, chunk=(-1, 5), sinceTpMs=1762673
[00:37:44] [Render thread/INFO]: [ChunkLoadProbe] cache_center round=3, chunk=(-1, 5), sinceTpMs=1763766
[00:37:45] [Render thread/INFO]: [ChunkLoadProbe] cache_center round=3, chunk=(-1, 4), sinceTpMs=1764906
[00:37:49] [Render thread/INFO]: [ChunkLoadProbe] cache_center round=3, chunk=(0, 4), sinceTpMs=1769201
[00:37:49] [Render thread/INFO]: [ChunkLoadProbe] cache_center round=3, chunk=(0, 4), sinceTpMs=1769407
[00:37:50] [Render thread/INFO]: [ChunkLoadProbe] cache_center round=3, chunk=(-1, 4), sinceTpMs=1769807
[00:37:50] [Render thread/INFO]: [ChunkLoadProbe] cache_center round=3, chunk=(-1, 4), sinceTpMs=1770551
[00:37:51] [Render thread/INFO]: [ChunkLoadProbe] cache_center round=3, chunk=(-1, 4), sinceTpMs=1771451
[00:37:53] [Render thread/INFO]: [ChunkLoadProbe] cache_center round=3, chunk=(-1, 4), sinceTpMs=1772761
[00:37:53] [Render thread/INFO]: [ChunkLoadProbe] cache_center round=3, chunk=(-1, 4), sinceTpMs=1773519
[00:37:54] [Render thread/INFO]: [ChunkLoadProbe] cache_center round=3, chunk=(0, 4), sinceTpMs=1774461
[00:37:55] [Render thread/INFO]: [ChunkLoadProbe] cache_center round=3, chunk=(-1, 4), sinceTpMs=1775157
[00:37:55] [Render thread/INFO]: [ChunkLoadProbe] cache_center round=3, chunk=(-1, 4), sinceTpMs=1775315
[00:37:56] [Render thread/INFO]: [ChunkLoadProbe] cache_center round=3, chunk=(-1, 5), sinceTpMs=1776168
[00:37:57] [Render thread/INFO]: [ChunkLoadProbe] cache_center round=3, chunk=(0, 5), sinceTpMs=1777460
[00:37:58] [Render thread/INFO]: [ChunkLoadProbe] cache_center round=3, chunk=(-1, 5), sinceTpMs=1777760
[00:38:00] [Render thread/INFO]: [ChunkLoadProbe] cache_center round=3, chunk=(0, 5), sinceTpMs=1779665
[00:38:01] [Render thread/INFO]: Listing events...
[00:38:01] [Render thread/INFO]: World join: 2
[00:38:01] [Render thread/INFO]:   Singleplayer: 2
[00:38:01] [Render thread/INFO]:   Multiplayer: 0
[00:38:01] [Render thread/INFO]: Client Level Updates: 5
[00:38:01] [Render thread/INFO]: Client Player Logout: 3
[00:38:01] [Render thread/INFO]: Server Player Logout: 1
[00:38:01] [Render thread/INFO]: Server Stopped: 1
[00:38:01] [Render thread/INFO]: Listing memory leaks so far...
[00:38:01] [Render thread/INFO]: B: 5022MB / C: 5077MB / Diff: +55MB
[00:38:01] [Render thread/INFO]: Memory Leaks detected: (/atl force_refresh to update)
[00:38:01] [Render thread/INFO]: | Player:
[00:38:01] [Render thread/INFO]: |- ServerPlayer (minecraft): 1
[00:38:01] [Render thread/INFO]: |- LocalPlayer (minecraft): 1
[00:38:01] [Render thread/INFO]: | Level:
[00:38:01] [Render thread/INFO]: |- ServerLevel (minecraft): 19
[00:38:01] [Render thread/INFO]: |- ClientLevel (minecraft): 1
[00:38:01] [Render thread/INFO]: | MinecraftServer:
[00:38:01] [Render thread/INFO]: |- IntegratedServer (minecraft): 1
[00:38:01] [Render thread/INFO]: | ChunkAccess:
[00:38:01] [Render thread/INFO]: |- LevelChunk (minecraft): 44
[00:38:03] [Render thread/INFO]: [ChunkLoadProbe] cache_center round=3, chunk=(-1, 5), sinceTpMs=1783316
[00:38:05] [Render thread/INFO]: [ChunkLoadProbe] cache_center round=3, chunk=(-1, 5), sinceTpMs=1784807
[00:38:05] [Render thread/INFO]: [ChunkLoadProbe] cache_center round=3, chunk=(-1, 4), sinceTpMs=1785408
[00:38:06] [Render thread/INFO]: [ChunkLoadProbe] cache_center round=3, chunk=(-1, 4), sinceTpMs=1785762
[00:38:07] [Render thread/INFO]: [ChunkLoadProbe] cache_center round=3, chunk=(-1, 4), sinceTpMs=1786708
[00:38:07] [Render thread/INFO]: [ChunkLoadProbe] cache_center round=3, chunk=(-1, 4), sinceTpMs=1787316
[00:38:09] [Render thread/INFO]: [ChunkLoadProbe] cache_center round=3, chunk=(-1, 4), sinceTpMs=1789000
[00:38:10] [Render thread/INFO]: [ChunkLoadProbe] cache_center round=3, chunk=(0, 4), sinceTpMs=1789855
[00:38:10] [Render thread/INFO]: [ChunkLoadProbe] cache_center round=3, chunk=(-1, 4), sinceTpMs=1790255
[00:38:13] [Render thread/INFO]: [ChunkLoadProbe] cache_center round=3, chunk=(0, 4), sinceTpMs=1792901
[00:38:13] [Render thread/INFO]: [ChunkLoadProbe] cache_center round=3, chunk=(-1, 4), sinceTpMs=1793252
[00:38:14] [Render thread/INFO]: [ChunkLoadProbe] cache_center round=3, chunk=(-1, 4), sinceTpMs=1794058
[00:38:21] [Render thread/INFO]: [ChunkLoadProbe] cache_center round=3, chunk=(-1, 5), sinceTpMs=1801060
[00:38:21] [Render thread/INFO]: [ChunkLoadProbe] cache_center round=3, chunk=(-1, 4), sinceTpMs=1801354
[00:38:22] [Render thread/INFO]: [ChunkLoadProbe] cache_center round=3, chunk=(-1, 5), sinceTpMs=1802266
[00:38:25] [Render thread/INFO]: [ChunkLoadProbe] cache_center round=3, chunk=(-1, 5), sinceTpMs=1805099
[00:38:25] [Render thread/INFO]: [ChunkLoadProbe] cache_center round=3, chunk=(-1, 4), sinceTpMs=1805617
[00:38:27] [Render thread/INFO]: [ChunkLoadProbe] cache_center round=3, chunk=(-1, 5), sinceTpMs=1806808
[00:38:28] [Render thread/INFO]: [ChunkLoadProbe] cache_center round=3, chunk=(-1, 4), sinceTpMs=1808054
[00:38:30] [Render thread/INFO]: [ChunkLoadProbe] cache_center round=3, chunk=(-1, 4), sinceTpMs=1810407
[00:38:31] [Render thread/INFO]: [ChunkLoadProbe] cache_center round=3, chunk=(-1, 5), sinceTpMs=1811508
[00:38:46] [Render thread/INFO]: [ChunkLoadProbe] cache_center round=3, chunk=(-2, 5), sinceTpMs=1826417
[00:39:06] [Render thread/INFO]: [ChunkLoadProbe] cache_center round=3, chunk=(-3, 5), sinceTpMs=1846204
[00:39:14] [Render thread/INFO]: [ChunkLoadProbe] cache_center round=3, chunk=(-2, 5), sinceTpMs=1854357
[00:39:16] [Render thread/INFO]: [ChunkLoadProbe] cache_center round=3, chunk=(-2, 4), sinceTpMs=1856461
[00:39:17] [Render thread/INFO]: [ChunkLoadProbe] cache_center round=3, chunk=(-2, 5), sinceTpMs=1856709
[00:39:24] [Render thread/INFO]: [ChunkLoadProbe] cache_center round=3, chunk=(-3, 5), sinceTpMs=1864313
[00:39:27] [Render thread/INFO]: [ChunkLoadProbe] cache_center round=3, chunk=(-2, 5), sinceTpMs=1867415
[00:39:33] [Render thread/INFO]: [ChunkLoadProbe] cache_center round=3, chunk=(-3, 5), sinceTpMs=1873457
[00:39:37] [Render thread/INFO]: [ChunkLoadProbe] cache_center round=3, chunk=(-2, 5), sinceTpMs=1876759
[00:39:39] [Render thread/INFO]: [ChunkLoadProbe] cache_center round=3, chunk=(-1, 5), sinceTpMs=1879204
[00:39:41] [Render thread/INFO]: [ChunkLoadProbe] cache_center round=3, chunk=(-1, 4), sinceTpMs=1880953
[00:39:42] [Render thread/INFO]: [ChunkLoadProbe] cache_center round=3, chunk=(-1, 5), sinceTpMs=1882407
[00:39:43] [Render thread/INFO]: [ChunkLoadProbe] cache_center round=3, chunk=(0, 5), sinceTpMs=1882704
[00:39:43] [Render thread/INFO]: [System] [CHAT] First position set to (5, -61, 82) (936).
[00:39:44] [Render thread/INFO]: [ChunkLoadProbe] cache_center round=3, chunk=(-1, 5), sinceTpMs=1884407
[00:39:44] [Render thread/INFO]: [ChunkLoadProbe] cache_center round=3, chunk=(-1, 4), sinceTpMs=1884600
[00:39:46] [Render thread/INFO]: [ChunkLoadProbe] cache_center round=3, chunk=(-2, 4), sinceTpMs=1885708
[00:39:46] [Render thread/INFO]: [ChunkLoadProbe] cache_center round=3, chunk=(-2, 3), sinceTpMs=1886106
[00:39:48] [Render thread/INFO]: [ChunkLoadProbe] cache_center round=3, chunk=(-2, 4), sinceTpMs=1888650
[00:39:49] [Render thread/INFO]: [ChunkLoadProbe] cache_center round=3, chunk=(-1, 4), sinceTpMs=1889256
[00:39:50] [Render thread/INFO]: [ChunkLoadProbe] cache_center round=3, chunk=(-1, 5), sinceTpMs=1889856
[00:39:54] [Render thread/INFO]: [System] [CHAT] 936 blocks affected
[00:39:54] [Render thread/INFO]: [System] [CHAT] 0 biomes affected
[00:39:54] [Render thread/INFO]: [System] [CHAT] 0 entities affected
[00:39:56] [Render thread/INFO]: [ChunkLoadProbe] cache_center round=3, chunk=(-2, 5), sinceTpMs=1896463
[00:39:57] [Render thread/INFO]: [ChunkLoadProbe] cache_center round=3, chunk=(-2, 6), sinceTpMs=1896913
[00:39:57] [Render thread/INFO]: [ChunkLoadProbe] cache_center round=3, chunk=(-3, 6), sinceTpMs=1897407
[00:40:01] [Render thread/INFO]: [System] [CHAT] The clipboard has been pasted at (-44, -60, 99)
[00:40:01] [Render thread/INFO]: [System] [CHAT] 936 blocks affected
[00:40:01] [Render thread/INFO]: [System] [CHAT] 0 biomes affected
[00:40:01] [Render thread/INFO]: [System] [CHAT] 0 entities affected
[00:40:01] [Render thread/INFO]: [ChunkLoadProbe] first_block_entity round=3, delayMs=1901015, sinceCommandMs=-1, firstChunkMs=5658, type=sophisticatedstorage:chest, block=(-33, -54, 96), chunk=(-3, 6), inWindow=true, receivedWindow=108/289, ignoredBlockEntities=0
[00:40:01] [Render thread/INFO]: [ChunkLoadProbe] block_entity_progress round=3, count=1, sinceTpMs=1901015, firstChunkMs=5658, firstBlockEntityMs=1901015, type=sophisticatedstorage:chest, block=(-33, -54, 96), chunk=(-3, 6), inWindow=true, receivedWindow=108/289, ignoredBlockEntities=0
[00:40:01] [Render thread/INFO]: [ChunkLoadProbe] block_entity_progress round=3, count=2, sinceTpMs=1901015, firstChunkMs=5658, firstBlockEntityMs=1901015, type=sophisticatedstorage:chest, block=(-34, -54, 96), chunk=(-3, 6), inWindow=true, receivedWindow=108/289, ignoredBlockEntities=0
[00:40:01] [Render thread/INFO]: [ChunkLoadProbe] block_entity_progress round=3, count=3, sinceTpMs=1901015, firstChunkMs=5658, firstBlockEntityMs=1901015, type=sophisticatedstorage:chest, block=(-36, -54, 96), chunk=(-3, 6), inWindow=true, receivedWindow=108/289, ignoredBlockEntities=0
[00:40:01] [Render thread/INFO]: [ChunkLoadProbe] block_entity_progress round=3, count=4, sinceTpMs=1901017, firstChunkMs=5658, firstBlockEntityMs=1901015, type=sophisticatedstorage:chest, block=(-35, -54, 96), chunk=(-3, 6), inWindow=true, receivedWindow=108/289, ignoredBlockEntities=0
[00:40:01] [Render thread/INFO]: [ChunkLoadProbe] block_entity_progress round=3, count=5, sinceTpMs=1901017, firstChunkMs=5658, firstBlockEntityMs=1901015, type=sophisticatedstorage:chest, block=(-34, -56, 98), chunk=(-3, 6), inWindow=true, receivedWindow=108/289, ignoredBlockEntities=0
[00:40:01] [Render thread/INFO]: [ChunkLoadProbe] block_entity_progress round=3, count=6, sinceTpMs=1901017, firstChunkMs=5658, firstBlockEntityMs=1901015, type=sophisticatedstorage:chest, block=(-36, -56, 98), chunk=(-3, 6), inWindow=true, receivedWindow=108/289, ignoredBlockEntities=0
[00:40:01] [Render thread/INFO]: [ChunkLoadProbe] block_entity_progress round=3, count=7, sinceTpMs=1901017, firstChunkMs=5658, firstBlockEntityMs=1901015, type=sophisticatedstorage:chest, block=(-33, -57, 99), chunk=(-3, 6), inWindow=true, receivedWindow=108/289, ignoredBlockEntities=0
[00:40:01] [Render thread/INFO]: [ChunkLoadProbe] block_entity_progress round=3, count=8, sinceTpMs=1901017, firstChunkMs=5658, firstBlockEntityMs=1901015, type=sophisticatedstorage:chest, block=(-35, -56, 98), chunk=(-3, 6), inWindow=true, receivedWindow=108/289, ignoredBlockEntities=0
[00:40:01] [Render thread/INFO]: [ChunkLoadProbe] block_entity_progress round=3, count=9, sinceTpMs=1901017, firstChunkMs=5658, firstBlockEntityMs=1901015, type=sophisticatedstorage:chest, block=(-34, -57, 99), chunk=(-3, 6), inWindow=true, receivedWindow=108/289, ignoredBlockEntities=0
[00:40:01] [Render thread/INFO]: [ChunkLoadProbe] block_entity_progress round=3, count=10, sinceTpMs=1901017, firstChunkMs=5658, firstBlockEntityMs=1901015, type=sophisticatedstorage:chest, block=(-35, -57, 99), chunk=(-3, 6), inWindow=true, receivedWindow=108/289, ignoredBlockEntities=0
[00:40:01] [Render thread/INFO]: [ChunkLoadProbe] block_entity_progress round=3, count=11, sinceTpMs=1901017, firstChunkMs=5658, firstBlockEntityMs=1901015, type=sophisticatedstorage:chest, block=(-33, -56, 98), chunk=(-3, 6), inWindow=true, receivedWindow=108/289, ignoredBlockEntities=0
[00:40:01] [Render thread/INFO]: [ChunkLoadProbe] block_entity_progress round=3, count=12, sinceTpMs=1901017, firstChunkMs=5658, firstBlockEntityMs=1901015, type=sophisticatedstorage:chest, block=(-36, -57, 99), chunk=(-3, 6), inWindow=true, receivedWindow=108/289, ignoredBlockEntities=0
[00:40:01] [Render thread/INFO]: [ChunkLoadProbe] block_entity_progress round=3, count=13, sinceTpMs=1901018, firstChunkMs=5658, firstBlockEntityMs=1901015, type=sophisticatedstorage:chest, block=(-36, -55, 97), chunk=(-3, 6), inWindow=true, receivedWindow=108/289, ignoredBlockEntities=0
[00:40:01] [Render thread/INFO]: [ChunkLoadProbe] block_entity_progress round=3, count=14, sinceTpMs=1901018, firstChunkMs=5658, firstBlockEntityMs=1901015, type=sophisticatedstorage:chest, block=(-35, -55, 97), chunk=(-3, 6), inWindow=true, receivedWindow=108/289, ignoredBlockEntities=0
[00:40:01] [Render thread/INFO]: [ChunkLoadProbe] block_entity_progress round=3, count=15, sinceTpMs=1901018, firstChunkMs=5658, firstBlockEntityMs=1901015, type=sophisticatedstorage:chest, block=(-34, -55, 97), chunk=(-3, 6), inWindow=true, receivedWindow=108/289, ignoredBlockEntities=0
[00:40:01] [Render thread/INFO]: [ChunkLoadProbe] block_entity_progress round=3, count=16, sinceTpMs=1901018, firstChunkMs=5658, firstBlockEntityMs=1901015, type=sophisticatedstorage:chest, block=(-32, -56, 98), chunk=(-2, 6), inWindow=true, receivedWindow=108/289, ignoredBlockEntities=0
[00:40:01] [Render thread/INFO]: [ChunkLoadProbe] block_entity_progress round=3, count=17, sinceTpMs=1901018, firstChunkMs=5658, firstBlockEntityMs=1901015, type=sophisticatedstorage:chest, block=(-32, -50, 92), chunk=(-2, 5), inWindow=true, receivedWindow=108/289, ignoredBlockEntities=0
[00:40:01] [Render thread/INFO]: [ChunkLoadProbe] block_entity_progress round=3, count=18, sinceTpMs=1901019, firstChunkMs=5658, firstBlockEntityMs=1901015, type=sophisticatedstorage:chest, block=(-32, -51, 93), chunk=(-2, 5), inWindow=true, receivedWindow=108/289, ignoredBlockEntities=0
[00:40:01] [Render thread/INFO]: [ChunkLoadProbe] block_entity_progress round=3, count=19, sinceTpMs=1901020, firstChunkMs=5658, firstBlockEntityMs=1901015, type=sophisticatedstorage:chest, block=(-36, -53, 95), chunk=(-3, 5), inWindow=true, receivedWindow=108/289, ignoredBlockEntities=0
[00:40:01] [Render thread/INFO]: [ChunkLoadProbe] block_entity_progress round=3, count=20, sinceTpMs=1901020, firstChunkMs=5658, firstBlockEntityMs=1901015, type=sophisticatedstorage:chest, block=(-35, -53, 95), chunk=(-3, 5), inWindow=true, receivedWindow=108/289, ignoredBlockEntities=0
[00:40:01] [Render thread/INFO]: [ChunkLoadProbe] block_entity_progress round=3, count=21, sinceTpMs=1901020, firstChunkMs=5658, firstBlockEntityMs=1901015, type=sophisticatedstorage:chest, block=(-34, -53, 95), chunk=(-3, 5), inWindow=true, receivedWindow=108/289, ignoredBlockEntities=0
[00:40:01] [Render thread/INFO]: [ChunkLoadProbe] block_entity_progress round=3, count=22, sinceTpMs=1901020, firstChunkMs=5658, firstBlockEntityMs=1901015, type=sophisticatedstorage:chest, block=(-33, -53, 95), chunk=(-3, 5), inWindow=true, receivedWindow=108/289, ignoredBlockEntities=0
[00:40:01] [Render thread/INFO]: [ChunkLoadProbe] block_entity_progress round=3, count=23, sinceTpMs=1901021, firstChunkMs=5658, firstBlockEntityMs=1901015, type=sophisticatedstorage:chest, block=(-36, -52, 94), chunk=(-3, 5), inWindow=true, receivedWindow=108/289, ignoredBlockEntities=0
[00:40:01] [Render thread/INFO]: [ChunkLoadProbe] block_entity_progress round=3, count=24, sinceTpMs=1901021, firstChunkMs=5658, firstBlockEntityMs=1901015, type=sophisticatedstorage:chest, block=(-34, -51, 93), chunk=(-3, 5), inWindow=true, receivedWindow=108/289, ignoredBlockEntities=0
[00:40:01] [Render thread/INFO]: [ChunkLoadProbe] block_entity_progress round=3, count=25, sinceTpMs=1901021, firstChunkMs=5658, firstBlockEntityMs=1901015, type=sophisticatedstorage:chest, block=(-33, -51, 93), chunk=(-3, 5), inWindow=true, receivedWindow=108/289, ignoredBlockEntities=0
[00:40:01] [Render thread/INFO]: [ChunkLoadProbe] block_entity_progress round=3, count=26, sinceTpMs=1901021, firstChunkMs=5658, firstBlockEntityMs=1901015, type=sophisticatedstorage:chest, block=(-36, -51, 93), chunk=(-3, 5), inWindow=true, receivedWindow=108/289, ignoredBlockEntities=0
[00:40:01] [Render thread/INFO]: [ChunkLoadProbe] block_entity_progress round=3, count=27, sinceTpMs=1901021, firstChunkMs=5658, firstBlockEntityMs=1901015, type=sophisticatedstorage:chest, block=(-35, -51, 93), chunk=(-3, 5), inWindow=true, receivedWindow=108/289, ignoredBlockEntities=0
[00:40:01] [Render thread/INFO]: [ChunkLoadProbe] block_entity_progress round=3, count=28, sinceTpMs=1901021, firstChunkMs=5658, firstBlockEntityMs=1901015, type=sophisticatedstorage:chest, block=(-33, -50, 92), chunk=(-3, 5), inWindow=true, receivedWindow=108/289, ignoredBlockEntities=0
[00:40:01] [Render thread/INFO]: [ChunkLoadProbe] block_entity_progress round=3, count=29, sinceTpMs=1901021, firstChunkMs=5658, firstBlockEntityMs=1901015, type=sophisticatedstorage:chest, block=(-34, -50, 92), chunk=(-3, 5), inWindow=true, receivedWindow=108/289, ignoredBlockEntities=0
[00:40:01] [Render thread/INFO]: [ChunkLoadProbe] block_entity_progress round=3, count=30, sinceTpMs=1901021, firstChunkMs=5658, firstBlockEntityMs=1901015, type=sophisticatedstorage:chest, block=(-35, -50, 92), chunk=(-3, 5), inWindow=true, receivedWindow=108/289, ignoredBlockEntities=0
[00:40:01] [Render thread/INFO]: [ChunkLoadProbe] block_entity_progress round=3, count=31, sinceTpMs=1901021, firstChunkMs=5658, firstBlockEntityMs=1901015, type=sophisticatedstorage:chest, block=(-36, -50, 92), chunk=(-3, 5), inWindow=true, receivedWindow=108/289, ignoredBlockEntities=0
[00:40:03] [Render thread/INFO]: [ChunkLoadProbe] cache_center round=3, chunk=(-3, 5), sinceTpMs=1903608
[00:40:06] [Render thread/INFO]: [System] [CHAT] Undid 1 available edits.
[00:40:06] [Render thread/INFO]: [ChunkLoadProbe] cache_center round=3, chunk=(-2, 5), sinceTpMs=1906405
[00:40:07] [Render thread/INFO]: [ChunkLoadProbe] cache_center round=3, chunk=(-1, 5), sinceTpMs=1907351
[00:40:08] [Render thread/INFO]: [ChunkLoadProbe] cache_center round=3, chunk=(0, 5), sinceTpMs=1908558
[00:40:11] [Render thread/INFO]: [System] [CHAT] First position set to (6, -61, 83) (1170).
[00:40:12] [Render thread/INFO]: [ChunkLoadProbe] cache_center round=3, chunk=(0, 4), sinceTpMs=1911808
[00:40:12] [Render thread/INFO]: [ChunkLoadProbe] cache_center round=3, chunk=(-1, 4), sinceTpMs=1912057
[00:40:13] [Render thread/INFO]: [ChunkLoadProbe] cache_center round=3, chunk=(-1, 3), sinceTpMs=1913105
[00:40:13] [Render thread/INFO]: [ChunkLoadProbe] cache_center round=3, chunk=(-2, 3), sinceTpMs=1913206
[00:40:14] [Render thread/INFO]: [System] [CHAT] Second position set to (-19, -60, 58) (1352).
[00:40:15] [Render thread/INFO]: [ChunkLoadProbe] cache_center round=3, chunk=(-1, 3), sinceTpMs=1915468
[00:40:15] [Render thread/INFO]: [ChunkLoadProbe] cache_center round=3, chunk=(-1, 4), sinceTpMs=1915519
[00:40:17] [Render thread/INFO]: [ChunkLoadProbe] cache_center round=3, chunk=(-1, 5), sinceTpMs=1917011
[00:40:21] [Render thread/INFO]: [ChunkLoadProbe] cache_center round=3, chunk=(-1, 4), sinceTpMs=1921161
[00:40:25] [Render thread/INFO]: [System] [CHAT] 1352 blocks affected
[00:40:25] [Render thread/INFO]: [System] [CHAT] 0 biomes affected
[00:40:25] [Render thread/INFO]: [System] [CHAT] 0 entities affected
[00:40:27] [Render thread/INFO]: [ChunkLoadProbe] cache_center round=3, chunk=(-2, 4), sinceTpMs=1926806
[00:40:27] [Render thread/INFO]: [ChunkLoadProbe] cache_center round=3, chunk=(-2, 5), sinceTpMs=1927060
[00:40:28] [Render thread/INFO]: [ChunkLoadProbe] cache_center round=3, chunk=(-3, 5), sinceTpMs=1927932
[00:40:31] [Render thread/INFO]: [System] [CHAT] The clipboard has been pasted at (-46, -60, 91)
[00:40:31] [Render thread/INFO]: [System] [CHAT] 1352 blocks affected
[00:40:31] [Render thread/INFO]: [System] [CHAT] 0 biomes affected
[00:40:31] [Render thread/INFO]: [System] [CHAT] 0 entities affected
[00:40:33] [Render thread/INFO]: [ChunkLoadProbe] cache_center round=3, chunk=(-3, 5), sinceTpMs=1933306
[00:40:34] [Render thread/INFO]: [ChunkLoadProbe] cache_center round=3, chunk=(-2, 5), sinceTpMs=1934509
[00:40:35] [Render thread/INFO]: [System] [CHAT] Undid 1 available edits.
[00:40:37] [Render thread/INFO]: [ChunkLoadProbe] cache_center round=3, chunk=(-1, 5), sinceTpMs=1937553
[00:40:39] [Render thread/INFO]: [ChunkLoadProbe] cache_center round=3, chunk=(-1, 5), sinceTpMs=1939561
[00:40:40] [Render thread/INFO]: [ChunkLoadProbe] cache_center round=3, chunk=(-1, 4), sinceTpMs=1939965
[00:40:46] [Render thread/INFO]: [System] [CHAT] 1352 blocks affected
[00:40:46] [Render thread/INFO]: [System] [CHAT] 0 biomes affected
[00:40:46] [Render thread/INFO]: [System] [CHAT] 0 entities affected
[00:40:48] [Render thread/INFO]: [ChunkLoadProbe] cache_center round=3, chunk=(-1, 5), sinceTpMs=1948002
[00:40:48] [Render thread/INFO]: [ChunkLoadProbe] cache_center round=3, chunk=(-2, 5), sinceTpMs=1948307
[00:40:49] [Render thread/INFO]: [ChunkLoadProbe] cache_center round=3, chunk=(-3, 5), sinceTpMs=1949614
[00:40:56] [Render thread/INFO]: [System] [CHAT] The clipboard has been pasted at (-37, -60, 92)
[00:40:56] [Render thread/INFO]: [System] [CHAT] 1352 blocks affected
[00:40:56] [Render thread/INFO]: [System] [CHAT] 0 biomes affected
[00:40:56] [Render thread/INFO]: [System] [CHAT] 0 entities affected
[00:40:57] [Render thread/INFO]: [ChunkLoadProbe] cache_center round=3, chunk=(-2, 5), sinceTpMs=1957353
[00:40:58] [Render thread/INFO]: [ChunkLoadProbe] cache_center round=3, chunk=(-2, 5), sinceTpMs=1957958
[00:41:00] [Render thread/INFO]: [ChunkLoadProbe] cache_center round=3, chunk=(-3, 5), sinceTpMs=1960625
[00:41:01] [Render thread/INFO]: [ChunkLoadProbe] cache_center round=3, chunk=(-3, 6), sinceTpMs=1961374
[00:41:10] [Render thread/INFO]: [ChunkLoadProbe] cache_center round=3, chunk=(-3, 5), sinceTpMs=1969958
[00:41:11] [Render thread/INFO]: [ChunkLoadProbe] cache_center round=3, chunk=(-2, 5), sinceTpMs=1971302
[00:41:13] [Render thread/INFO]: [ChunkLoadProbe] cache_center round=3, chunk=(-2, 6), sinceTpMs=1973652
[00:41:14] [Render thread/INFO]: [ChunkLoadProbe] cache_center round=3, chunk=(-3, 6), sinceTpMs=1973712
[00:41:15] [Render thread/INFO]: [ChunkLoadProbe] cache_center round=3, chunk=(-3, 5), sinceTpMs=1974661
[00:41:16] [Render thread/INFO]: [ChunkLoadProbe] cache_center round=3, chunk=(-3, 6), sinceTpMs=1975855
[00:41:17] [Render thread/INFO]: [ChunkLoadProbe] cache_center round=3, chunk=(-3, 6), sinceTpMs=1977406
[00:41:17] [Render thread/INFO]: [ChunkLoadProbe] cache_center round=3, chunk=(-2, 6), sinceTpMs=1977551
[00:41:18] [Render thread/INFO]: [ChunkLoadProbe] cache_center round=3, chunk=(-2, 5), sinceTpMs=1978412
[00:41:20] [Render thread/INFO]: [System] [CHAT] First position set to (-20, -61, 84) (108).
[00:41:21] [Render thread/INFO]: [ChunkLoadProbe] cache_center round=3, chunk=(-1, 5), sinceTpMs=1981208
[00:41:21] [Render thread/INFO]: [ChunkLoadProbe] cache_center round=3, chunk=(-1, 4), sinceTpMs=1981261
[00:41:22] [Render thread/INFO]: [ChunkLoadProbe] cache_center round=3, chunk=(0, 3), sinceTpMs=1982459
[00:41:23] [Render thread/INFO]: [System] [CHAT] Second position set to (7, -61, 57) (784).
[00:41:28] [Render thread/INFO]: [System] [CHAT] Operation completed (784 blocks affected).
[00:41:29] [Render thread/INFO]: [ChunkLoadProbe] cache_center round=3, chunk=(0, 4), sinceTpMs=1989407
[00:41:30] [Render thread/INFO]: [ChunkLoadProbe] cache_center round=3, chunk=(-1, 4), sinceTpMs=1990202
[00:41:30] [Render thread/INFO]: [ChunkLoadProbe] cache_center round=3, chunk=(-1, 5), sinceTpMs=1990504
[00:41:31] [Render thread/INFO]: [ChunkLoadProbe] cache_center round=3, chunk=(-1, 6), sinceTpMs=1991461
[00:41:31] [Render thread/INFO]: [ChunkLoadProbe] cache_center round=3, chunk=(-2, 6), sinceTpMs=1991552
[00:41:32] [Render thread/INFO]: [ChunkLoadProbe] cache_center round=3, chunk=(-1, 6), sinceTpMs=1992404
[00:41:34] [Render thread/INFO]: [ChunkLoadProbe] cache_center round=3, chunk=(-1, 5), sinceTpMs=1993808
[00:41:35] [Render thread/INFO]: [ChunkLoadProbe] cache_center round=3, chunk=(-2, 5), sinceTpMs=1995200
[00:41:35] [Render thread/INFO]: [ChunkLoadProbe] cache_center round=3, chunk=(-2, 6), sinceTpMs=1995254
[00:41:36] [Render thread/INFO]: [ChunkLoadProbe] cache_center round=3, chunk=(-2, 7), sinceTpMs=1996357
[00:41:38] [Render thread/INFO]: [ChunkLoadProbe] cache_center round=3, chunk=(-3, 7), sinceTpMs=1997756
[00:41:38] [Render thread/INFO]: [ChunkLoadProbe] cache_center round=3, chunk=(-3, 6), sinceTpMs=1998154
[00:41:40] [Render thread/INFO]: [ChunkLoadProbe] cache_center round=3, chunk=(-3, 5), sinceTpMs=1999856
[00:41:40] [Render thread/INFO]: [ChunkLoadProbe] cache_center round=3, chunk=(-2, 5), sinceTpMs=2000205
[00:41:40] [Render thread/INFO]: [ChunkLoadProbe] cache_center round=3, chunk=(-3, 5), sinceTpMs=2000450
[00:41:42] [Render thread/INFO]: [ChunkLoadProbe] cache_center round=3, chunk=(-4, 5), sinceTpMs=2002502
[00:41:43] [Render thread/INFO]: [ChunkLoadProbe] cache_center round=3, chunk=(-3, 5), sinceTpMs=2002757
[00:41:45] [Render thread/INFO]: [ChunkLoadProbe] cache_center round=3, chunk=(-3, 6), sinceTpMs=2005059
[00:41:46] [Render thread/INFO]: [ChunkLoadProbe] cache_center round=3, chunk=(-2, 6), sinceTpMs=2006261
[00:41:46] [Render thread/INFO]: [ChunkLoadProbe] cache_center round=3, chunk=(-3, 6), sinceTpMs=2006654
[00:41:49] [Render thread/INFO]: [ChunkLoadProbe] cache_center round=3, chunk=(-3, 5), sinceTpMs=2009303
[00:41:53] [Render thread/INFO]: [ChunkLoadProbe] cache_center round=3, chunk=(-3, 6), sinceTpMs=2013610
[00:41:54] [Render thread/INFO]: [ChunkLoadProbe] cache_center round=3, chunk=(-3, 5), sinceTpMs=2013965
[00:42:04] [Render thread/INFO]: [ChunkLoadProbe] cache_center round=3, chunk=(-3, 6), sinceTpMs=2024404
[00:42:05] [Render thread/INFO]: [ChunkLoadProbe] cache_center round=3, chunk=(-2, 6), sinceTpMs=2025159
[00:42:07] [Render thread/INFO]: [ChunkLoadProbe] cache_center round=3, chunk=(-2, 5), sinceTpMs=2026850
[00:42:07] [Render thread/INFO]: [ChunkLoadProbe] cache_center round=3, chunk=(-2, 6), sinceTpMs=2027509
[00:42:08] [Render thread/INFO]: [ChunkLoadProbe] cache_center round=3, chunk=(-3, 6), sinceTpMs=2028202
[00:42:10] [Render thread/INFO]: [ChunkLoadProbe] cache_center round=3, chunk=(-3, 5), sinceTpMs=2030151
[00:42:11] [Render thread/INFO]: [ChunkLoadProbe] cache_center round=3, chunk=(-3, 6), sinceTpMs=2031606
[00:42:14] [Render thread/INFO]: [ChunkLoadProbe] cache_center round=3, chunk=(-3, 5), sinceTpMs=2034652
[00:42:15] [Render thread/INFO]: [ChunkLoadProbe] cache_center round=3, chunk=(-4, 5), sinceTpMs=2035006
[00:42:15] [Render thread/INFO]: [ChunkLoadProbe] cache_center round=3, chunk=(-3, 5), sinceTpMs=2035608
[00:42:18] [Render thread/INFO]: [ChunkLoadProbe] cache_center round=3, chunk=(-2, 5), sinceTpMs=2037958
[00:42:19] [Render thread/INFO]: [ChunkLoadProbe] cache_center round=3, chunk=(-2, 6), sinceTpMs=2039253
[00:42:20] [Render thread/INFO]: [ChunkLoadProbe] cache_center round=3, chunk=(-3, 6), sinceTpMs=2040374
[00:42:23] [Render thread/INFO]: [ChunkLoadProbe] cache_center round=3, chunk=(-3, 5), sinceTpMs=2043309
[00:42:26] [Render thread/INFO]: [ChunkLoadProbe] cache_center round=3, chunk=(-3, 6), sinceTpMs=2046351
[00:42:34] [Render thread/INFO]: [ChunkLoadProbe] cache_center round=3, chunk=(-2, 6), sinceTpMs=2054253
[00:42:34] [Render thread/INFO]: [ChunkLoadProbe] cache_center round=3, chunk=(-3, 6), sinceTpMs=2054358
[00:42:38] [Render thread/INFO]: [ChunkLoadProbe] cache_center round=3, chunk=(-2, 6), sinceTpMs=2058551
[00:42:39] [Render thread/INFO]: [ChunkLoadProbe] cache_center round=3, chunk=(-2, 5), sinceTpMs=2059112
[00:42:39] [Render thread/INFO]: [ChunkLoadProbe] cache_center round=3, chunk=(-3, 5), sinceTpMs=2059300
[00:42:40] [Render thread/INFO]: [ChunkLoadProbe] cache_center round=3, chunk=(-3, 6), sinceTpMs=2060610
[00:43:15] [Render thread/INFO]: [ChunkLoadProbe] cache_center round=3, chunk=(-3, 5), sinceTpMs=2094962
[00:43:19] [Render thread/INFO]: [ChunkLoadProbe] cache_center round=3, chunk=(-3, 6), sinceTpMs=2098802
[00:43:25] [Render thread/INFO]: [ChunkLoadProbe] cache_center round=3, chunk=(-3, 5), sinceTpMs=2105350
[00:43:28] [Render thread/INFO]: [ChunkLoadProbe] cache_center round=3, chunk=(-3, 6), sinceTpMs=2108010
[00:43:44] [Render thread/INFO]: [ChunkLoadProbe] cache_center round=3, chunk=(-3, 5), sinceTpMs=2124309
[00:43:46] [Render thread/INFO]: [ChunkLoadProbe] cache_center round=3, chunk=(-2, 5), sinceTpMs=2126650
[00:43:48] [Render thread/INFO]: [ChunkLoadProbe] cache_center round=3, chunk=(-3, 5), sinceTpMs=2127705
[00:43:48] [Render thread/INFO]: [ChunkLoadProbe] cache_center round=3, chunk=(-3, 6), sinceTpMs=2128358
[00:43:49] [Render thread/INFO]: [ChunkLoadProbe] cache_center round=3, chunk=(-2, 6), sinceTpMs=2128721
[00:43:49] [Render thread/INFO]: [ChunkLoadProbe] cache_center round=3, chunk=(-1, 6), sinceTpMs=2129653
[00:43:50] [Render thread/INFO]: [ChunkLoadProbe] cache_center round=3, chunk=(-1, 5), sinceTpMs=2130064
[00:43:50] [Render thread/INFO]: [ChunkLoadProbe] cache_center round=3, chunk=(-1, 6), sinceTpMs=2130414
[00:43:52] [Render thread/INFO]: [ChunkLoadProbe] cache_center round=3, chunk=(-2, 6), sinceTpMs=2131912
[00:43:53] [Render thread/INFO]: [ChunkLoadProbe] cache_center round=3, chunk=(-2, 5), sinceTpMs=2133202
[00:43:53] [Render thread/INFO]: [ChunkLoadProbe] cache_center round=3, chunk=(-2, 5), sinceTpMs=2133407
[00:43:53] [Render thread/INFO]: [ChunkLoadProbe] cache_center round=3, chunk=(-1, 5), sinceTpMs=2133608
[00:43:55] [Render thread/INFO]: [ChunkLoadProbe] cache_center round=3, chunk=(-2, 5), sinceTpMs=2134952
[00:43:58] [Render thread/INFO]: [System] [CHAT] Undid 1 available edits.
[00:44:05] [Render thread/INFO]: [System] [CHAT] Redid 1 available edits.
[00:44:06] [Render thread/INFO]: [ChunkLoadProbe] cache_center round=3, chunk=(-2, 6), sinceTpMs=2146249
[00:44:13] [Render thread/INFO]: [ChunkLoadProbe] cache_center round=3, chunk=(-1, 5), sinceTpMs=2152769
[00:44:14] [Render thread/INFO]: [ChunkLoadProbe] cache_center round=3, chunk=(0, 5), sinceTpMs=2153712
[00:44:14] [Render thread/INFO]: [ChunkLoadProbe] cache_center round=3, chunk=(-1, 5), sinceTpMs=2154405
[00:44:15] [Render thread/INFO]: [ChunkLoadProbe] cache_center round=3, chunk=(0, 5), sinceTpMs=2155559
[00:44:18] [Render thread/INFO]: [ChunkLoadProbe] cache_center round=3, chunk=(-1, 5), sinceTpMs=2158304
[00:44:19] [Render thread/INFO]: [ChunkLoadProbe] cache_center round=3, chunk=(-1, 6), sinceTpMs=2159257
[00:44:20] [Render thread/INFO]: [ChunkLoadProbe] cache_center round=3, chunk=(-2, 6), sinceTpMs=2159903
[00:44:21] [Render thread/INFO]: [ChunkLoadProbe] cache_center round=3, chunk=(-3, 6), sinceTpMs=2161558
[00:44:22] [Render thread/INFO]: [ChunkLoadProbe] cache_center round=3, chunk=(-3, 5), sinceTpMs=2161957
[00:44:22] [Render thread/INFO]: [ChunkLoadProbe] cache_center round=3, chunk=(-3, 6), sinceTpMs=2162606
[00:44:24] [Render thread/INFO]: [ChunkLoadProbe] cache_center round=3, chunk=(-3, 5), sinceTpMs=2164509
[00:44:25] [Render thread/INFO]: [ChunkLoadProbe] cache_center round=3, chunk=(-2, 5), sinceTpMs=2164811
[00:44:26] [Render thread/INFO]: [ChunkLoadProbe] cache_center round=3, chunk=(-1, 5), sinceTpMs=2165806
[00:44:29] [Render thread/INFO]: [ChunkLoadProbe] cache_center round=3, chunk=(0, 5), sinceTpMs=2169062
[00:44:40] [Render thread/INFO]: [ChunkLoadProbe] cache_center round=3, chunk=(-1, 5), sinceTpMs=2179663
[00:44:40] [Render thread/INFO]: [ChunkLoadProbe] cache_center round=3, chunk=(-1, 4), sinceTpMs=2180558
[00:44:42] [Render thread/INFO]: [ChunkLoadProbe] cache_center round=3, chunk=(0, 4), sinceTpMs=2181957
[00:44:42] [Render thread/INFO]: [ChunkLoadProbe] cache_center round=3, chunk=(-1, 4), sinceTpMs=2182307
[00:44:43] [Render thread/INFO]: [ChunkLoadProbe] cache_center round=3, chunk=(-1, 4), sinceTpMs=2182904
[00:44:44] [Render thread/INFO]: [ChunkLoadProbe] cache_center round=3, chunk=(-1, 5), sinceTpMs=2183907
[00:44:46] [Render thread/INFO]: [ChunkLoadProbe] cache_center round=3, chunk=(0, 5), sinceTpMs=2185762
[00:44:46] [Render thread/INFO]: [ChunkLoadProbe] cache_center round=3, chunk=(-1, 5), sinceTpMs=2186610
[00:44:49] [Render thread/INFO]: [ChunkLoadProbe] cache_center round=3, chunk=(0, 5), sinceTpMs=2189109
[00:44:49] [Render thread/INFO]: [ChunkLoadProbe] cache_center round=3, chunk=(0, 4), sinceTpMs=2189315
[00:44:51] [Render thread/INFO]: [ChunkLoadProbe] cache_center round=3, chunk=(0, 4), sinceTpMs=2191006
[00:44:52] [Render thread/INFO]: [ChunkLoadProbe] cache_center round=3, chunk=(0, 4), sinceTpMs=2192603
[00:44:53] [Render thread/INFO]: [ChunkLoadProbe] cache_center round=3, chunk=(0, 5), sinceTpMs=2193109
[00:44:53] [Render thread/INFO]: [ChunkLoadProbe] cache_center round=3, chunk=(-1, 5), sinceTpMs=2193357
[00:44:55] [Render thread/INFO]: [ChunkLoadProbe] cache_center round=3, chunk=(0, 5), sinceTpMs=2195361
[00:45:00] [Render thread/INFO]: [ChunkLoadProbe] cache_center round=3, chunk=(0, 4), sinceTpMs=2199766
[00:45:01] [Render thread/INFO]: [ChunkLoadProbe] cache_center round=3, chunk=(0, 4), sinceTpMs=2201507
[00:45:02] [Render thread/INFO]: [ChunkLoadProbe] cache_center round=3, chunk=(0, 4), sinceTpMs=2202506
[00:45:03] [Render thread/INFO]: [ChunkLoadProbe] cache_center round=3, chunk=(0, 5), sinceTpMs=2203303
[00:45:11] [Render thread/INFO]: [ChunkLoadProbe] cache_center round=3, chunk=(-1, 5), sinceTpMs=2211551
[00:45:12] [Render thread/INFO]: [ChunkLoadProbe] cache_center round=3, chunk=(0, 5), sinceTpMs=2211903
[00:45:22] [Render thread/INFO]: [ChunkLoadProbe] cache_center round=3, chunk=(-1, 5), sinceTpMs=2222652
[00:45:34] [Render thread/INFO]: [ChunkLoadProbe] cache_center round=3, chunk=(0, 5), sinceTpMs=2234557
[00:45:36] [Render thread/INFO]: [ChunkLoadProbe] cache_center round=3, chunk=(0, 6), sinceTpMs=2236207
[00:45:37] [Render thread/INFO]: [ChunkLoadProbe] cache_center round=3, chunk=(0, 5), sinceTpMs=2237552
[00:45:48] [Render thread/INFO]: [ChunkLoadProbe] cache_center round=3, chunk=(0, 4), sinceTpMs=2248410
[00:45:50] [Render thread/INFO]: [ChunkLoadProbe] cache_center round=3, chunk=(-1, 4), sinceTpMs=2249801
[00:45:51] [Render thread/INFO]: [ChunkLoadProbe] cache_center round=3, chunk=(0, 4), sinceTpMs=2251001
[00:45:51] [Render thread/INFO]: [ChunkLoadProbe] cache_center round=3, chunk=(0, 4), sinceTpMs=2251355
[00:45:52] [Render thread/INFO]: [ChunkLoadProbe] cache_center round=3, chunk=(-1, 4), sinceTpMs=2251708
[00:45:52] [Render thread/INFO]: [ChunkLoadProbe] cache_center round=3, chunk=(-1, 4), sinceTpMs=2252363
[00:45:52] [Render thread/INFO]: [ChunkLoadProbe] cache_center round=3, chunk=(-1, 5), sinceTpMs=2252503
[00:45:56] [Render thread/INFO]: [ChunkLoadProbe] cache_center round=3, chunk=(0, 5), sinceTpMs=2256306
[00:45:57] [Render thread/INFO]: [ChunkLoadProbe] cache_center round=3, chunk=(0, 6), sinceTpMs=2257407
[00:45:58] [Render thread/INFO]: [ChunkLoadProbe] cache_center round=3, chunk=(0, 5), sinceTpMs=2258205
[00:45:59] [Render thread/INFO]: [ChunkLoadProbe] cache_center round=3, chunk=(-1, 5), sinceTpMs=2258705
[00:46:02] [Render thread/INFO]: [ChunkLoadProbe] cache_center round=3, chunk=(0, 5), sinceTpMs=2261917
[00:46:03] [Render thread/INFO]: [ChunkLoadProbe] cache_center round=3, chunk=(0, 6), sinceTpMs=2262760
[00:46:03] [Render thread/INFO]: [ChunkLoadProbe] cache_center round=3, chunk=(0, 5), sinceTpMs=2263402
[00:46:04] [Render thread/INFO]: [ChunkLoadProbe] cache_center round=3, chunk=(-1, 5), sinceTpMs=2264258
[00:46:06] [Render thread/INFO]: [ChunkLoadProbe] cache_center round=3, chunk=(0, 5), sinceTpMs=2266604
[00:46:07] [Render thread/INFO]: [ChunkLoadProbe] cache_center round=3, chunk=(0, 6), sinceTpMs=2267562
[00:46:08] [Render thread/INFO]: [ChunkLoadProbe] cache_center round=3, chunk=(0, 5), sinceTpMs=2268501
[00:46:10] [Render thread/INFO]: [ChunkLoadProbe] cache_center round=3, chunk=(-1, 5), sinceTpMs=2270001
[00:46:11] [Render thread/INFO]: [ChunkLoadProbe] cache_center round=3, chunk=(0, 5), sinceTpMs=2271209
[00:46:12] [Render thread/INFO]: [ChunkLoadProbe] cache_center round=3, chunk=(0, 6), sinceTpMs=2272063
[00:46:13] [Render thread/INFO]: [ChunkLoadProbe] cache_center round=3, chunk=(0, 5), sinceTpMs=2272915
[00:46:14] [Render thread/INFO]: [ChunkLoadProbe] cache_center round=3, chunk=(0, 6), sinceTpMs=2274555
[00:46:17] [Render thread/INFO]: [ChunkLoadProbe] cache_center round=3, chunk=(0, 5), sinceTpMs=2277317
[00:46:30] [Render thread/INFO]: [ChunkLoadProbe] cache_center round=3, chunk=(0, 6), sinceTpMs=2290001
[00:46:31] [Render thread/INFO]: [ChunkLoadProbe] cache_center round=3, chunk=(0, 5), sinceTpMs=2291265
[00:46:31] [Render thread/INFO]: [ChunkLoadProbe] cache_center round=3, chunk=(0, 6), sinceTpMs=2291553
[00:46:36] [Render thread/INFO]: [ChunkLoadProbe] cache_center round=3, chunk=(0, 5), sinceTpMs=2296316
[00:46:37] [Render thread/INFO]: [ChunkLoadProbe] cache_center round=3, chunk=(0, 6), sinceTpMs=2296810
[00:46:46] [Render thread/INFO]: [ChunkLoadProbe] cache_center round=3, chunk=(0, 5), sinceTpMs=2306605
[00:46:47] [Render thread/INFO]: [ChunkLoadProbe] cache_center round=3, chunk=(0, 6), sinceTpMs=2307053
[00:46:49] [Render thread/INFO]: [ChunkLoadProbe] cache_center round=3, chunk=(0, 5), sinceTpMs=2308708
[00:46:49] [Render thread/INFO]: [ChunkLoadProbe] cache_center round=3, chunk=(0, 6), sinceTpMs=2309617
[00:46:52] [Render thread/INFO]: [ChunkLoadProbe] cache_center round=3, chunk=(0, 5), sinceTpMs=2312157
[00:46:52] [Render thread/INFO]: [ChunkLoadProbe] cache_center round=3, chunk=(0, 6), sinceTpMs=2312652
[00:46:55] [Render thread/INFO]: [ChunkLoadProbe] cache_center round=3, chunk=(0, 5), sinceTpMs=2314808
[00:46:55] [Render thread/INFO]: [ChunkLoadProbe] cache_center round=3, chunk=(0, 6), sinceTpMs=2315208
[00:46:57] [Render thread/INFO]: [ChunkLoadProbe] cache_center round=3, chunk=(0, 5), sinceTpMs=2317452
[00:48:01] [Render thread/INFO]: Listing events...
[00:48:01] [Render thread/INFO]: World join: 2
[00:48:01] [Render thread/INFO]:   Singleplayer: 2
[00:48:01] [Render thread/INFO]:   Multiplayer: 0
[00:48:01] [Render thread/INFO]: Client Level Updates: 5
[00:48:01] [Render thread/INFO]: Client Player Logout: 3
[00:48:01] [Render thread/INFO]: Server Player Logout: 1
[00:48:01] [Render thread/INFO]: Server Stopped: 1
[00:48:01] [Render thread/INFO]: Listing memory leaks so far...
[00:48:01] [Render thread/INFO]: B: 5022MB / C: 5084MB / Diff: +62MB
[00:48:01] [Render thread/INFO]: Memory Leaks detected: (/atl force_refresh to update)
[00:48:01] [Render thread/INFO]: | Player:
[00:48:01] [Render thread/INFO]: |- ServerPlayer (minecraft): 1
[00:48:01] [Render thread/INFO]: |- LocalPlayer (minecraft): 1
[00:48:01] [Render thread/INFO]: | Level:
[00:48:01] [Render thread/INFO]: |- ServerLevel (minecraft): 19
[00:48:01] [Render thread/INFO]: |- ClientLevel (minecraft): 1
[00:48:01] [Render thread/INFO]: | MinecraftServer:
[00:48:01] [Render thread/INFO]: |- IntegratedServer (minecraft): 1
[00:48:01] [Render thread/INFO]: | ChunkAccess:
[00:48:01] [Render thread/INFO]: |- LevelChunk (minecraft): 42
[00:58:01] [Render thread/INFO]: Listing events...
[00:58:01] [Render thread/INFO]: World join: 2
[00:58:01] [Render thread/INFO]:   Singleplayer: 2
[00:58:01] [Render thread/INFO]:   Multiplayer: 0
[00:58:01] [Render thread/INFO]: Client Level Updates: 5
[00:58:01] [Render thread/INFO]: Client Player Logout: 3
[00:58:01] [Render thread/INFO]: Server Player Logout: 1
[00:58:01] [Render thread/INFO]: Server Stopped: 1
[00:58:01] [Render thread/INFO]: Listing memory leaks so far...
[00:58:01] [Render thread/INFO]: B: 5022MB / C: 5089MB / Diff: +67MB
[00:58:01] [Render thread/INFO]: Memory Leaks detected: (/atl force_refresh to update)
[00:58:01] [Render thread/INFO]: | Player:
[00:58:01] [Render thread/INFO]: |- ServerPlayer (minecraft): 1
[00:58:01] [Render thread/INFO]: |- LocalPlayer (minecraft): 1
[00:58:01] [Render thread/INFO]: | Level:
[00:58:01] [Render thread/INFO]: |- ServerLevel (minecraft): 19
[00:58:01] [Render thread/INFO]: |- ClientLevel (minecraft): 1
[00:58:01] [Render thread/INFO]: | MinecraftServer:
[00:58:01] [Render thread/INFO]: |- IntegratedServer (minecraft): 1
[00:58:01] [Render thread/INFO]: | ChunkAccess:
[00:58:01] [Render thread/INFO]: |- LevelChunk (minecraft): 42
[00:59:44] [ForkJoinPool.commonPool-worker-143/ERROR]: Unable to fetch data for datasync:entitlements[c3a0fe15-9fc5-46d7-89bf-7350618f5e4d]
java.util.concurrent.CompletionException: java.lang.RuntimeException: java.net.http.HttpConnectTimeoutException: HTTP connect timed out
	at java.util.concurrent.CompletableFuture.encodeThrowable(CompletableFuture.java:315) ~[?:?]
	at java.util.concurrent.CompletableFuture.completeThrowable(CompletableFuture.java:320) ~[?:?]
	at java.util.concurrent.CompletableFuture$AsyncSupply.run(CompletableFuture.java:1770) ~[?:?]
	at java.util.concurrent.CompletableFuture$AsyncSupply.exec(CompletableFuture.java:1760) ~[?:?]
	at java.util.concurrent.ForkJoinTask.doExec(ForkJoinTask.java:373) ~[?:?]
	at java.util.concurrent.ForkJoinPool$WorkQueue.topLevelExec(ForkJoinPool.java:1182) ~[?:?]
	at java.util.concurrent.ForkJoinPool.scan(ForkJoinPool.java:1655) ~[?:?]
	at java.util.concurrent.ForkJoinPool.runWorker(ForkJoinPool.java:1622) ~[?:?]
	at java.util.concurrent.ForkJoinWorkerThread.run(ForkJoinWorkerThread.java:165) ~[?:?]
Caused by: java.lang.RuntimeException: java.net.http.HttpConnectTimeoutException: HTTP connect timed out
	at dev.upcraft.datasync.content.StoredDataHolder.lambda$reload$0(StoredDataHolder.java:44) ~[ratatouille-1.0.9-1.20.1$datasync-minecraft-1.20.1-fabric-0.6.1_mapped_srg_1.20.1.jar%231519!/:0.6.1]
	at java.util.concurrent.CompletableFuture$AsyncSupply.run(CompletableFuture.java:1768) ~[?:?]
	... 6 more
Caused by: java.net.http.HttpConnectTimeoutException: HTTP connect timed out
	at jdk.internal.net.http.HttpClientImpl.send(HttpClientImpl.java:568) ~[java.net.http:?]
	at jdk.internal.net.http.HttpClientFacade.send(HttpClientFacade.java:123) ~[java.net.http:?]
	at dev.upcraft.datasync.web.HttpUtil.makeJsonRequest(HttpUtil.java:140) ~[ratatouille-1.0.9-1.20.1$datasync-minecraft-1.20.1-fabric-0.6.1_mapped_srg_1.20.1.jar%231519!/:0.6.1]
	at dev.upcraft.datasync.content.DataType.fetchRemote(DataType.java:89) ~[ratatouille-1.0.9-1.20.1$datasync-minecraft-1.20.1-fabric-0.6.1_mapped_srg_1.20.1.jar%231519!/:0.6.1]
	at dev.upcraft.datasync.content.StoredDataHolder.lambda$reload$0(StoredDataHolder.java:41) ~[ratatouille-1.0.9-1.20.1$datasync-minecraft-1.20.1-fabric-0.6.1_mapped_srg_1.20.1.jar%231519!/:0.6.1]
	at java.util.concurrent.CompletableFuture$AsyncSupply.run(CompletableFuture.java:1768) ~[?:?]
	... 6 more
Caused by: java.net.http.HttpConnectTimeoutException: HTTP connect timed out
	at jdk.internal.net.http.ResponseTimerEvent.handle(ResponseTimerEvent.java:68) ~[java.net.http:?]
	at jdk.internal.net.http.HttpClientImpl.purgeTimeoutsAndReturnNextDeadline(HttpClientImpl.java:1275) ~[java.net.http:?]
	at jdk.internal.net.http.HttpClientImpl$SelectorManager.run(HttpClientImpl.java:904) ~[java.net.http:?]
Caused by: java.net.ConnectException: HTTP connect timed out
	at jdk.internal.net.http.ResponseTimerEvent.handle(ResponseTimerEvent.java:69) ~[java.net.http:?]
	at jdk.internal.net.http.HttpClientImpl.purgeTimeoutsAndReturnNextDeadline(HttpClientImpl.java:1275) ~[java.net.http:?]
	at jdk.internal.net.http.HttpClientImpl$SelectorManager.run(HttpClientImpl.java:904) ~[java.net.http:?]
[01:00:00] [ftbbackups2_Worker-1/INFO]: Attempting to create an automatic backup
[01:00:00] [ftbbackups2_Worker-1/INFO]: Found world folder at C:\Users\Antoine\curseforge\minecraft\Instances\Servidor de Aventuras - Season 2\saves\New World (1)\.
[01:00:02] [ftbbackups2_Worker-1/INFO]: Last backup size: 43.7MB Current world size: 120.8MB Current Available space: 194.0GB ExpectedSize 45.9MB
[01:00:02] [ftbbackups2_Worker-1/INFO]: Setting world minecraft:overworld save state to true
[01:00:02] [ftbbackups2_Worker-1/INFO]: Setting world timelessprison:timeless_dimension save state to true
[01:00:02] [ftbbackups2_Worker-1/INFO]: Setting world mofus_better_end_:broken_constellation save state to true
[01:00:02] [ftbbackups2_Worker-1/INFO]: Setting world minecraft:the_nether save state to true
[01:00:02] [ftbbackups2_Worker-1/INFO]: Setting world minecells:promenade save state to true
[01:00:02] [ftbbackups2_Worker-1/INFO]: Setting world sras:amphoreus save state to true
[01:00:02] [ftbbackups2_Worker-1/INFO]: Setting world irons_spellbooks:pocket_dimension save state to true
[01:00:02] [ftbbackups2_Worker-1/INFO]: Setting world minecells:prison save state to true
[01:00:02] [ftbbackups2_Worker-1/INFO]: Setting world minecells:black_bridge save state to true
[01:00:02] [ftbbackups2_Worker-1/INFO]: Setting world roaring:dark_world save state to true
[01:00:02] [ftbbackups2_Worker-1/INFO]: Setting world minecells:insufferable_crypt save state to true
[01:00:02] [ftbbackups2_Worker-1/INFO]: Setting world rpg_style_more_bosses:second_dimention save state to true
[01:00:02] [ftbbackups2_Worker-1/INFO]: Setting world bossesunleashed:celestial_field save state to true
[01:00:02] [ftbbackups2_Worker-1/INFO]: Setting world minecraft:the_end save state to true
[01:00:02] [ftbbackups2_Worker-1/INFO]: Setting world minecraft_121_update:boss_room save state to true
[01:00:02] [ftbbackups2_Worker-1/INFO]: Setting world minecells:ramparts save state to true
[01:00:02] [ftbbackups2_Worker-1/INFO]: Setting world macabre:the_pit save state to true
[01:00:02] [ftbbackups2_Worker-1/INFO]: Setting world macabre:limbo save state to true
[01:00:02] [ftbbackups2_Worker-1/INFO]: Setting world sras:grand_theatre save state to true
[01:00:02] [ftbbackups2_Worker-1/INFO]: Writing to file C:\Users\Antoine\curseforge\minecraft\Instances\Servidor de Aventuras - Season 2\backups\backups.json
[01:00:02] [FTB Backups backup thread 0/INFO]: Waiting for world save to complete.
[01:00:02] [Render thread/INFO]: [System] [CHAT] Starting Server backup
[01:00:03] [FTB Backups backup thread 0/INFO]: Detected MC Version 1.20.1, Data version 3465
[01:00:03] [FTB Backups backup thread 0/INFO]: Save Name: New World
[01:00:04] [FTB Backups backup thread 0/WARN]: Found possible mod dimension with no region folder bossesunleashed:celestial_field
[01:00:04] [FTB Backups backup thread 0/WARN]: Found possible mod dimension with no region folder macabre:limbo
[01:00:04] [FTB Backups backup thread 0/WARN]: Found possible mod dimension with no region folder macabre:the_pit
[01:00:04] [FTB Backups backup thread 0/WARN]: Found possible mod dimension with no region folder minecells:black_bridge
[01:00:04] [FTB Backups backup thread 0/WARN]: Found possible mod dimension with no region folder minecells:insufferable_crypt
[01:00:04] [FTB Backups backup thread 0/WARN]: Found possible mod dimension with no region folder minecells:prison
[01:00:04] [FTB Backups backup thread 0/WARN]: Found possible mod dimension with no region folder minecells:promenade
[01:00:04] [FTB Backups backup thread 0/WARN]: Found possible mod dimension with no region folder minecells:ramparts
[01:00:04] [FTB Backups backup thread 0/WARN]: Found possible mod dimension with no region folder minecraft_121_update:boss_room
[01:00:04] [FTB Backups backup thread 0/WARN]: Found possible mod dimension with no region folder mofus_better_end_:broken_constellation
[01:00:04] [FTB Backups backup thread 0/WARN]: Found possible mod dimension with no region folder roaring:dark_world
[01:00:04] [FTB Backups backup thread 0/WARN]: Found possible mod dimension with no region folder rpg_style_more_bosses:second_dimention
[01:00:04] [FTB Backups backup thread 0/WARN]: Found possible mod dimension with no region folder sras:amphoreus
[01:00:04] [FTB Backups backup thread 0/WARN]: Found possible mod dimension with no region folder timelessprison:timeless_dimension
[01:00:06] [FTB Backups backup thread 0/INFO]: Backup preview created, Scan took 1599ms, Capture took 2066ms
[01:00:12] [FTB Backups backup thread 0/INFO]: Setting world minecraft:overworld save state to false
[01:00:12] [FTB Backups backup thread 0/INFO]: Setting world timelessprison:timeless_dimension save state to false
[01:00:12] [FTB Backups backup thread 0/INFO]: Setting world mofus_better_end_:broken_constellation save state to false
[01:00:12] [FTB Backups backup thread 0/INFO]: Setting world minecraft:the_nether save state to false
[01:00:12] [FTB Backups backup thread 0/INFO]: Setting world minecells:promenade save state to false
[01:00:12] [FTB Backups backup thread 0/INFO]: Setting world sras:amphoreus save state to false
[01:00:12] [FTB Backups backup thread 0/INFO]: Setting world irons_spellbooks:pocket_dimension save state to false
[01:00:12] [FTB Backups backup thread 0/INFO]: Setting world minecells:prison save state to false
[01:00:12] [FTB Backups backup thread 0/INFO]: Setting world minecells:black_bridge save state to false
[01:00:12] [FTB Backups backup thread 0/INFO]: Setting world roaring:dark_world save state to false
[01:00:12] [FTB Backups backup thread 0/INFO]: Setting world minecells:insufferable_crypt save state to false
[01:00:12] [FTB Backups backup thread 0/INFO]: Setting world rpg_style_more_bosses:second_dimention save state to false
[01:00:12] [FTB Backups backup thread 0/INFO]: Setting world bossesunleashed:celestial_field save state to false
[01:00:12] [FTB Backups backup thread 0/INFO]: Setting world minecraft:the_end save state to false
[01:00:12] [FTB Backups backup thread 0/INFO]: Setting world minecraft_121_update:boss_room save state to false
[01:00:12] [FTB Backups backup thread 0/INFO]: Setting world minecells:ramparts save state to false
[01:00:12] [FTB Backups backup thread 0/INFO]: Setting world macabre:the_pit save state to false
[01:00:12] [FTB Backups backup thread 0/INFO]: Setting world macabre:limbo save state to false
[01:00:12] [FTB Backups backup thread 0/INFO]: Setting world sras:grand_theatre save state to false
[01:00:12] [Render thread/INFO]: [System] [CHAT] Backup finished in 0m, 10s, 575ms
[01:00:12] [FTB Backups backup thread 0/INFO]: Backup size 43.7MB World Size 120.8MB
[01:00:12] [FTB Backups backup thread 0/INFO]: Writing to file C:\Users\Antoine\curseforge\minecraft\Instances\Servidor de Aventuras - Season 2\backups\backups.json
[01:00:12] [FTB Backups backup thread 0/INFO]: New backup created at C:\Users\Antoine\curseforge\minecraft\Instances\Servidor de Aventuras - Season 2\backups\2026-6-21_1-0-0.zip size: 43.7MB Took: 0m, 10s, 575ms Sha1: ec0c9b63e5c9e389521de442e99996c5f9729f77
[01:00:30] [FTB Backups scheduled executor 0/INFO]: More backups than 5 found, Removing oldest backup
[01:00:30] [FTB Backups scheduled executor 0/INFO]: Removed old backup 2026-6-20_21-30-0.zip
[01:00:30] [FTB Backups scheduled executor 0/INFO]: File missing, removing from backups C:\Users\Antoine\curseforge\minecraft\Instances\Servidor de Aventuras - Season 2\backups\2026-6-20_21-30-0.zip
[01:00:30] [FTB Backups scheduled executor 0/INFO]: Writing to file C:\Users\Antoine\curseforge\minecraft\Instances\Servidor de Aventuras - Season 2\backups\backups.json
[01:08:01] [Render thread/INFO]: Listing events...
[01:08:01] [Render thread/INFO]: World join: 2
[01:08:01] [Render thread/INFO]:   Singleplayer: 2
[01:08:01] [Render thread/INFO]:   Multiplayer: 0
[01:08:01] [Render thread/INFO]: Client Level Updates: 5
[01:08:01] [Render thread/INFO]: Client Player Logout: 3
[01:08:01] [Render thread/INFO]: Server Player Logout: 1
[01:08:01] [Render thread/INFO]: Server Stopped: 1
[01:08:01] [Render thread/INFO]: Listing memory leaks so far...
[01:08:01] [Render thread/INFO]: B: 5022MB / C: 5083MB / Diff: +61MB
[01:08:01] [Render thread/INFO]: Memory Leaks detected: (/atl force_refresh to update)
[01:08:01] [Render thread/INFO]: | Player:
[01:08:01] [Render thread/INFO]: |- ServerPlayer (minecraft): 1
[01:08:01] [Render thread/INFO]: |- LocalPlayer (minecraft): 1
[01:08:01] [Render thread/INFO]: | Level:
[01:08:01] [Render thread/INFO]: |- ServerLevel (minecraft): 19
[01:08:01] [Render thread/INFO]: |- ClientLevel (minecraft): 1
[01:08:01] [Render thread/INFO]: | MinecraftServer:
[01:08:01] [Render thread/INFO]: |- IntegratedServer (minecraft): 1
[01:08:01] [Render thread/INFO]: | ChunkAccess:
[01:08:01] [Render thread/INFO]: |- LevelChunk (minecraft): 42
[01:18:01] [Render thread/INFO]: Listing events...
[01:18:01] [Render thread/INFO]: World join: 2
[01:18:01] [Render thread/INFO]:   Singleplayer: 2
[01:18:01] [Render thread/INFO]:   Multiplayer: 0
[01:18:01] [Render thread/INFO]: Client Level Updates: 5
[01:18:01] [Render thread/INFO]: Client Player Logout: 3
[01:18:01] [Render thread/INFO]: Server Player Logout: 1
[01:18:01] [Render thread/INFO]: Server Stopped: 1
[01:18:01] [Render thread/INFO]: Listing memory leaks so far...
[01:18:01] [Render thread/INFO]: B: 5022MB / C: 5083MB / Diff: +61MB
[01:18:01] [Render thread/INFO]: Memory Leaks detected: (/atl force_refresh to update)
[01:18:01] [Render thread/INFO]: | Player:
[01:18:01] [Render thread/INFO]: |- ServerPlayer (minecraft): 1
[01:18:01] [Render thread/INFO]: |- LocalPlayer (minecraft): 1
[01:18:01] [Render thread/INFO]: | Level:
[01:18:01] [Render thread/INFO]: |- ServerLevel (minecraft): 19
[01:18:01] [Render thread/INFO]: |- ClientLevel (minecraft): 1
[01:18:01] [Render thread/INFO]: | MinecraftServer:
[01:18:01] [Render thread/INFO]: |- IntegratedServer (minecraft): 1
[01:18:01] [Render thread/INFO]: | ChunkAccess:
[01:18:01] [Render thread/INFO]: |- LevelChunk (minecraft): 42
